0.02,150.18545690982936,-29.933627135740178
0.020200000000000003,149.8156096514287,-26.461202399322055
0.0204,150.19079386142778,-22.74708019870169
0.0206,149.8103680066267,-19.248411526552562
0.020800000000000003,150.1945910894166,-15.559091548499888
0.021,149.8085951821443,-12.03645794568139
0.0212,150.1889443444943,-8.37135054540956
0.021400000000000002,149.8206318263887,-4.823871616806851
0.0216,150.1719608937832,-1.1829846446323606
0.0218,149.83695361453337,2.3868169616720945
0.022000000000000002,150.1542685958065,6.007625104320736
0.0222,149.85811659126304,9.59559266426247
0.0224,150.12938290240794,13.200201715040887
0.022600000000000002,149.88468284604946,16.802046738691455
0.0228,150.10079760574,20.39533193103499
0.023,149.91297607828236,24.005834841650312
0.023200000000000002,150.07417138065523,27.5929085743706
0.0234,149.9374351264533,31.2074150257612
0.0236,150.05082188609242,34.79245210915097
0.0238,149.96066010289593,38.40687496549498
0.024,150.02819705765054,41.99414859006176
0.024200000000000003,149.9830926032212,45.604066038772956
0.0244,150.00599687936213,49.19828546640088
0.0246,150.00317857595905,52.79910036283608
0.024800000000000003,149.9904248220132,56.40328524505404
0.025,150.01404561969176,59.99447656151728
0.0252,149.98126978528094,63.6083148311904
0.025400000000000002,150.02300752379622,67.1882571171453
0.0256,149.97368119383034,70.81522648431941
0.0258,150.02771131017818,74.38125834572668
0.026000000000000002,149.97090323027496,78.0225194388393
0.0262,150.02858939172435,81.57320581686149
0.0264,149.9724437110194,85.23044962192246
0.026600000000000002,150.02369781646536,88.76593887709504
0.0268,149.97953184971655,92.43711598818368
0.027,150.01399090588953,95.96000159457692
0.027200000000000002,149.9909411138904,99.64201818182367
0.0274,150.00069004223784,103.15658487509324
0.027600000000000003,150.00501547033474,106.84404098035316
0.027800000000000002,149.98587596899085,110.35517199696892
0.028,150.02021926139622,114.04530557906317
0.028200000000000003,149.9704743230633,117.55511107118073
0.0284,150.03513578633434,121.24424363953298
0.0286,149.95549616552108,124.7563896018359
0.028800000000000003,150.05112288487365,128.44380750835492
0.029,149.93781134522305,131.9562728665644
0.0292,150.0693100464319,135.64371195863885
0.029400000000000003,149.920381025202,139.15777492363318
0.0296,150.08427877486514,142.84058548952976
0.0298,149.90977329647444,146.36304316711295
0.030000000000000002,150.0894980530752,150.03335933892828
0.0302,149.91048309951267,153.57149555545442
0.0304,150.08640982507495,157.22491446461106
0.030600000000000002,149.9147667121289,160.77912330949056
0.0308,150.08113066673855,164.41773492420683
0.031,149.92360589043093,167.98609214029122
0.031200000000000002,150.0692439947235,171.61094744564676
0.031400000000000004,149.93644570603922,175.19194437242143
0.0316,150.05688553305473,178.80590433953606
0.0318,149.9504557897659,-177.60373596601383
0.032,150.04136017208157,-173.99781563350595
0.0322,149.9685688965066,-170.40081121069298
0.0324,150.0196269913063,-166.79997281112654
0.032600000000000004,149.9937463837942,-163.19979405946896
0.0328,149.99295724998186,-159.59976902956865
0.033,150.02050595209386,-156.00129137712173
0.0332,149.96506233049934,-152.396806464983
0.0334,150.04905247384045,-148.80565680792537
0.033600000000000005,149.9379344382392,-145.19090934281445
0.033800000000000004,150.07365512809935,-141.6125155735244
0.034,149.91709826129178,-137.9828884899009
0.0342,150.0911455206457,-134.42101150184413
0.0344,149.9052605593389,-130.7739407508412
0.0346,150.09765366574976,-127.22942183449608
0.034800000000000005,149.90379178985012,-123.56566314949116
0.035,150.0969729143617,-120.03756096541223
0.0352,149.907607182237,-116.35743342051535
0.0354,150.09084714304507,-112.84531157899451
0.0356,149.91760918892285,-109.15039774401069
0.0358,150.07871925216054,-105.65150999551777
0.036000000000000004,149.93258488112932,-101.94515557275977
0.0362,150.0628616340426,-98.45628447407977
0.0364,149.94977920331,-94.74069222479572
0.0366,150.04545654583862,-91.26078337945663
0.0368,149.96857959833713,-87.53641215054753
0.037000000000000005,150.02624771599798,-84.06490824017871
0.037200000000000004,149.9896295249603,-80.33397493874905
0.0374,150.00469796083289,-76.8654727830899
0.0376,150.0112002633475,-73.1350514351765
0.0378,149.9834847513199,-69.66389603467655
0.038,150.03178400135928,-65.93730608668419
0.038200000000000005,149.96316541752824,-62.461764644251346
0.038400000000000004,150.05160097671975,-58.73991703454264
0.0386,149.94359252784815,-55.25912675254183
0.0388,150.07007669146805,-51.54357299217698
0.039,149.92638595572075,-48.05462663132584
0.0392,150.0856413875375,-44.34878232977601
0.039400000000000004,149.91269312189547,-40.84854314888791
0.0396,150.09612358013123,-37.15581694541445
0.0398,149.90099232329183,-33.642489015178455
0.04,150.10922420882466,-29.96097974514281
0.0402,149.88774098800275,-26.43745171452256
0.040400000000000005,150.1203634538573,-22.76675353866497
0.040600000000000004,149.87832379753183,-19.231256696391423
0.0408,150.12754333320123,-15.573349230095374
0.041,149.87163033116465,-12.024679229740151
0.0412,150.13411381554022,-8.379823298300671
0.0414,149.8639878310546,-4.8184310401802
0.041600000000000005,150.14034104978273,-1.186353470143436
0.041800000000000004,149.86082771400777,2.3884078174469034
0.042,150.1383133176868,6.006570497680002
0.0422,149.86436982437522,9.595397040598906
0.0424,150.13394121700537,13.199927176309357
0.0426,149.86854736172165,16.801874462925834
0.042800000000000005,150.12953905107696,20.393699107559065
0.043000000000000003,149.87305875712852,24.007987389356774
0.0432,150.12332299595948,27.587866555938778
0.0434,149.87965975189638,31.213672853643416
0.0436,150.1155299173133,34.78249789709397
0.0438,149.88809534705848,38.41883504042575
0.044000000000000004,150.10640700498845,41.97764090341506
0.0442,149.8963202771279,45.62376594642314
0.0444,150.09941146324735,49.1724074898166
0.0446,149.90130520657308,52.82957682484365
0.0448,150.0921477149826,56.366871638995725
0.045000000000000005,149.91153670692677,60.03417218705564
0.045200000000000004,150.08045328364176,63.56276702906623
0.0454,149.92330089763226,67.23820008506522
0.0456,150.06759512234518,70.75919757602057
0.0458,149.93638875332545,74.44158596978889
0.046,150.05373785012998,77.95621057561071
0.046200000000000005,149.9505662684144,81.64426627435301
0.046400000000000004,150.0384055532028,85.15457528049421
0.0466,149.96672306649504,88.84473085161564
0.0468,150.02183245029323,92.35589769105708
0.047,149.9833657678068,96.0420852702335
0.0472,150.00646153415593,99.56022216020784
0.047400000000000005,149.99792081475638,103.23635825915741
0.0476,149.99466688863876,106.76733631067032
0.0478,150.0080146602154,110.42861474474597
0.048,149.98782129811647,113.97528629238846
0.0482,150.01307401633005,117.62084740588392
0.048400000000000006,149.9856221267509,121.18286107335602
0.048600000000000004,150.01412975351366,124.81423878665413
0.0488,149.98577064115256,128.38828054586475
0.049,150.01265462294882,132.0090234147519
0.0492,149.99032082637973,135.59414646502597
0.0494,150.00539666519546,139.20282914098587
0.049600000000000005,149.99969538775775,142.7999421610646
0.049800000000000004,149.99417267926117,146.39749445124525
0.05,150.0137876380283,150.00519529019536
0.0502,149.97659565834715,153.5923924513976
0.0504,150.03230293643895,157.2093686282838
0.0506,149.9577332843841,160.78954662844194
0.050800000000000005,150.05273790716075,164.41168999459086
0.051000000000000004,149.93561185171046,167.98827364982847
0.0512,150.07387318964862,171.6119873866414
0.0514,149.91700052168287,175.1896434536255
0.0516,150.0886390716066,178.80962716773598
0.051800000000000006,149.903664143338,-177.60701882394915
0.052000000000000005,150.10323539948885,-173.99389893113494
0.0522,149.8887774550265,-170.40257596055196
0.0524,150.11691889642702,-166.7986791518795
0.0526,149.87711755901094,-163.19684140656335
0.0528,150.1269243328596,-159.60459897878505
0.053000000000000005,149.8714085912151,-155.99030919337974
0.053200000000000004,150.12871956139068,-152.41097830386764
0.0534,149.8737708803008,-148.7839534436093
0.0536,150.12430105517157,-145.21707357312113
0.0538,149.88186828771373,-141.57835452105024
0.054,150.11413695651777,-138.02221800774288
0.054200000000000005,149.89489663641498,-134.37411600823665
0.054400000000000004,150.09914711381307,-130.82580890220322
0.0546,149.91166544062122,-127.1717338976089
0.0548,150.08221705710696,-123.62783056105124
0.055,149.92799970610366,-119.97042492993045
0.055200000000000006,150.06711160840268,-116.42927193620741
0.055400000000000005,149.94231694147066,-112.7694135297656
0.055600000000000004,150.05255173381,-109.22983078527176
0.0558,149.9567774102588,-105.56975624922708
0.056,150.0380180183293,-102.02895105748172
0.0562,149.97050311947504,-98.37142085643002
0.056400000000000006,150.02520665230028,-94.82738836736486
0.056600000000000004,149.98225414312765,-91.17354778360826
0.0568,150.01375989791464,-87.62461332988273
0.057,149.99250317768187,-83.97743988356437
0.0572,150.00406644125482,-80.41927197428508
0.0574,149.9999220163291,-76.78443328229832
0.057600000000000005,149.998428796928,-73.21238196968186
0.057800000000000004,150.00309550777155,-69.5903433974437
0.058,149.99682635201418,-66.00662574129485
0.0582,150.0024597864177,-62.39633890382845
0.0584,149.99915604471116,-58.800869355084025
0.058600000000000006,149.99808181424984,-55.20206043737555
0.058800000000000005,150.00608445897336,-51.59478323591235
0.059000000000000004,149.98840269616116,-48.00851769817823
0.0592,150.0190600002948,-44.38824024152331
0.0594,149.9727481706806,-40.81510283594625
0.0596,150.0374153962237,-37.18257053237981
0.059800000000000006,149.9547827900887,-33.61940589227419
0.060000000000000005,150.0546706786203,-29.980401499251847
0.060200000000000004,149.93921435509318,-26.42035674471688
0.0604,150.07124552750133,-22.78034337805366
0.0606,149.9236141027244,-19.219773356895587
0.0608,150.0839123367017,-15.582590911358794
0.061000000000000006,149.91252008500584,-12.017027114582726
0.061200000000000004,150.09479973450235,-8.385933030492012
0.0614,149.9017898728263,-4.813564940870982
0.0616,150.10326353852247,-1.1902104961979054
0.0618,149.89567231911212,2.3910121760131053
0.062,150.1087745216216,6.004888925657401
0.062200000000000005,149.8908428813846,9.595965563867805
0.062400000000000004,150.10898983119299,13.199619262589946
0.0626,149.89345444063244,16.801214714043873
0.06280000000000001,150.10389391202582,20.394638695211928
0.063,149.89949038920534,24.00605454885831
0.0632,150.0958076940156,27.5902976621339
0.0634,149.9085809041589,31.210169053033713
0.0636,150.08524342336577,34.78685627990574
0.06380000000000001,149.9182814550315,38.4135562874074
0.064,150.07633634530387,41.983748503877244
0.06420000000000001,149.92652339707095,45.61666358605317
0.0644,150.06733886170446,49.18109649409831
0.0646,149.93663877203866,52.818884547499984
0.0648,150.05700674492172,56.37937306345309
0.065,149.9465130673934,60.02058282718914
0.06520000000000001,150.04718034183148,63.57806060519845
0.0654,149.95470307200202,67.22244747948344
0.0656,150.0399926168652,70.77573438803243
0.0658,149.96190438879563,74.42476001129029
0.066,150.03151664556358,77.97413262256916
0.06620000000000001,149.97126826157512,81.62559640545943
0.0664,150.0217466254035,85.17409214138866
0.0666,149.98088639087385,88.82548810572892
0.0668,150.01265864079517,92.37419596483223
0.067,149.9894659776844,96.02594142620937
0.06720000000000001,150.0041018051992,99.57359964094942
0.0674,149.99805383400295,103.2262920791931
0.06760000000000001,149.99542702721766,106.77380500589078
0.0678,150.00660691837993,110.42578609735018
0.068,149.98716022814287,113.97479728771425
0.0682,150.01456792185041,117.62445245460883
0.0684,149.97979913127844,121.17651184354224
0.06860000000000001,150.02141324487542,124.82237187086778
0.0688,149.97461336727363,128.37954098319003
0.069,150.02574515907668,132.0190071848261
0.0692,149.97154364656163,135.58293502620913
0.0694,150.02772748647746,139.21530361180612
0.06960000000000001,149.97200351531404,142.78708561278023
0.0698,150.02456232499418,146.41035225159197
0.07,149.97945959795337,149.99262074197986
0.0702,150.01511557126486,153.6048802372561
0.0704,149.99175585005028,157.19774532334978
0.07060000000000001,150.0005776477324,160.800084830111
0.0708,150.00514843986548,164.40115078772664
0.07100000000000001,149.98863271340542,167.99785143374078
0.0712,150.02017466968468,171.6032783402835
0.0714,149.96978573279708,175.1961366120319
0.0716,150.03982979021993,178.80434585381343
0.0718,149.95029129326414,-177.60365330703436
0.07200000000000001,150.05747304320198,-173.99655867006842
0.0722,149.93345110748368,-170.40151310110485
0.0724,150.07588489016732,-166.79898397528783
0.0726,149.9144718285468,-163.19763300476268
0.0728,150.094030231905,-159.60308412574776
0.07300000000000001,149.89857824175692,-155.99199279991433
0.0732,150.1088802698387,-152.4087092655625
0.0734,149.88683440210445,-148.78495660250184
0.0736,150.1195538344217,-145.21551582414386
0.0738,149.88001941353718,-141.57698069553
0.07400000000000001,150.1254090902597,-138.0230888636217
0.0742,149.8802379265812,-134.36902219542677
0.07440000000000001,150.12266864678304,-130.83020291391375
0.0746,149.8869502766512,-127.1618824244155
0.0748,150.11689585137287,-123.637289974425
0.075,149.8980854188205,-119.95558906135118
0.0752,150.10373618652372,-116.44256620290835
0.07540000000000001,149.9149130857695,-112.75187801542931
0.0756,150.08622834439305,-109.24584506696567
0.0758,149.93346095374247,-105.54988862547754
0.076,150.069136695574,-102.04864869197341
0.0762,149.95083862819035,-98.34751002701056
0.07640000000000001,150.05218194003365,-94.85112392364144
0.0766,149.96876102673295,-91.14608780218222
0.07680000000000001,150.0352345035878,-87.65335119821053
0.077,149.98665897511245,-83.94408960454523
0.0772,150.0182468826522,-80.4561187372162
0.07740000000000001,150.00569982627118,-76.74153124290704
0.0776,150.00000390245745,-73.25866777798021
0.07780000000000001,150.0253985941277,-69.5416024154518
0.078,149.9809077972839,-66.05788540661884
0.0782,150.04425013817465,-62.34349519018618
0.0784,149.96205456345632,-58.85677114990042
0.0786,150.06302934042333,-55.14571384301615
0.07880000000000001,149.94375625948229,-51.65457522583112
0.079,150.0807929792417,-47.94895721983206
0.0792,149.92487239284762,-44.452734069291566
0.0794,150.09988312175034,-40.75203343758024
0.0796,149.90762516484688,-37.249081726543935
0.07980000000000001,150.1132806973543,-33.557791781320674
0.08,149.89574198611092,-30.042702702820247
0.08020000000000001,150.11912325078632,-26.365451118168235
0.0804,149.88981306347486,-22.83486108723206
0.0806,150.1197920554359,-19.173386420164586
0.08080000000000001,149.88917838688027,-15.626669535207157
0.081,150.11716976955285,-11.980818399360674
0.08120000000000001,149.88868304545014,-8.419723664901056
0.0814,150.11570629313638,-4.787227858326906
0.0816,149.89088854520375,-1.2131507196876508
0.0818,150.10815147852392,2.4066209503559093
0.082,149.89927422935986,5.993171313797008
0.08220000000000001,150.09485885408048,9.601362775120476
0.0824,149.91553326652442,13.198616624527709
0.0826,150.0746147760824,16.79767448115627
0.0828,149.93486480341966,20.40224086438623
0.083,150.05654683245513,23.995602672576123
0.08320000000000001,149.9521013063292,27.60413708868322
0.0834,150.0376529305221,31.195206209163345
0.08360000000000001,149.97382713096692,34.80376777865052
0.0838,150.01546637942798,38.39719674317087
0.084,149.99269945840462,42.00153060008651
0.08420000000000001,150.00024162972892,45.59988680461519
0.0844,150.00621222893307,49.19836733812492
0.08460000000000001,149.98873485723684,52.8033853745223
0.0848,150.0141996252881,56.39498630773192
0.085,149.98257291290165,60.006717565672304
0.0852,150.01975187007582,63.59092286655063
0.0854,149.97881449074632,67.21050686653236
0.08560000000000001,150.01920112157364,70.78837114750227
0.0858,149.98172140795958,74.4119003277468
0.08600000000000001,150.01546591498177,77.98734167447793
0.0862,149.9854340046513,81.6129575770669
0.0864,150.01181208293912,85.18595286069305
0.08660000000000001,149.98854131950253,88.81506861606996
0.0868,150.00801049655192,92.38342680141163
0.08700000000000001,149.9926161185499,96.01754860188306
0.0872,150.0026495160171,99.58132533133846
0.0874,149.99814866469092,103.21954782756376
0.0876,149.99592671727245,106.77901490735175
0.0878,150.00503594092686,110.42245934596875
0.08800000000000001,149.98735516903852,113.97666465435437
0.0882,150.0132572335247,117.62385474995875
0.0884,149.97891030115184,121.17662762592191
0.0886,150.0209337945253,124.82296386135543
0.0888,149.97170601499127,128.37804084142837
0.08900000000000001,150.0285825674691,132.02205859598894
0.0892,149.96333779923881,135.5788192702896
0.08940000000000001,150.0374967570541,139.22172534712567
0.0896,149.9543362998802,142.77980256512694
0.0898,150.04591345197744,146.42053651320336
0.09000000000000001,149.94474163356617,149.98107679173822
0.0902,150.05612378511273,153.61962240052821
0.09040000000000001,149.93453882653696,157.1828135824649
0.0906,150.06694546201933,160.818232811965
0.0908,149.92392098585515,164.38514729068865
0.091,150.07650189830082,168.0158388049213
0.0912,149.9151337073031,171.58839637143117
0.09140000000000001,150.084185317433,175.2125837514548
0.0916,149.91069847966457,178.7925024108619
0.0918,150.08760384503253,-177.59152981016638
0.092,149.90904612306093,-174.00313913804212
0.0922,150.09016904650153,-170.39572939012973
0.09240000000000001,149.90824417106847,-166.79871354431575
0.0926,150.08988239618142,-163.20008423408646
0.09280000000000001,149.91029069068867,-159.59439232767457
0.093,150.0887093811588,-156.00435609851007
0.0932,149.91506891191574,-152.3903978070727
0.09340000000000001,150.08282260492783,-148.80824854891955
0.0936,149.92405506647626,-145.1873386852875
0.09380000000000001,150.07077787598536,-141.61099034560573
0.094,149.9397885336579,-137.9864830259279
0.0942,150.0520359355612,-134.41143222288062
0.0944,149.9603430534484,-130.78854233690143
0.0946,150.03217885076643,-127.2095051503334
0.09480000000000001,149.9762538344505,-123.59129798723411
0.095,150.01572114633657,-120.00617980825957
0.0952,149.99266675267333,-116.39656044452295
0.0954,149.999842055161,-112.80005356228209
0.0956,150.00663591491505,-109.20371711897418
0.09580000000000001,149.98997798850297,-105.59312874298189
0.096,150.01221674929516,-102.00915084580488
0.09620000000000001,149.9880129667801,-98.38827993659316
0.0964,150.0136932368194,-94.81417326919532
0.0966,149.98899517419343,-91.18261345685553
0.09680000000000001,150.01251555521452,-87.61987138468596
0.097,149.99370412846991,-83.9764254929809
0.09720000000000001,150.00854543441952,-80.42673663364837
0.0974,150.00294112987706,-76.76933700399417
0.0976,150.00064204601807,-73.23372196968621
0.0978,150.01691162651733,-69.56336615579558
0.098,149.98883548147157,-66.03895799699633
0.09820000000000001,150.0331380773823,-62.36037348249965
0.0984,149.97479667414154,-58.84142134449416
0.09860000000000001,150.04983638598355,-55.15968221333615
0.0988,149.9596069866263,-51.642463862661785
0.099,150.0664456163226,-47.96058667920993
0.09920000000000001,149.94486489557494,-44.44130761984631
0.0994,150.08041892523127,-40.763540532212424
0.09960000000000001,149.93032244851352,-37.239428763443875
0.0998,150.09515356825588,-33.566740850875945
0.1,149.9150648871716,-30.037396119522423
0.10020000000000001,150.1107894535996,-26.37042534873912
0.1004,149.89889730679545,-22.835032906882923
0.10060000000000001,150.12724773291018,-19.174858924234297
0.1008,149.88322979143098,-15.631628149126925
0.101,150.14027581559566,-11.980670894990658
0.1012,149.87020069989399,-8.426787572990419
0.1014,150.14708453033163,-4.787571098322121
0.10160000000000001,149.86407382046715,-1.2201061384717338
0.1018,150.14514391939858,2.4052209214628375
0.10200000000000001,149.8642226269261,5.987263159181024
0.1022,150.1406136729557,9.598433466512802
0.1024,149.86534323669866,13.194150923458226
0.10260000000000001,150.1338024321825,16.79215276689926
0.1028,149.87285822438835,20.40087974781264
0.10300000000000001,150.11941646345662,23.987340510337653
0.1032,149.88449505527893,27.606682013417075
0.1034,150.10596290948436,31.183346398913876
0.10360000000000001,149.8957665771251,34.81150265648186
0.1038,150.0920169833548,38.38032363768862
0.10400000000000001,149.9117649699878,42.01489397570944
0.1042,150.0734903551498,45.5797225534041
0.1044,149.9293949420395,49.216590458217865
0.1046,150.05638889906172,52.78027432777712
0.1048,149.94918230439737,56.41606032748814
0.10500000000000001,150.03753989610811,59.983583286325
0.1052,149.96771355840738,63.613518418687526
0.10540000000000001,150.0220728747515,67.18780464861273
0.1056,149.98371150180415,70.80915836748053
0.1058,150.0094425788786,74.39326115802739
0.10600000000000001,149.9959514825417,78.00328235329843
0.1062,149.99864123018764,81.60104968962249
0.10640000000000001,150.00453823274137,85.19485004670315
0.1066,149.9931314180885,88.80876329078693
0.1068,150.00592614577315,92.38728149534583
0.10700000000000001,149.99251023590745,96.01592491021151
0.1072,150.0017012322266,99.58055702195071
0.10740000000000001,149.99622318019672,103.22211459254186
0.1076,149.9930600206515,106.77521273990186
0.1078,150.00354867878949,110.42621807206436
0.108,149.98273696124684,113.97308414157517
0.1082,150.01269383782906,117.6280059751302
0.10840000000000001,149.9713652277904,121.17199140424074
0.1086,150.02314262459876,124.82959037374826
0.10880000000000001,149.95852392337378,128.37136340934444
0.109,150.0349227820642,132.03082872297887
0.1092,149.9443312626849,135.57139306600516
0.10940000000000001,150.0479593875262,139.23157186145886
0.1096,149.9290564732255,142.77226798011048
0.10980000000000001,150.0611041647152,146.4310210132582
0.11,149.9182184055155,149.97540876708888
0.1102,150.07109434223148,153.62807489842706
0.11040000000000001,149.909853843328,157.17940705356503
0.1106,150.07898790848745,160.82420367514337
0.11080000000000001,149.90823377920188,164.38451242823328
0.111,150.08108736487821,168.01878797474353
0.11120000000000001,149.91002144059038,171.58953754428654
0.1114,150.08132187345848,175.21366963471516
0.1116,149.9150216383869,178.79422615070854
0.11180000000000001,150.07822353422088,-177.59131538419447
0.112,149.9208864591176,-174.0017009960902
0.11220000000000001,150.07385693486316,-170.39569278457114
0.1124,149.92720178064937,-166.7982184262041
0.1126,150.06870121270197,-163.19946100664552
0.11280000000000001,149.9355847676403,-159.595434185616
0.113,150.05926213865868,-156.0025972802181
0.11320000000000001,149.94739572991872,-152.39379829890495
0.1134,150.04611189078244,-148.80455792560818
0.1136,149.9617533671944,-145.19362249270407
0.11380000000000001,150.03404622976672,-141.60533379312022
0.114,149.97079297733328,-137.9934870681237
0.11420000000000001,150.02714346865724,-134.40593336449467
0.1144,149.97657986848938,-130.79320485398677
0.11460000000000001,150.02166692214212,-127.206286603409
0.1148,149.98240104287865,-123.59346235036992
0.115,150.01616031597797,-120.00609066763782
0.11520000000000001,149.98535941298113,-116.39304999333262
0.1154,150.0160603176581,-112.80769903404094
0.11560000000000001,149.98452352039462,-109.19025513548327
0.1158,150.01701085092253,-105.61051279514362
0.116,149.98642192603106,-101.98815747562315
0.11620000000000001,150.0143800309141,-98.41195855675193
0.1164,149.99008240535295,-94.78704716623224
0.11660000000000001,150.0109004379286,-91.21310435413803
0.1168,149.99406823424684,-87.58555008149739
0.117,150.007696232977,-84.01534887794834
0.11720000000000001,149.99904754330703,-80.38216148938797
0.1174,150.00422324482142,-76.82018916607454
0.11760000000000001,150.00745898151354,-73.17709062340062
0.1178,149.9979208973418,-69.62450449874758
0.11800000000000001,150.01729507956523,-65.97520687897304
0.1182,149.98975178715008,-62.42510168061764
0.1184,150.0261146618968,-58.77566757903294
0.11860000000000001,149.98139467574038,-55.22489841728803
0.1188,150.0332043106994,-51.577584483998145
0.11900000000000001,149.97458549803832,-48.02248420062031
0.1192,150.03738897885975,-44.3806565676342
0.1194,149.96952420308395,-40.8194887765793
0.11960000000000001,150.03942863470525,-37.18401997060567
0.1198,149.96656707477942,-33.61609943676447
0.12000000000000001,150.04082872485577,-29.98699928298005
0.1202,149.96330702012344,-26.413648816505415
0.12040000000000001,150.0437822037592,-22.78926684022798
0.1206,149.95876132725468,-19.211934000092644
0.1208,150.04705291378505,-15.59146506767235
0.12100000000000001,149.95545104740674,-12.0098231866715
0.1212,150.04878286801505,-8.393883295360846
0.12140000000000001,149.95534407787054,-4.807083128848559
0.1216,150.0448794722896,-1.1965660202198047
0.1218,149.9607571612459,2.396068444493673
0.12200000000000001,150.03735248759415,6.001196596646584
0.1222,149.96615632369958,9.598409988476133
0.12240000000000001,150.0306067204212,13.19960513246227
0.1226,149.97493939489857,16.800176172752078
0.1228,150.01707292843597,20.39903689206378
0.12300000000000001,149.99051077469997,24.000630606305776
0.1232,150.003559250052,27.599626430967913
0.12340000000000001,150.0019873054463,31.199798390306523
0.1236,149.9925678525914,34.801008372633056
0.12380000000000001,150.01244338556765,38.39775359820947
0.124,149.98085309955744,42.00354215282424
0.1242,150.0242898531836,45.593725433965105
0.12440000000000001,149.96928021750796,49.207301299780724
0.1246,150.03267648964118,52.7884835161046
0.12480000000000001,149.95854821108733,56.41220577415186
0.125,150.03790884134133,59.98178718320329
0.1252,149.9525724292043,63.61727479612059
0.1254,150.0363281494009,67.17609024593676
0.12560000000000002,149.9526621080924,70.82159470162375
0.1258,150.0291940237919,74.3729240367676
0.126,149.95919588117098,78.02405678047762
0.1262,150.02011575352674,81.5713116523255
0.1264,149.9672600769044,85.22585036456958
0.12660000000000002,150.01036074797761,88.77138561994398
0.1268,149.97715073540994,92.42618595136354
0.127,150.00112126782537,95.97237913599807
0.1272,149.9870822860655,99.62558389340694
0.1274,149.99294904073875,103.17420948324256
0.12760000000000002,149.99602077868673,106.8247900346412
0.1278,149.98559067735331,110.37602604022976
0.128,150.00439655798053,114.02242110778172
0.1282,149.98147066515133,117.57986397469307
0.12840000000000001,150.01084771047326,121.21934173789295
0.12860000000000002,149.97780129581005,124.78267031611459
0.1288,150.01603364827304,128.41717509753784
0.129,149.97360576455674,131.98451173520343
0.1292,150.02183342058308,135.61665701399193
0.12940000000000002,149.9664312246135,139.18506275899227
0.1296,150.02815143954578,142.81621670984524
0.1298,149.96305302492954,146.38721660386432
0.13,150.0306158184026,150.01337546845338
0.1302,149.96300303053826,153.58995970693925
0.13040000000000002,150.03248687154283,157.2109322385181
0.1306,149.96287811384795,160.79231831435607
0.1308,150.03272463745074,164.4083668760025
0.131,149.96430178774108,167.99459395761585
0.1312,150.03295713911305,171.6062472998621
0.13140000000000002,149.9651683322198,175.1965297222126
0.1316,150.03180377806976,178.8041502468081
0.1318,149.96726266179618,-177.60169974445049
0.132,150.0312110184911,-173.99756836349184
0.1322,149.96842417105375,-170.4001385429049
0.13240000000000002,150.0295060642865,-166.79920010770533
0.1326,149.97255085699595,-163.19886463477948
0.1328,150.02481932439838,-159.60060784409671
0.133,149.97736273150775,-155.99802324061548
0.1332,150.02131682274222,-152.40160701392645
0.13340000000000002,149.98072624905345,-148.79734836212202
0.1336,150.0172445856347,-145.20224601848938
0.1338,149.98620387601727,-141.59736745048411
0.134,150.01109729114765,-138.00213802053133
0.1342,149.99151016403644,-134.39788470060776
0.13440000000000002,150.005230149433,-130.80141206275243
0.1346,149.99792749455426,-127.19933793239072
0.1348,150.00016824538457,-123.60008180066578
0.135,150.00050507678358,-120.00020675625
0.13520000000000001,150.00008303742345,-116.40002907131452
0.13540000000000002,149.9988766542243,-112.79944533831299
0.1356,150.00219738342284,-109.2012447636998
0.1358,149.99688651947287,-105.5978666318259
0.136,150.00446002090996,-102.0032751484846
0.13620000000000002,149.99542370814345,-98.39540365221768
0.1364,150.00540853436914,-94.80542873557462
0.1366,149.99616619301318,-91.19361246911586
0.1368,150.00449432643939,-87.60685777165179
0.137,149.99807845451429,-83.9919400599944
0.13720000000000002,150.0035250790337,-80.40962955237424
0.1374,150.00182830544824,-76.78820432078903
0.1376,150.00108514165566,-73.21293026666693
0.1378,150.00720020541075,-69.58646331683798
0.138,149.99681835153223,-66.0136469135346
0.13820000000000002,150.01189164434632,-62.3866949947808
0.1384,149.9922603982789,-58.813945708757345
0.1386,150.0173140250657,-55.18669946188124
0.1388,149.98756641206893,-51.61378407333658
0.139,150.0212590289171,-47.98780839666385
0.13920000000000002,149.9837721290482,-44.41248224154117
0.1394,150.02287174316862,-40.789780027577635
0.1396,149.98186133884735,-37.210203234634136
0.1398,150.0231159784585,-33.59182274659728
0.14,149.97920872701704,-30.009029913202436
0.14020000000000002,150.02722730887172,-26.392634537747636
0.1404,149.97466420494982,-22.808688617976475
0.1406,150.0325469782368,-19.19351173658787
0.1408,149.96902197320503,-15.608407366909956
0.14100000000000001,150.03714868113215,-11.994895099897581
0.14120000000000002,149.9669439431226,-8.406743570086853
0.1414,150.03467784762535,-4.796933025975398
0.1416,149.97124494890483,-1.203950186553256
0.1418,150.02490468186744,2.4012147803276087
0.14200000000000002,149.98114491405215,5.9986297318582436
0.1422,150.01423165748315,9.600155956928504
0.1424,149.99262641037288,13.19995185314022
0.1426,149.99915862132167,16.799962158428176
0.1428,150.01060611183777,20.399479160835604
0.14300000000000002,149.9784602678993,24.00087159996909
0.1432,150.03096601021824,27.59596306678494
0.1434,149.95901837078108,31.202792995121282
0.1436,150.0453723850105,34.79018577384608
0.1438,149.94340856259487,38.40556614919838
0.14400000000000002,150.05269932670168,41.98327513945004
0.1442,149.93204580161026,45.60903680573552
0.1444,150.05306929644155,49.17633159447342
0.1446,149.9233822660592,52.81308282152517
0.1448,150.04854223541182,56.36881243393782
0.14500000000000002,149.91782317912757,60.01757525255782
0.1452,150.0381881054039,63.56348191434514
0.1454,149.9203410098967,67.22174290259441
0.1456,150.02531764880197,70.76154087215241
0.1458,149.9302571950216,74.42485558865155
0.14600000000000002,150.01324554706318,77.963027431654
0.1462,149.94635578707252,81.62595117637795
0.1464,150.0042157209876,85.16779559445187
0.1466,149.9650809855146,88.8244106260939
0.1468,149.99796856534098,92.37345749591165
0.14700000000000002,149.97972095748452,96.02200483067634
0.1472,149.99277229226038,99.57757910888151
0.1474,149.98985386156866,103.22009066748632
0.1476,149.98768859496727,106.78004271769204
0.14780000000000001,149.9970681160257,110.41932520190129
0.14800000000000002,149.98232739835026,113.98159315064335
0.1482,150.00348805158308,117.61861316770717
0.1484,149.97704454029798,121.18296358906436
0.1486,150.00943362773242,124.81802839461791
0.14880000000000002,149.97152558475014,128.3842068836793
0.149,150.01544563599066,132.0183191632557
0.1492,149.9622765882731,135.58450857937459
0.1494,150.02245697150747,139.21937063531016
0.1496,149.95348805072,142.78571696365816
0.14980000000000002,150.0293227648293,146.41904284389994
0.15,149.94771126571402,149.98794071384106
0.1502,150.03585327335,153.61806733088432
0.1504,149.94166786742483,157.19043470823163
0.1506,150.04263128281153,160.81705551491788
0.15080000000000002,149.93745875891545,164.39337600692627
0.151,150.04759035180882,168.01484008804684
0.1512,149.93727460500597,171.59645566056727
0.1514,150.04984612701688,175.21167595992281
0.1516,149.94102367862544,178.7992108982754
0.15180000000000002,150.05005854449945,-177.59162995589574
0.152,149.94453972208117,-173.99829732533075
0.1522,150.04976844538302,-170.39456880885686
0.1524,149.94955169281047,-166.7962440823525
0.1526,150.0458485145408,-163.1976611174556
0.15280000000000002,149.95752664002742,-159.59510765405923
0.153,150.03998032359448,-156.00023576959134
0.1532,149.96269381329682,-152.39391054610437
0.1534,150.04013034472675,-148.80208405399836
0.15360000000000001,149.9623218954139,-145.1912599321832
0.15380000000000002,150.04274027057988,-141.60406564644236
0.154,149.96372145996077,-137.98865143747432
0.1542,150.04398162314985,-134.40621910458407
0.1544,149.9657018485207,-130.78562370653032
0.15460000000000002,150.04368226228925,-127.20846730343118
0.15480000000000002,149.97030091929665,-123.58360544350228
0.155,150.04367269483942,-120.01087514960305
0.1552,149.97505880182553,-116.3806234025709
0.1554,150.0419594921192,-112.81324612488167
0.15560000000000002,149.9816790221462,-109.1789614038531
0.1558,150.03871616134757,-105.61541807077246
0.156,149.98911197924463,-101.9772380716683
0.1562,150.03688210572642,-98.41808433942238
0.1564,149.99876657055214,-94.77412018466215
0.15660000000000002,150.0371582375363,-91.22176455030923
0.1568,150.01217202958955,-87.57082963654615
0.157,150.0375807083839,-84.02600233540292
0.1572,150.03134052735192,-80.36761663170792
0.1574,150.03752200746464,-76.83062925033344
0.15760000000000002,150.0508868317848,-73.16724572432614
0.1578,150.03137776765672,-69.63359164217646
0.158,150.06496181429662,-65.96962142188201
0.1582,150.0213623076383,-62.435091508426325
0.1584,150.07507105490518,-58.77317976251989
0.15860000000000002,150.00936612736288,-55.235280015395425
0.1588,150.08065664494472,-51.57735590258492
0.159,149.99709469830492,-48.03445808843566
0.1592,150.08158071410674,-44.38171175422631
0.15940000000000001,149.98406090899135,-40.830915134854386
0.15960000000000002,150.0758247312567,-37.18583578942706
0.1598,149.97386141933458,-33.62612831545259
0.16,150.06890364222247,-29.989495713926342
0.1602,149.96703973230325,-26.421627569646063
0.16040000000000001,150.06319794359786,-22.792705900443927
0.16060000000000002,149.9630658820648,-19.217149078937098
0.1608,150.05723938124157,-15.595458070245563
0.161,149.96153550412626,-12.012963527421991
0.1612,150.04946139401397,-8.3976826372488
0.16140000000000002,149.96311290149808,-4.808796404038699
0.16160000000000002,150.04018287370843,-1.1993191002366554
0.1618,149.97099875842306,2.39577896429147
0.162,150.0237829500872,6.000035923889392
0.1622,149.98458431752556,9.599098168148453
0.16240000000000002,150.00670598443276,13.199878143003279
0.1626,150.00273120200876,16.799986139816788
0.1628,149.98774395774828,20.400150580896046
0.163,150.02228770491675,23.997373645870983
0.1632,149.96612426679997,27.600533011029658
0.16340000000000002,150.03957815279327,31.190367373483422
0.1636,149.945410949914,34.8009158284878
0.1638,150.04603730338053,38.38090012879551
0.164,149.93121929214234,42.002056395820844
0.1642,150.04067569551415,45.57393086870122
0.16440000000000002,149.92395448529658,49.20430040191681
0.1646,150.0300046218322,52.76865703871866
0.1648,149.92030879127805,56.407207047931074
0.165,150.01673334626034,59.96536953534053
0.1652,149.9188736877568,63.61043902239821
0.16540000000000002,150.00214769252383,67.16349079743536
0.1656,149.92096009923623,70.8139387394386
0.1658,149.9894342575626,74.36381928838735
0.166,149.92769572859805,78.0173843476558
0.16620000000000001,149.9791745222439,81.56549898090564
0.16640000000000002,149.93779926771035,85.22027872213259
0.1666,149.97217367495347,88.76824929984171
0.1668,149.9483036341962,92.4224580645795
0.167,149.9635832381873,95.97046988098269
0.16720000000000002,149.95532501248493,99.6246524824484
0.16740000000000002,149.95123063500566,103.17222727372062
0.1676,149.96056784968698,106.82706448844297
0.1678,149.93632410269885,110.37455102804456
0.168,149.96459886056493,114.02977354700458
0.16820000000000002,149.92234388129555,117.5781477327886
0.16840000000000002,149.97164851437824,121.23177998352588
0.1686,149.91282473633095,124.7826211370454
0.1688,149.9793532115067,128.4334815810751
0.169,149.90296765227762,131.98812151576865
0.16920000000000002,149.98633753156435,135.63532742483778
0.1694,149.89521450894577,139.19464377720195
0.1696,149.99362229550033,142.83698954023916
0.1698,149.89064481648194,146.40200154041136
0.17,150.00194867901425,150.03814742324755
0.17020000000000002,149.89044624750372,153.60948891412838
0.1704,150.01113026364675,157.23875631126424
0.1706,149.8946986772029,160.8161111231375
0.1708,150.02255462225136,164.43793421018114
0.171,149.90209543483508,168.02093663784092
0.17120000000000002,150.03434751291712,171.63608063139745
0.1714,149.9109416113045,175.22486940950125
0.1716,150.04589146717635,178.83309289459362
0.1718,149.9205298246226,-177.57251766667986
0.17200000000000001,150.0561545840322,-173.97079753474358
0.17220000000000002,149.93042934983595,-170.37057483039996
0.1724,150.06447885308924,-166.77493260810706
0.1726,149.94067651257242,-163.16888881336837
0.1728,150.0708929314824,-159.5794828288892
0.17300000000000001,149.95061562302132,-155.9681785914909
0.17320000000000002,150.07519202422375,-152.38425754527466
0.1734,149.96143441388122,-148.76689778248098
0.1736,150.07897521515494,-145.18792176749253
0.1738,149.9735483965754,-141.5654217596263
0.17400000000000002,150.0815389746012,-137.99172409828537
0.17420000000000002,149.98532059514994,-134.36489914280418
0.1744,150.08231812723898,-130.79583517343653
0.1746,149.99623678122947,-127.16522843101474
0.1748,150.08107115534688,-123.60010752192571
0.17500000000000002,150.00749320457086,-119.96578944649782
0.1752,150.07980583601653,-116.40381034733691
0.1754,150.0184580504145,-112.76685989660064
0.1756,150.07666906456626,-109.20754452182786
0.1758,150.02789644563356,-105.56858245953983
0.17600000000000002,150.07067225579192,-102.01128035863559
0.1762,150.03435767619862,-98.3709381297346
0.1764,150.06356282088583,-94.81451290249711
0.1766,150.04209652176715,-91.17324196612583
0.1768,150.05747371276152,-87.61721044342033
0.17700000000000002,150.0502748586694,-83.9757734252036
0.1772,150.05175695509405,-80.4195906405634
0.1774,150.0577338045476,-76.77867996817177
0.1776,150.04362271264617,-73.22157266395742
0.1778,150.06191469131878,-69.58176631840774
0.17800000000000002,150.0332935476999,-66.02285020269757
0.1782,150.06154917988073,-62.38465610044338
0.1784,150.02033127985672,-58.822799210787274
0.1786,150.05600590636612,-55.18714999767827
0.17880000000000001,150.00677142818873,-51.620936411647634
0.17900000000000002,150.04893743601122,-47.98948997380383
0.1792,149.99519886674295,-44.417158431396096
0.1794,150.03543815808425,-40.79189250552058
0.1796,149.98871860403565,-37.21032439850342
0.17980000000000002,150.01550824109404,-33.595686244481385
0.18000000000000002,149.99474764438136,-30.002161285371326
0.1802,149.99926910172266,-26.400303108276567
0.1804,150.00684752172256,-22.798317600563873
0.1806,149.98899047289473,-19.203810279860555
0.18080000000000002,150.02091740733576,-15.59756787498066
0.18100000000000002,149.9807971821028,-12.00641536638218
0.1812,150.03072577111192,-8.399187146226776
0.1814,149.97506332361326,-4.807408106744205
0.1816,150.03663431223734,-1.201819691169906
0.18180000000000002,149.96881240858917,2.39158208944871
0.182,150.04237725738813,5.993938241485525
0.1822,149.9630632849411,9.591220516766679
0.1824,150.04218412615452,13.1903217946939
0.1826,149.95932225342747,16.7922922032588
0.18280000000000002,150.0385387986667,20.38808419114101
0.183,149.95799761712482,23.994521878927976
0.1832,150.03363755502312,27.586938185406385
0.1834,149.95792898135542,31.196889785757065
0.1836,150.02847429043837,34.78632624700398
0.18380000000000002,149.95924602980165,38.39927279408315
0.184,150.0233184701108,41.98625442638565
0.1842,149.96201136390593,45.60152534575067
0.1844,150.01845578671274,49.18605831310939
0.18460000000000001,149.9647523392679,52.80340905112287
0.18480000000000002,150.01382435239694,56.38633988116179
0.185,149.96705793254802,60.00499727006692
0.1852,150.00895656359327,63.58572626704204
0.1854,149.96886918600904,67.20646022849627
0.18560000000000001,150.00350591731836,70.78495314234759
0.18580000000000002,149.97019547021125,74.40790362248062
0.186,149.99875275776066,77.9852575134606
0.1862,149.9752752034422,81.60892578936188
0.1864,149.99651080056424,85.18710232849804
0.18660000000000002,149.98362844421538,88.8088143935984
0.18680000000000002,149.99631610845736,92.38990192607965
0.187,149.99143433591092,96.00757211232609
0.1872,149.99625755376988,99.59234213387107
0.1874,149.99594439841408,103.20651952570584
0.18760000000000002,149.99614426774596,106.79427470477754
0.18780000000000002,149.99930339323646,110.40497588618827
0.188,149.99597279416324,113.99560058488204
0.1882,150.001115203087,117.60381392113636
0.1884,149.99646678834412,121.19696250951726
0.18860000000000002,150.00213438495024,124.80325023955946
0.1888,149.99401018720906,128.39644034238512
0.189,150.00400669841056,132.00472326206912
0.1892,149.98791153538517,135.59534009404143
0.1894,150.00669600465986,139.20799221876413
0.18960000000000002,149.973559511304,142.79475754365086
0.1898,150.00900677535844,146.41177257741373
0.19,149.96088611431546,149.99714782906756
0.1902,150.01067955347636,153.61498681491895
0.1904,149.9512446490988,157.20208960704153
0.19060000000000002,150.01286799360207,160.8170504176569
0.1908,149.95000054778737,164.406511842045
0.191,150.01681699873052,168.0174122268856
0.1912,149.9521608414024,171.61057512886305
0.19140000000000001,150.02093659947477,175.21754702459222
0.19160000000000002,149.95672742543968,178.81375935759363
0.1918,150.02579782153913,-177.58329336801208
0.192,149.96223711411113,-173.98427629736346
0.1922,150.03075553726273,-170.3850430949871
0.19240000000000002,149.96781440988727,-166.7831628002833
0.19260000000000002,150.03498168010793,-163.18718118771125
0.1928,149.9733016086898,-159.58254774592373
0.193,150.03819026983246,-155.98967260287267
0.1932,149.97884074139432,-152.38210709124397
0.19340000000000002,150.0408106016282,-148.79154971463225
0.19360000000000002,149.98618634493567,-145.18090492327264
0.1938,150.043438731659,-141.59290398646064
0.194,149.9948638573747,-137.97989542946257
0.1942,150.04572195896935,-134.39436060893533
0.19440000000000002,150.00340450983063,-130.77965233787992
0.19460000000000002,150.04761053234145,-127.19588275562262
0.1948,150.013300272514,-123.5798287273964
0.195,150.04973227042387,-119.99699758050697
0.1952,150.02386448423502,-116.38080014511435
0.19540000000000002,150.05101824023433,-112.79854627702527
0.1956,150.0318267667264,-109.18249372384246
0.1958,150.0511226105648,-105.60059684609037
0.196,150.037240956799,-101.98443287106433
0.1962,150.0494564615921,-98.40317793623825
0.19640000000000002,150.04064031409678,-94.78635120503456
0.1966,150.04661870609223,-91.20570000020969
0.1968,150.04253614037884,-87.58817750570297
0.197,150.04170318977077,-84.00824098249979
0.19720000000000001,150.04311552863078,-80.38982943262978
0.19740000000000002,150.03608511552116,-76.81029716722736
0.1976,150.04294459692434,-73.19140302313531
0.1978,150.0290476124545,-69.6118964170838
0.198,150.04130593476063,-65.99269494799255
0.19820000000000002,150.0197818402995,-62.41271556194583
0.19840000000000002,150.0357056648122,-58.79332256575924
0.1986,150.00852693828324,-55.211894819453995
0.1988,150.02886998372225,-51.594093214176766
0.199,150.00102261805588,-48.010375699535196
0.19920000000000002,150.02406059993882,-44.39518720220779
0.19940000000000002,149.9961980807531,-40.80873480530275
0.1996,150.0212966058093,-37.19627413409665
0.1998,149.99311284269308,-33.60706568221448
0.2,150.01941634125288,-29.997233439142352
0.20020000000000002,149.99095354822038,-26.406924456080148
0.20040000000000002,150.02395814378323,-22.798604666183557
0.2006,149.98846524195312,-19.20820579003649
0.2008,150.02833354092746,-15.60086391713068
0.201,149.98590188539498,-12.00904808269217
0.20120000000000002,150.03099299162534,-8.403937059514908
0.20140000000000002,149.98326452629286,-4.809853802283574
0.2016,150.03021910538374,-1.2065992666401435
0.2018,149.9804114998828,2.3905319559108844
0.202,150.02762951187765,5.991486408099451
0.20220000000000002,149.97767191050104,9.590833903769484
0.2024,150.0238968768767,13.189108406575432
0.2026,149.97497727919122,16.791164111244264
0.2028,150.01893593233999,20.387291762443866
0.203,149.97242769080842,23.99182414281199
0.20320000000000002,150.01332295637795,27.586042099876636
0.2034,149.97012392397744,31.192767317439234
0.2036,150.0069904108068,34.78513511676931
0.2038,149.96794128765026,38.39351834192284
0.20400000000000001,150.00005554959432,41.98466669328054
0.20420000000000002,149.96621269694273,45.594767452908194
0.2044,149.99458426110442,49.18491950432956
0.2046,149.96531478148793,52.79656342698691
0.2048,149.99029877987346,56.38553380220357
0.20500000000000002,149.9652005159478,59.99845906744825
0.20520000000000002,149.9866892733301,63.58634130984035
0.2054,149.96598382457304,67.20040034565707
0.2056,149.9845442523918,70.7873249626953
0.2058,149.96883079485713,74.40262500775812
0.20600000000000002,149.9844681167784,77.98844409009321
0.20620000000000002,149.9735447745124,81.60458398189208
0.2064,149.98607868489304,85.18975212786701
0.2066,149.9803510710845,88.80590463153895
0.2068,149.98837192595974,92.39124297055606
0.20700000000000002,149.98644245671952,96.00634971812738
0.20720000000000002,149.99067966438048,99.59287115124121
0.2074,149.9940790633894,103.20541847841145
0.2076,149.99529911143333,106.7954566559791
0.2078,149.99899186425063,110.40346731533617
0.20800000000000002,149.99840471450247,113.99816513197327
0.2082,150.00000651590267,117.5998825066812
0.2084,150.00079849312823,121.20185840991567
0.2086,149.99413742133774,124.7968447781935
0.2088,150.00091620566275,128.40515391263622
0.20900000000000002,149.98626691060568,131.99619852022164
0.2092,150.0013417341135,135.60665326461324
0.2094,149.97904331951304,139.19720687115372
0.2096,150.0009502624909,142.80854983098828
0.20980000000000001,149.9741631144673,146.39932652771498
0.21000000000000002,150.00289337401063,150.00889675223135
0.2102,149.97406728478532,153.60074682986837
0.2104,150.00552177384017,157.20872239906933
0.2106,149.9746897993713,160.80206169062174
0.21080000000000002,150.00851958879886,164.40795746799793
0.21100000000000002,149.97718193663277,168.0023666257913
0.2112,150.011147123268,171.60604313680665
0.2114,149.98231942343557,175.20144817492184
0.2116,150.0108996197989,178.80324744650468
0.21180000000000002,149.98796166642052,-177.5992644041162
0.21200000000000002,150.0075214598359,-173.9989110958866
0.2122,149.99692689213583,-170.39994509692917
0.2124,149.99710311986144,-166.7999538784755
0.2126,150.00785276160033,-163.199405146668
0.21280000000000002,149.98939336919622,-159.59794999925143
0.21300000000000002,150.0120488257746,-155.9990773983281
0.2132,149.98963645406366,-152.3970767550413
0.2134,150.01001100553694,-148.80000251720872
0.2136,149.99469359478036,-145.19869446545067
0.21380000000000002,149.99979684699852,-141.60000940683668
0.21400000000000002,150.00636692383162,-138.00067741097783
0.2142,149.9926028266494,-134.39607115395418
0.2144,150.01615774661343,-130.8005109028051
0.2146,149.9971061202447,-127.19160124055801
0.21480000000000002,150.0227711490569,-123.59945090612577
0.215,150.00684738304787,-119.99003269694583
0.2152,150.0253400858575,-116.39922053180292
0.2154,150.0137539203222,-112.7905140967977
0.2156,150.0264814933101,-109.19961625789276
0.21580000000000002,150.01929379187098,-105.59169137660689
0.216,150.02712939977556,-102.00022778798258
0.2162,150.0231907455534,-98.39318732458392
0.2164,150.0273609384965,-94.80098073169059
0.21660000000000001,150.02597370083697,-91.19487313497103
0.21680000000000002,150.02690908627258,-87.6020196358409
0.217,150.02730998410235,-83.99635095025008
0.2172,150.02588569576633,-80.4031575172086
0.2174,150.02812804773887,-76.79790715538053
0.21760000000000002,150.02472666254843,-73.20416370978636
0.21780000000000002,150.02833576398382,-69.59948271864627
0.218,150.02317210754765,-66.00514838568155
0.2182,150.02792336914283,-62.4009393648152
0.2184,150.021057813351,-58.80612463035771
0.21860000000000002,150.02702886502047,-55.20227663674203
0.21880000000000002,150.01891365284848,-51.60693605619716
0.219,150.0256288114797,-48.00367848890054
0.2192,150.01670891939435,-44.407620631689774
0.2194,150.0237118442603,-40.80499485932586
0.21960000000000002,150.0143643383029,-37.20819998491088
0.21980000000000002,150.0213547187013,-33.60616359688644
0.22,150.01175649719733,-30.008682287301568
0.2202,150.01866764587032,-26.407154525175446
0.2204,150.00906467226375,-22.809044177694975
0.22060000000000002,150.0156697829854,-19.207983188263963
0.22080000000000002,150.0062360440937,-15.609285533634603
0.221,150.01255076326686,-12.008604946313172
0.2212,150.00327278204975,-8.409393365682739
0.2214,150.00932952333156,-4.80904699756518
0.22160000000000002,150.00029135445928,-1.209363019203395
0.2218,150.00608896251111,2.3906895643446724
0.222,149.99737550726292,5.9908028044781885
0.2222,150.0028066086668,9.590589363526256
0.22240000000000001,149.99453555640292,13.191103640398115
0.22260000000000002,149.99964256556703,16.790654732667296
0.2228,149.99169358986464,20.391568334355828
0.223,149.996760727285,23.990863445563132
0.2232,149.989004577589,27.592184042766643
0.22340000000000002,149.99407887596863,31.19119219706678
0.22360000000000002,149.9865841164961,34.79292423936365
0.2238,149.991511411326,38.39163660627158
0.224,149.9845012503163,41.99375193476613
0.2242,149.9891375710824,45.59218670279824
0.22440000000000002,149.982718071943,49.194690027165954
0.22460000000000002,149.98706119235783,52.792813437152496
0.2248,149.98128183813358,56.3957315510394
0.225,149.98531566951524,59.99348937694226
0.2252,149.9802483934946,63.59687206146922
0.22540000000000002,149.98388132793266,67.19419688838983
0.22560000000000002,149.97967729560537,70.79803523509187
0.2258,149.98272927278379,74.3949290298418
0.226,149.97965158845207,77.99932550561532
0.2262,149.98222098228737,81.59552199939085
0.22640000000000002,149.98058428911446,85.2008423538307
0.22660000000000002,149.98276013419826,88.79581225856663
0.2268,149.98275505770587,92.40231851002511
0.227,149.98372749887457,95.99608072884018
0.2272,149.98654420095204,99.60355829466921
0.22740000000000002,149.98789288020308,103.1960475170844
0.22760000000000002,149.99559876428603,106.80348451083361
0.2278,149.99876286379367,110.39863504391343
0.228,149.9977611465541,113.99807763083344
0.22820000000000001,149.99511681342148,117.60425636105535
0.22840000000000002,149.98355889038112,121.19826434452933
0.2286,149.98972008751232,124.8051657972905
0.2288,149.98115496519935,128.4008315524208
0.229,149.9893546468664,132.0054812346947
0.22920000000000001,149.9818487214491,135.60230645259293
0.22940000000000002,149.99048605306086,139.20583176459465
0.2296,149.98319155423155,142.80342331969925
0.2298,149.99196213852886,146.40614386449855
0.23,149.98491479620648,150.00434687223733
0.23020000000000002,149.99368117770868,153.6063956369899
0.23040000000000002,149.98689103593065,157.20509735921416
0.2306,149.9955702408225,160.80657079294954
0.2308,149.98903405668565,164.40568931905887
0.231,149.99757062616646,168.0066578367101
0.23120000000000002,149.99127809661076,171.60613382610575
0.23140000000000002,149.99963127216998,175.20664913845607
0.2316,149.9936213136591,178.80645111904025
0.2318,150.001575253293,-177.5934384651157
0.232,149.9960573215942,-173.99335681677906
0.23220000000000002,150.00360071718967,-170.39363592027797
0.23240000000000002,149.99830947542137,-166.79330975257483
0.2326,150.00559911437676,-163.19394346759702
0.2328,150.00052541198323,-159.593370096435
0.233,150.00732867212062,-155.99429621908186
0.23320000000000002,150.00288748961296,-152.39354130418786
0.23340000000000002,150.0088592840918,-148.79469225247604
0.2336,150.00517457727153,-145.19383732889108
0.2338,150.01023779280032,-141.59514122591162
0.234,150.00728864253048,-137.99424797199518
0.23420000000000002,150.01152811008618,-134.39568197078074
0.23440000000000003,150.00910474216857,-130.7947378870314
0.2346,150.012627511254,-127.19626881057695
0.2348,150.010717417435,-123.59531018770112
0.23500000000000001,150.01357095416674,-119.99694276725967
0.23520000000000002,150.0119812354219,-116.39590387568725
0.2354,150.01428557540137,-112.79767211652793
0.2356,150.0130187928972,-109.19653662205648
0.2358,150.0147422743094,-105.59842797789658
0.23600000000000002,150.0138159108395,-101.99719095800519
0.23620000000000002,150.01493368373636,-98.39918363409517
0.2364,150.01442121230951,-94.79788940897363
0.2366,150.01489554269926,-91.1998870178915
0.2368,150.01481270189885,-87.59863157960508
0.23700000000000002,150.01458815100588,-84.00062661083962
0.23720000000000002,150.01492256339603,-80.39930955382053
0.2374,150.0140306619457,-76.80133630264716
0.2376,150.0148280352226,-73.19999282958136
0.2378,150.01323307849785,-69.60200780551081
0.23800000000000002,150.01452735563123,-66.0006383041847
0.23820000000000002,150.0121831721608,-62.40263830205926
0.2384,150.01404903857693,-58.80123160007015
0.2386,150.0108739389911,-55.203215222680626
0.2388,150.0134307059311,-51.60175599731441
0.23900000000000002,150.00928653533072,-48.0037235915513
0.23920000000000002,150.01272366381272,-44.4021885051827
0.2394,150.00737579399242,-40.80414099791448
0.2396,150.01203697828677,-37.20243837630948
0.2398,150.00435314023818,-33.60441031859999
0.24000000000000002,150.01156614842898,-30.001887056796843
0.24020000000000002,149.99903898160514,-26.403625714325212
0.2404,150.0044649973148,-22.799557683261998
0.2406,150.00507663669782,-19.19958949897563
0.24080000000000001,149.99737511663736,-15.603360175534114
0.24100000000000002,150.00946390052198,-12.002718107993328
0.2412,149.99855635578103,-8.404338895906386
0.2414,150.00730692597176,-4.8038834649536915
0.2416,149.9980286298448,-1.2044439289562234
0.24180000000000001,150.00499936635504,2.3955615462937296
0.24200000000000002,149.99740224402788,5.995517673973896
0.2422,150.0026691524328,9.595286195681188
0.2424,149.99637691632913,13.195622386159885
0.2426,150.00066636745072,16.79522808369466
0.24280000000000002,149.99541234154663,20.395762467508895
0.24300000000000002,149.99861015351297,23.99529893617005
0.2432,149.99434609386373,27.595989781723862
0.2434,149.9968598018634,31.195482911110474
0.2436,149.99333117797602,34.79626907153752
0.24380000000000002,149.99523076396997,38.39576020888293
0.24400000000000002,149.99239649672822,41.99659288110098
0.2442,149.99377976721243,45.596114801083395
0.2444,149.99151675662551,49.19698275623316
0.2446,149.99256378290892,52.79651809179349
0.24480000000000002,149.99076626922474,56.397407239264005
0.24500000000000002,149.99151585594925,59.99697479950792
0.2452,149.99014706696457,63.59786757002759
0.2454,149.99067404886355,67.19746267317582
0.2456,149.98966681357695,70.79837372867559
0.24580000000000002,149.99004653836738,74.39795853250291
0.24600000000000002,149.9893574903553,77.99889847287723
0.2462,149.98959783681968,81.59846954506733
0.2464,149.98922506399833,85.19942338462701
0.2466,149.98932169561283,88.79899336843957
0.24680000000000002,149.989275738448,92.39996735000139
0.24700000000000003,149.9892292087849,95.99949054081404
0.2472,149.9895315181723,99.60052124315679
0.2474,149.9892911978254,103.19995398287601
0.24760000000000001,149.9899897497988,106.80105596906567
0.24780000000000002,149.98948530410883,110.40039661311944
0.248,149.99066831057482,114.00157238458134
0.2482,149.98978836487925,117.60078708659454
0.2484,149.9915663858412,121.2020504093933
0.24860000000000002,149.99018019259418,124.80113756881507
0.24880000000000002,149.992735782794,128.40248729380056
0.249,149.99060242306751,132.00138490719678
0.2492,149.9943476488132,135.6028684615791
0.2494,149.9909777857204,139.20141268391882
0.24960000000000002,149.99690403312465,142.80307759177302
0.24980000000000002,149.99166508311632,146.40072271621622
0.25,150.0008325682526,150.00232418570437
0.25020000000000003,149.99527649974434,153.599668223345
0.2504,150.00181007145594,157.20102667767813
0.2506,149.99620546892405,160.799745421182
0.2508,150.00238292908267,164.40172097323762
0.251,149.99324650221254,168.00123457477997
0.25120000000000003,150.0017836717514,171.60283614565833
0.2514,149.99438941160736,175.20256801622543
0.2516,150.0016309394504,178.80312194021118
0.2518,149.99609734977753,-177.59691965271014
0.252,150.00244040667943,-173.99695634730122
0.25220000000000004,149.99703115002728,-170.39684191892184
0.2524,150.00386544839205,-166.7973894185359
0.2526,149.99686246537476,-163.19715266741267
0.2528,150.00500153809864,-159.59839841882768
0.253,149.99640140660676,-155.99843520831425
0.25320000000000004,150.00004513619137,-152.40005337625718
0.2534,150.00475133466577,-148.79941058830687
0.2536,149.99868450364414,-145.1971778612839
0.2538,150.00607059944963,-141.5982647626135
0.254,150.00209776478243,-137.99690832130392
0.25420000000000004,150.00631111809926,-134.39811855417625
0.2544,150.00398237772887,-130.79716654615257
0.2546,150.00667966290075,-127.1982791522336
0.2548,150.00511810667598,-123.59748321194448
0.255,150.00704788147343,-119.9985372732877
0.25520000000000004,150.00599672897204,-116.39783631045947
0.2554,150.00736282644917,-112.79885937018939
0.2556,150.0066182876495,-109.1981872244215
0.2558,150.00757744368477,-105.59921038849765
0.256,150.00709179590524,-101.99855367389736
0.25620000000000004,150.00767307079505,-98.39959366629851
0.2564,150.0073883712773,-94.79889891704136
0.2566,150.00761054506754,-91.20001637549477
0.25680000000000003,150.00752461311535,-87.59919692769101
0.257,150.0073428457391,-84.00046162297329
0.25720000000000004,150.00753768809963,-80.39944525938668
0.2574,150.00668966125218,-76.80097274747796
0.2576,150.00721800308654,-73.19943285123813
0.25780000000000003,150.00477634309257,-69.6015671356221
0.258,150.00515516193082,-65.9989452765475
0.2582,150.00049694707866,-62.401141273279016
0.2584,150.00005725848635,-58.800011654314574
0.2586,150.00166216172377,-55.19926087213798
0.25880000000000003,150.0002426657509,-51.601316851484825
0.259,150.00370003811608,-47.99927844613077
0.2592,149.99981383684056,-44.401322304564054
0.2594,150.0022317341479,-40.79946094082579
0.2596,149.9998563884686,-37.2000489708642
0.25980000000000003,149.99915085614322,-33.60106683252141
0.26,150.00545914693976,-30.00024449256605
0.2602,150.00091317674742,-26.402241817899622
0.2604,150.00525873941973,-22.80161493975555
0.2606,150.00140807209232,-19.202407653036058
0.26080000000000003,150.00410659591054,-15.602072550754654
0.261,150.00096719099366,-12.002454564873762
0.2612,150.0031266118851,-8.402281271137493
0.2614,150.00025645069485,-4.802459604164116
0.2616,150.0022303919947,-1.2023969299358388
0.26180000000000003,149.99959569958307,2.3975606743440387
0.262,150.00123779052876,5.997530785535818
0.2622,149.9989305252428,9.59761007121175
0.2624,150.0003133025356,13.197521311977923
0.2626,149.99824394939884,16.797696880852126
0.26280000000000003,149.9993995925934,20.397560766028253
0.263,149.99766019607236,23.997794224072294
0.2632,149.99848460252483,27.59765280460181
0.2634,149.99705182921173,31.19793265930144
0.2636,149.99769343093095,34.79778357681673
0.26380000000000003,149.99649694109937,38.398094645792
0.264,149.99696161321572,41.99795330220411
0.2642,149.99598714601746,45.59828371961046
0.2644,149.99632241900684,49.19815258053161
0.2646,149.99554426198725,52.798491902517824
0.26480000000000004,149.99576673177796,56.39837962812245
0.265,149.9951657037857,59.998721204855585
0.2652,149.9953105205996,63.59862531685627
0.2654,149.99485403024144,67.19897575791244
0.2656,149.99496201677678,70.79887784009443
0.26580000000000004,149.99462798633368,74.39924594771503
0.266,149.99470964324655,77.999134701154
0.2662,149.99449672440232,81.59951815748029
0.2664,149.99454276670085,85.19939974110926
0.2666,149.99445753582296,88.79979311837538
0.26680000000000004,149.99446494104683,92.39966530305313
0.267,149.99451122784922,96.00006716252986
0.2672,149.99447318870423,99.59992664284948
0.2674,149.99465217765305,103.200329077181
0.2676,149.99456437199007,106.80018581778162
0.26780000000000004,149.99486398006073,110.40056927730492
0.268,149.9947434594126,114.00044554822671
0.2682,149.9951500736675,117.60079652654467
0.2684,149.9950031565323,121.20068915755414
0.2686,149.9955066533215,124.80100776843082
0.26880000000000004,149.995335436697,128.4009136078435
0.269,149.99591625317967,132.00119510889908
0.2692,149.99573813162823,135.60111964712954
0.26940000000000003,149.99636281364457,139.20135583963736
0.2696,149.99621200565545,142.80130618870166
0.26980000000000004,149.99685799429184,146.40149503620282
0.27,149.99673237717673,150.00146318460398
0.2702,149.99739340306348,153.60160995611383
0.27040000000000003,149.99728912423092,157.2015901941956
0.2706,149.99794947968505,160.8016972131551
0.27080000000000004,149.9978745104303,164.40168725222017
0.271,149.9985254418636,168.00175759299816
0.2712,149.99848378109104,171.6017542120822
0.27140000000000003,149.99911472997957,175.20179020406638
0.2716,149.99908908247934,178.80178938189317
0.2718,149.99971375693255,-177.59820559031715
0.272,149.9996895585273,-173.99820520336033
0.2722,150.00031383197054,-170.39823084990786
0.27240000000000003,150.00026632557768,-166.79822778732128
0.2726,150.00091025565945,-163.1982870396293
0.2728,150.00080362986995,-159.59827481580604
0.273,150.0015112133753,-155.99837948547125
0.2732,150.00126221216166,-152.39833803036547
0.27340000000000003,150.0021922012275,-148.7985430880315
0.2736,150.00133746563276,-145.19837528472792
0.2738,150.00223176868332,-141.60000917180673
0.274,150.0030010348239,-137.99888403210772
0.2742,150.0021989129345,-134.39854869190063
0.27440000000000003,150.00302751860787,-130.79883760869544
0.2746,150.00285025181822,-127.1987577318366
0.2748,150.00329000118853,-123.59897115777203
0.275,150.00324588912568,-119.99894572495008
0.2752,150.00353899080713,-116.3991361210576
0.27540000000000003,150.00353615564484,-112.79913393907144
0.2756,150.0037372315433,-109.19931388382807
0.2758,150.00374985453763,-105.59932771615016
0.276,150.00387740052204,-101.99949956746082
0.2762,150.0038914395948,-98.39952474448856
0.27640000000000003,150.00395632854435,-94.7996892266628
0.2766,150.00396363243854,-91.19972228626844
0.2768,150.00397306593084,-87.59988126149933
0.277,150.00396900991765,-83.99991842881036
0.2772,150.00392769343844,-80.40007035155477
0.27740000000000004,150.00391037098507,-76.80010950409286
0.2776,150.0038210594594,-73.20025516029577
0.2778,150.00379057500305,-69.60029371471764
0.278,150.0036586830862,-66.000429339143
0.2782,150.0036152354966,-62.40046661910261
0.27840000000000004,150.00344261647834,-58.80059287826831
0.2786,150.0033862413745,-55.20062844050821
0.2788,150.00317703340838,-51.60074353904601
0.279,150.0031083400133,-48.00077664171434
0.2792,150.0028687336599,-44.40087831087488
0.27940000000000004,150.00278996008672,-40.80090776734143
0.2796,150.00252017998372,-37.200996588866836
0.2798,150.00243562312716,-33.60102108399574
0.28,150.00214068038477,-30.001095749477553
0.2802,150.00205426115258,-26.401114791034257
0.28040000000000004,150.0017350987501,-22.801175138068167
0.2806,150.00164959975578,-19.20118884227286
0.2808,150.0013149167027,-15.601233043898493
0.281,150.0012372754965,-12.001241306249073
0.2812,150.00088237790612,-8.401269792645278
0.28140000000000004,150.0008156575218,-4.801273543595219
0.2816,150.0004448125077,-1.201285100448951
0.2818,150.0003914760174,2.3987144827237574
0.28200000000000003,150.0000109132167,5.9987210488799985
0.2822,149.99997750765652,9.598722395083405
0.28240000000000004,149.99957860141052,13.198749055292767
0.2826,149.9995815878149,16.798748787836516
0.2828,149.99915653522152,20.39879934777237
0.28300000000000003,149.99921735691117,23.998790748310018
0.2832,149.99873364581381,27.598876324690444
0.28340000000000004,149.99890505915278,31.198842893422498
0.2836,149.99822050973637,34.79902335830799
0.2838,149.99927456683716,38.398850302565485
0.28400000000000003,149.99925203862892,41.99885049319679
0.2842,149.99792104562863,45.599129615001395
0.2844,149.99811754345941,49.1990495692351
0.2846,149.99775230831307,52.799202704894554
0.2848,149.99778441242344,56.39918648737892
0.28500000000000003,149.99756043668742,59.99931187521395
0.2852,149.99754770642525,63.59932028458012
0.2854,149.99739638583503,67.19943440099314
0.2856,149.997370175233,70.79945812468164
0.2858,149.99727062896986,74.39956528858151
0.28600000000000003,149.99724571282835,77.99959918602609
0.2862,149.9971877501992,81.599701473206
0.2864,149.99717221703287,85.19974134162588
0.2866,149.99714989662095,88.79984000845582
0.2868,149.99714744304765,92.39988312852094
0.28700000000000003,149.99715729167448,95.99997697520273
0.2872,149.99716942894722,99.60002134630311
0.2874,149.9972089333922,103.20011113093882
0.2876,149.99723604124765,106.80015533313306
0.2878,149.9973033594226,110.40024061686938
0.28800000000000003,149.9973448232493,114.00028319802385
0.2882,149.9974384076022,117.60036343130695
0.2884,149.99749279758612,121.2004031345465
0.2886,149.99760944188452,124.80047660459724
0.2888,149.9976750148369,128.400512612043
0.28900000000000003,149.9978162161319,132.00058052661444
0.2892,149.99789017397936,135.60061184304388
0.2894,149.99805145403718,139.20067191470744
0.2896,149.99813007862087,142.8006977687011
0.2898,149.99831383321617,146.40075068266884
0.29000000000000004,149.998392268259,150.00077052105706
0.2902,149.99859883868828,153.60081566339008
0.2904,149.9986711879933,157.20082932825179
0.2906,149.99890164138063,160.80086583421874
0.2908,149.9989610867057,164.40087370511773
0.29100000000000004,149.9992183032432,168.0009004968717
0.2912,149.99925551662614,171.60090350287211
0.2914,149.99954573098984,175.20091897148654
0.2916,149.99954670474327,178.80091900270187
0.2918,149.99988285548014,-177.59907974661257
0.29200000000000004,149.99982362476982,-173.9990788535985
0.2922,150.00023384640474,-170.39909811485265
0.2924,150.00006492407294,-166.79908782993206
0.2926,150.00058774512158,-163.19913952878832
0.2928,150.00027425308724,-159.59910480395527
0.29300000000000004,150.00089978468273,-155.9991971498146
0.2932,150.0005068423294,-152.39913199704398
0.2934,150.0011207574918,-148.79924989753118
0.2936,150.00082200595102,-145.1991796798785
0.2938,150.00131584939635,-141.59930786784844
0.29400000000000004,150.00109895650286,-137.99924161983333
0.2942,150.00148578305792,-134.39937065223532
0.2944,150.00135666482424,-130.79931981096118
0.29460000000000003,150.00163635492754,-127.19944002700703
0.2948,150.00157439477616,-123.59940872159393
0.29500000000000004,150.00177621113707,-119.99952326811632
0.2952,150.0017411087975,-116.39949998954035
0.2954,150.001887253817,-112.79961046140194
0.29560000000000003,150.00187377117498,-109.1995981868321
0.2958,150.0019699035704,-105.59970127575849
0.29600000000000004,150.00196919019302,-101.99970029958504
0.2962,150.00202461227818,-98.39979754273297
0.2964,150.0020272032405,-94.79980423592801
0.29660000000000003,150.00204801147495,-91.19989635266028
0.2968,150.00204856617313,-87.59990643609017
0.29700000000000004,150.00203944886832,-83.99999302268213
0.2972,150.0020360703331,-80.40000534598431
0.2974,150.0020003954828,-76.80008761667682
0.29760000000000003,150.00199046866308,-73.20010381144965
0.2978,150.00193116726422,-69.60017927021232
0.298,150.00191427621073,-66.00019663571246
0.2982,150.00183226232488,-62.40026720450674
0.2984,150.00180842464525,-58.800284620641975
0.29860000000000003,150.00170895506497,-55.20034745183298
0.2988,150.00167892633098,-51.60036395075573
0.299,150.00155839911537,-48.00042184388297
0.2992,150.00152624364944,-44.40043546496828
0.2994,150.0013846996943,-40.80048805246196
0.29960000000000003,150.00135615696564,-37.200497444444984
0.2998,150.0011887890309,-33.600545338467995
0.3,150.00117458173347,-30.000548938079962
0.3002,150.00096560008652,-26.400593660939037
0.3004,150.00099521584048,-22.800588004844666
0.30060000000000003,150.0006354808386,-19.200637321616803
0.3008,150.0011604765393,-15.600494379436459
0.301,150.00091989673714,-12.000592267988326
0.3012,150.00042079817038,-8.400655496666035
0.3014,150.00048467703496,-4.800652097772378
0.30160000000000003,150.00024765305554,-1.2006617288423602
0.3018,150.00022448097056,2.3993380708122567
0.302,150.00004011984416,5.999340307245256
0.3022,149.99998907826108,9.599342309266229
0.3024,149.99983164033395,13.19935205610113
0.30260000000000004,149.9997678235494,16.799357710180047
0.3028,149.99962639337835,20.399373747166276
0.303,149.9995580210449,23.999383405171628
0.3032,149.99943490442396,27.599404152311735
0.3034,149.99936590490123,31.19941786550833
0.30360000000000004,149.99925426858033,34.79944350447619
0.3038,149.99918794561628,38.39946104485488
0.304,149.99909060290597,41.99949035258486
0.3042,149.99902935277393,45.59951135012106
0.3044,149.99894430665813,49.19954438726469
0.30460000000000004,149.99889000215686,52.79956836393908
0.3048,149.99881921388166,56.399603887721064
0.305,149.9987733527664,59.99963021465304
0.3052,149.9987166308619,63.59966767557066
0.3054,149.9986795106266,67.19969620622727
0.30560000000000004,149.9986367314824,70.79973500712167
0.3058,149.99860960049074,74.39976472954774
0.306,149.99858003013392,77.99980512792861
0.3062,149.99856315280022,81.59983545510478
0.3064,149.9985471474736,85.19987694914386
0.30660000000000004,149.9985404186167,88.79990774702463
0.3068,149.998538281594,92.3999479057756
0.307,149.99854168723246,95.99997862860937
0.30720000000000003,149.99855276818752,99.60001870522899
0.3074,149.99856592534704,103.20004832958853
0.30760000000000004,149.99858958722209,106.80008676231034
0.3078,149.99861181906482,110.40011483217896
0.308,149.99864813720876,114.00015203085933
0.30820000000000003,149.99867854439657,117.60017804888093
0.3084,149.9987261418222,121.20021269667438
0.30860000000000004,149.99876426120704,124.80023666992086
0.3088,149.99882208738086,128.40026833404784
0.309,149.9988660904022,132.00028947965606
0.30920000000000003,149.99893709443828,135.6003194446667
0.3094,149.9989859801914,139.20033764893373
0.30960000000000004,149.99906698743519,142.80036414888846
0.3098,149.99911734164544,146.40037865410324
0.31,149.9992095471116,150.00040174367328
0.31020000000000003,149.9992570301294,153.60041210948492
0.3104,149.9993666730063,157.20043230211692
0.3106,149.99940082336585,160.80043770423157
0.3108,149.99956997169298,164.40045775738005
0.311,149.9994755245872,168.00044478054397
0.31120000000000003,149.99951800031315,171.60045174829918
0.3114,149.99973633019036,175.20046922278573
0.3116,149.9997668167166,178.80047026495214
0.3118,149.9998859821695,-177.59952818028816
0.312,149.99993693360037,-173.9995289038556
0.31220000000000003,150.0000395968209,-170.3995327422862
0.3124,150.0000966189475,-166.79953635137232
0.3126,150.0001902034193,-163.19954458297158
0.3128,150.00024910983842,-159.59955132330185
0.313,150.00033368431605,-155.9995632380624
0.31320000000000003,150.00039045268565,-152.39957285299113
0.3134,150.00046875039348,-148.79958842987955
0.3136,150.00052281936152,-145.19960091518513
0.3138,150.00059255087712,-141.59961939230178
0.314,150.00064132347202,-137.99963414711652
0.31420000000000003,150.00070412799863,-134.3996557442557
0.3144,150.0007476811976,-130.79967274096194
0.3146,150.0008013211303,-127.19969650007637
0.3148,150.0008387890358,-123.59971537354916
0.315,150.00088438931445,-119.99974163375894
0.31520000000000004,150.0009143603678,-116.39976150484887
0.3154,150.00095014367548,-112.79978913690425
0.3156,150.00097303334726,-109.19981000671103
0.3158,150.00099977058372,-105.59983951054764
0.316,150.0010153081799,-101.9998608936013
0.31620000000000004,150.0010318449672,-98.39989091306026
0.3164,150.00103985561424,-94.79991187202005
0.3166,150.00104629014038,-91.1999419508551
0.3168,150.00104730189193,-87.5999620660472
0.317,150.00104348345218,-83.99999418785623
0.31720000000000004,150.00103813514565,-80.40001309991618
0.3174,150.00102402106197,-76.80004405694254
0.3176,150.00101369861537,-73.20006062640488
0.3178,150.0009874032199,-69.60009302738162
0.318,150.00097446184435,-66.00010615855001
0.31820000000000004,150.00093369092912,-62.40014007222773
0.3184,150.00092409819734,-58.80014703251452
0.3186,150.00085838286472,-55.2001867403925
0.31880000000000003,150.00086851022326,-51.600181134639
0.319,150.00074416031413,-48.00023620210814
0.31920000000000004,150.00084364789356,-44.400187672874345
0.3194,150.00088760770805,-40.800041733958835
0.3196,150.0006319674542,-37.20027277291719
0.31980000000000003,150.00067591706318,-33.60026048906218
0.32,150.00056190497477,-30.00029108740666
0.32020000000000004,150.00055498408298,-26.40029261701346
0.3204,150.00046000009857,-22.8003109468312
0.3206,150.00044199865675,-19.20031384296734
0.32080000000000003,150.0003478457954,-15.600326399983656
0.321,150.00032761535286,-12.000328558629043
0.32120000000000004,150.00023603430554,-8.400336085676168
0.3214,150.00021239722278,-4.800337419366303
0.3216,150.0001192982319,-1.2003403288962022
0.32180000000000003,150.0000983464279,2.399659512336141
0.322,150.00000287255446,5.999661251906898
0.32220000000000004,149.9999904832676,9.599661753513871
0.3224,149.99988486550626,13.1996689463657
0.3226,149.99988753711204,16.799668707320812
0.32280000000000003,149.99977419055205,20.39968219019825
0.323,149.99979217172248,23.999679648999788
0.32320000000000004,149.99966341440174,27.59970242207135
0.3234,149.99971174276428,31.199693081327858
0.3236,149.9994344709439,34.79979568937397
0.32380000000000003,149.999519026268,38.39974361827319
0.324,149.9995833851206,41.99972212124952
0.3242,149.99948182954202,45.59975463308083
0.3244,149.9994784096782,49.19975596448363
0.3246,149.9994179977082,52.79978202234347
0.32480000000000003,149.99940445903138,56.39978880588129
0.325,149.99936036094243,59.99981392932863
0.3252,149.9993468691457,63.59982284073496
0.3254,149.9993145646552,67.19984759536402
0.3256,149.99930347932715,70.79985765240534
0.32580000000000003,149.9992800375273,74.39988326746459
0.326,149.9992722553705,77.99989392224684
0.3262,149.99925752456866,81.5999206822966
0.3264,149.99925363837625,85.19993085079525
0.3266,149.99924797182285,88.79995827048973
0.32680000000000003,149.99924755265735,92.39996663083876
0.327,149.999250955547,95.99999457611626
0.3272,149.99925272236104,99.60000096388183
0.3274,149.99926530556533,103.20002939235685
0.3276,149.99926915323377,106.80003567455447
0.32780000000000004,149.99928996486122,110.40006245632496
0.328,149.99929748677417,114.00007021107831
0.3282,149.9993253168764,117.60009430709513
0.3284,149.99933684200704,121.20010275032398
0.3286,149.99937097175103,124.80012439994961
0.32880000000000004,149.99938645575952,128.40013292651986
0.329,149.9994239757454,132.00015113048565
0.3292,149.99944326482338,135.60015933624004
0.3294,149.99948498335038,139.20017501801968
0.3296,149.99950808541755,142.80018265255745
0.32980000000000004,149.99955348282535,146.40019586540524
0.33,149.99957903450834,150.00020235477402
0.3302,149.99962805111093,153.60021314989098
0.3304,149.99965522119604,157.20021828832944
0.3306,149.99970552935073,160.80022631892223
0.33080000000000004,149.99973199342486,164.40022981671294
0.331,149.99978772617544,168.0002356275664
0.3312,149.9998120441343,171.60023757205045
0.33140000000000003,149.99987570499232,175.20024093080556
0.3316,149.99989221116354,178.80024143973364
0.33180000000000004,149.99997337530596,-177.59975853550932
0.332,149.99996323798766,-173.99975839675344
0.3322,149.99956814457525,-170.39994279738826
0.33240000000000003,150.00007984238195,-166.7997643884709
0.3326,150.00007337727956,-163.19976379964106
0.33280000000000004,150.00014559607598,-159.59977147916487
0.333,150.0001631942695,-155.99977395082422
0.3332,150.00021692430062,-152.39978292676415
0.33340000000000003,150.0002380532321,-148.79978712834347
0.3336,150.00028214210087,-145.19979725354696
0.33380000000000004,150.00030336004843,-141.59980286913824
0.334,150.000342403397,-137.9998146308207
0.3342,150.0003626130838,-134.39982156508736
0.33440000000000003,150.00039457596964,-130.79983396090822
0.3346,150.00041250120213,-127.19984186833072
0.33480000000000004,150.0004394051024,-123.59985534605278
0.335,150.00045509515226,-119.9998643421975
0.3352,150.00047693768386,-116.39987873807256
0.33540000000000003,150.00048983050883,-112.79988863466549
0.3356,150.00050654041627,-109.19990376646066
0.33580000000000004,150.0005157704012,-105.59991388358094
0.336,150.00052654593028,-101.99992861632198
0.3362,150.00053238826195,-98.39993911479014
0.33640000000000003,150.00053823258276,-94.79995424637077
0.3366,150.00054070339243,-91.19996544275924
0.33680000000000004,150.0005416098632,-87.59998173367191
0.337,150.00054041999084,-83.99999247404098
0.3372,150.0005365152993,-80.40000666666226
0.33740000000000003,150.0005318330276,-76.80001726829657
0.3376,150.00052273712296,-73.20003211098657
0.3378,150.00051456731433,-69.60004245494075
0.338,150.00050069524505,-66.00005670929835
0.3382,150.0004891717349,-62.40006659565352
0.33840000000000003,150.00047198028895,-58.800079173307545
0.3386,150.0004579741374,-55.20008801302226
0.3388,150.0004368472795,-51.60009963031094
0.339,150.00042000421323,-48.00010774882523
0.3392,150.00039699502565,-44.40011752204833
0.33940000000000003,150.00037858250911,-40.800124414282536
0.3396,150.00035065060302,-37.200133617832655
0.3398,150.00032898892135,-33.60013989376999
0.34,150.0002981435448,-30.000147711354458
0.3402,150.00027473311258,-26.400152867316343
0.34040000000000004,150.00024377608057,-22.800158733713126
0.3406,150.00022024418058,-19.200162509151873
0.3408,150.0001875094727,-15.60016685602622
0.341,150.0001645010747,-12.000169299841248
0.3412,150.0001299868241,-8.400172068813218
0.34140000000000004,150.00010562147995,-4.800173424439553
0.3416,150.00007256254696,-1.2001744565487484
0.3418,150.00004844483,2.399825360359924
0.342,150.00001214794335,5.999825966695421
0.3422,149.9999900991203,9.599826869923639
0.34240000000000004,149.9999558800913,13.199829130253068
0.3426,149.99993548041692,16.799830979637292
0.3428,149.99990061681638,20.399835075588495
0.343,149.99988288245123,23.99983762040285
0.3432,149.99984672631925,27.599843902573372
0.34340000000000004,149.99983346999684,31.199846575692078
0.3436,149.99979848706334,34.79985485822734
0.3438,149.9997913702613,38.399856754052365
0.34400000000000003,149.99975075331784,41.99986934564669
0.3442,149.99975144086466,45.59986910930778
0.34440000000000004,149.99971193331604,49.199884807535454
0.3446,149.9997180501427,52.799882110689445
0.3448,149.99967712549858,56.3999034172337
0.34500000000000003,149.99969209098882,59.999894962845204
0.3452,149.999645891978,63.59992856529426
0.34540000000000004,149.99968657911202,67.19990098508067
0.3456,149.9996820814873,70.80001537421992
0.3458,149.99964633437068,74.39999537685839
0.34600000000000003,149.99965555863548,77.9999230768299
0.3462,149.99961939754397,81.5999640557026
0.34640000000000004,149.99962107806212,85.19995947440391
0.3466,149.99961577026323,88.79997891429075
0.3468,149.99961565843,92.39998081377482
0.34700000000000003,149.99961735598362,95.99999815114374
0.3472,149.99961819956096,99.60000120625685
0.34740000000000004,149.99962506588753,103.20001651671647
0.3476,149.99962660449663,106.8000190179072
0.3478,149.99963893490286,110.40003445836211
0.34800000000000003,149.99964062524876,114.0000361925223
0.3482,149.99965890520593,117.60005171328902
0.34840000000000004,149.99965988531702,121.20005242903657
0.3486,149.9996807663299,124.80006572481928
0.3488,149.99968350180765,128.40006722961155
0.34900000000000003,149.99971154966542,132.00008061275253
0.3492,149.99971250361614,135.60008101697872
0.34940000000000004,149.99975191344043,139.20009494423607
0.3496,149.99973330209068,142.8000885121733
0.3498,150.00006311650063,146.4000729478624
0.35000000000000003,149.99981318112918,150.00010956031375
0.3502,149.99978382773767,153.60010361292518
0.3504,149.999833890786,157.2001138967386
0.3506,149.99983404772618,160.80011392194288
0.3508,149.99987177452172,164.40011914306942
0.35100000000000003,149.99987953053838,168.0001199768814
0.3512,149.99990946566916,171.60012253838514
0.3514,149.99992156828475,175.2001232384172
0.3516,149.99994859345767,178.80012417200436
0.3518,149.99996285023252,-177.59987569777786
0.35200000000000004,149.99998826225072,-173.9998760620507
0.3522,150.00000356965108,-170.39987666258006
0.3524,150.00002768246938,-166.7998781900933
0.3526,150.00004335815987,-163.1998795824847
0.3528,150.00006616973374,-159.5998821902223
0.35300000000000004,150.00008170568935,-155.9998843869188
0.3532,150.00010308682687,-152.39988800503545
0.3534,150.00011806727704,-148.79989098778174
0.3536,150.0001378343178,-145.1998955460887
0.3538,150.0001519038334,-141.59989927395515
0.35400000000000004,150.00016985297165,-137.99990469659392
0.3542,150.00018156510183,-134.3999087251438
0.3544,150.00019757168246,-130.7999149831033
0.3546,150.00020872952936,-127.19991993087002
0.3548,150.00022268937846,-123.59992697862239
0.35500000000000004,150.00023111228148,-119.9999318441612
0.3552,150.0002416458378,-116.39993886707734
0.3554,150.00024816147248,-112.79994391593384
0.3556,150.00025658722313,-109.19995167160815
0.3558,150.00026109901472,-105.59995667837262
0.35600000000000004,150.0002672436429,-101.99996531251325
0.3562,150.00026972803224,-98.39996988420053
0.3564,150.0002733091102,-94.7999800092674
0.35660000000000003,150.0002738559684,-91.19998280228094
0.3568,150.00026715880443,-87.6000085829302
0.35700000000000004,150.00027337241647,-83.99999637298218
0.3572,150.00027307394382,-80.39999753896903
0.3574,150.00026860094042,-76.80000929021755
0.35760000000000003,150.0002659453001,-73.20001376739648
0.3578,150.00025993776788,-69.60002167410137
0.35800000000000004,150.0002556007876,-66.00002621072517
0.3582,150.0002478328838,-62.4000329880131
0.3584,150.00024159349059,-58.800037593204046
0.35860000000000003,150.00023098810635,-55.200044336353635
0.3588,150.0002228357551,-51.60004883624629
0.35900000000000004,150.00021187368463,-48.00005414201975
0.3592,150.0002011120807,-44.40005872651999
0.3594,150.00018845241013,-40.80006348728452
0.35960000000000003,150.00017748884562,-37.20006711721428
0.3598,150.0001635521845,-33.60007117516827
0.36000000000000004,150.00015134164292,-30.000074284875417
0.3602,150.00013632075422,-26.40007760957908
0.3604,150.0001230792377,-22.800080128240626
0.36060000000000003,150.00010718777526,-19.200082688447882
0.3608,150.00009483075297,-15.600084335328177
0.36100000000000004,150.00007835150922,-12.000086093792827
0.3612,150.00006372275686,-8.40008728158673
0.3614,150.00004679669544,-4.800088235531318
0.36160000000000003,150.0000319004984,-1.200088712038803
0.3618,150.00001696862944,2.3999111684843357
0.36200000000000004,150.00000386182126,5.999911378910501
0.3622,149.99998900122608,9.599911977004066
0.3624,149.99997608089703,13.199912813563452
0.36260000000000003,149.99996151157688,16.79991412194011
0.3628,149.99994899589964,20.399915568506376
0.36300000000000004,149.99993493314057,23.99991757117177
0.3632,149.99992303401848,27.599919599636436
0.3634,149.999909684983,31.199922272693108
0.36360000000000003,149.99989860472422,34.79992484281329
0.3638,149.99988616515552,38.39992815588194
0.364,149.9998760933145,41.999931214834305
0.3642,149.99986474439856,45.59993513348091
0.3644,149.99985585483918,49.199938614708984
0.36460000000000004,149.99984576026074,52.799943104809266
0.3648,149.99983820850446,56.399946925195366
0.365,149.99982951172518,59.99995196172995
0.3652,149.99982343264702,63.59995601452987
0.3654,149.99981742094,67.19996068234978
0.36560000000000004,149.9998127130424,70.79996499124611
0.3658,149.9998083090727,74.39996986006217
0.366,149.99980550372172,77.99997373188698
0.3662,149.99980213083504,81.5999799367968
0.3664,149.9998005159781,85.1999842382881
0.36660000000000004,149.99979916495437,88.7999909579092
0.3668,149.99979901074354,92.39999487358105
0.367,149.99979982279692,96.00000097365943
0.3672,149.99980068613112,99.60000392710829
0.3674,149.99980638801583,103.20001458921507
0.36760000000000004,149.99980617105922,106.80001432229324
0.3678,149.99980619166527,110.40001434844288
0.368,149.99981353135726,114.00002262539705
0.3682,149.99981672958342,117.60002544010855
0.3684,149.99982397814563,121.2000308703207
0.36860000000000004,149.9998288862905,124.80003400668441
0.3688,149.9998370598366,128.40003855683045
0.369,149.99984247697512,132.00004118495877
0.36920000000000003,149.99985143297138,135.60004500233237
0.3694,149.99985911009253,139.2000478840341
0.36960000000000004,149.99986912584353,142.80005119843224
0.3698,149.99987778718688,146.4000537167526
0.37,149.9998887182512,150.00005649918313
0.37020000000000003,149.9998967345726,153.60005826854874
0.3704,149.99990842547393,157.20006048249311
0.37060000000000004,149.99991855394651,160.80006210623523
0.3708,149.99993092010783,164.40006374692655
0.371,149.99993971655823,168.00006467930012
0.37120000000000003,149.99995292249184,171.60006573547457
0.3714,149.99996333642045,175.2000663109389
0.37160000000000004,149.999977147898,178.80006673211156
0.3718,149.99998540580708,-177.5999332180977
0.372,150.00000137761594,-173.99993353636464
0.37220000000000003,150.00000721472938,-170.39993380022136
0.3724,150.00004923329084,-166.79993774126436
0.37260000000000004,150.00003021522147,-163.19993556959997
0.3728,150.00003228007893,-159.59993578608217
0.373,150.00004988110595,-155.9999381640807
0.37320000000000003,150.00005675585754,-152.39993930967862
0.3734,150.00006786411058,-148.79994149044757
0.37360000000000004,150.00007496874403,-145.1999431158222
0.3738,150.00008462813932,-141.59994565495862
0.374,150.0000914462911,-137.99994770411897
0.37420000000000003,150.00009989757586,-134.39995059116148
0.3744,150.00010614840286,-130.79995301621722
0.37460000000000004,150.0001134278938,-127.1999562209509
0.3748,150.00011892140716,-123.59995897345551
0.375,150.00012500383383,-119.99996245541054
0.37520000000000003,150.0001295991808,-116.39996548422889
0.3754,150.0001344415592,-112.79996919612961
0.37560000000000004,150.00013731513843,-109.19997180045523
0.3758,150.00014083203743,-105.59997565200102
0.376,150.00014335503573,-101.9999790991636
0.37620000000000003,150.00014557450413,-98.39998308323554
0.3764,150.00014694548005,-94.79998662731761
0.3766,150.0001478371278,-91.19999068476676
0.3768,150.0001480321062,-87.59999426610476
0.377,150.00014758236495,-83.99999833678261
0.37720000000000004,150.00014659952953,-80.40000189498821
0.3774,150.00014517034268,-76.80000511859458
0.3776,150.0001434626862,-73.20000789560238
0.3778,150.0001403567439,-69.60001181337722
0.378,150.00013778951597,-66.00001443979419
0.37820000000000004,150.00013422249575,-62.40001748736679
0.3784,150.00013084105444,-58.800019947983294
0.3786,150.00012625269264,-55.20002282892363
0.3788,150.00012214021157,-51.60002507878438
0.379,150.00011655715633,-48.00002775519119
0.37920000000000004,150.00011182604078,-44.40002975111699
0.3794,150.0001035025058,-40.80003283923914
0.3796,150.00009874053936,-37.200034393152215
0.3798,150.0000903740957,-33.60003678408813
0.38,150.00008582847033,-30.000037917793446
0.38020000000000004,150.00007485082617,-26.400040265957692
0.3804,150.00007230168194,-22.800040728197946
0.3806,150.00001527179134,-19.20004660474522
0.3808,150.00005512852266,-15.600043238224195
0.381,150.0000536378022,-12.00004341126725
0.38120000000000004,150.00004206462205,-8.400044428529718
0.3814,150.00003920109972,-4.8000446008674365
0.3816,150.00002871767612,-1.2000449660166481
0.38180000000000003,150.00002249618507,2.399954971749772
0.382,150.00001277378408,5.9999551098362325
0.38220000000000004,150.0000061572347,9.599955365922254
0.3824,149.99999695096125,13.199955948318001
0.3826,149.9999902305359,16.799956542775877
0.38280000000000003,149.99998151429796,20.39995753853778
0.383,149.99997489449837,23.99995847263447
0.38320000000000004,149.99996671372003,27.599959856385244
0.3834,149.9999603587261,31.19996112016756
0.3836,149.99995278607034,34.79996286581764
0.38380000000000003,149.99994837154415,38.39996403517002
0.384,149.99994316588106,41.99996560821434
0.38420000000000004,149.99993914542594,45.59996698889287
0.3844,149.99993451977537,49.19996879090884
0.3846,149.99993097053445,52.799970360002305
0.38480000000000003,149.99992575039556,56.39997298638632
0.385,149.99992273875176,59.99997471887306
0.38520000000000004,149.99991944797122,63.59997689813103
0.3854,149.99991615971138,67.19997943011107
0.3856,149.99991361830467,70.79998174034321
0.38580000000000003,149.9999118240511,74.39998371007812
0.386,149.99990949876116,77.99998689956706
0.38620000000000004,149.99990839159432,81.59998889974229
0.3864,149.999907420545,85.19999143388542
0.3866,149.99990698457702,88.79999345129713
0.38680000000000003,149.99990685395923,92.39999603852544
0.387,149.99990708228958,95.99999803223336
0.38720000000000004,149.99990781560135,99.60000064336825
0.3874,149.99990868068667,103.20000256948438
0.3876,149.9999103038574,106.80000518020292
0.38780000000000003,149.9999117502392,110.40000699007805
0.388,149.99991430660802,114.00000958627943
0.38820000000000005,149.9999162335954,117.60001122137305
0.3884,149.99991982570083,121.20001381308775
0.3886,149.9999220362946,124.80001518889178
0.38880000000000003,149.99992698418893,128.40001786119984
0.389,149.99992896932682,132.00001879846613
0.38920000000000005,149.99993699676145,135.60002208120576
0.3894,149.99993525030857,139.2000214714008
0.3896,149.99993069154982,142.8000198867927
0.38980000000000004,149.99994595009417,146.40002480369805
0.39,149.99994821650137,150.00002539726052
0.3902,149.99995592518917,153.6000271427245
0.3904,149.9999597143577,157.2000278744577
0.3906,149.99996677881015,160.80002902927063
0.39080000000000004,149.99997128776525,164.4000296383415
0.391,149.99997820637708,168.00003038865918
0.3912,149.9999814743076,171.6000306577685
0.3914,149.99998800499088,175.2000310313564
0.3916,149.9999916437522,178.8000311496846
0.39180000000000004,149.99999804593614,-177.59996879797697
0.392,150.0000017583108,-173.99996885777347
0.3922,150.00000816872247,-170.39996911762984
0.3924,150.00001168990823,-166.79996934751898
0.3926,150.0000182666739,-163.19996994409732
0.39280000000000004,150.0000212604704,-159.59997029405767
0.393,150.0000260192622,-155.99997097972357
0.3932,150.00002861835893,-152.39997142804714
0.3934,150.00003602499777,-148.79997293833281
0.3936,150.0000389177712,-145.19997362336804
0.39380000000000004,150.00004501911943,-141.59997529840194
0.394,150.00004443056312,-137.99997511045535
0.3942,150.00003557065116,-134.39997234010713
0.39440000000000003,150.00005413234246,-130.79997863371833
0.3946,150.00005391348125,-127.1999785401856
0.39480000000000004,150.00005842196973,-123.59998075380244
0.395,150.0000602813244,-119.99998180282897
0.3952,150.00006368640214,-116.3999840150308
0.39540000000000003,150.00006458713713,-112.79998469789426
0.3956,150.00006756865034,-109.19998737274888
0.39580000000000004,150.0000685581605,-105.59998844673706
0.396,150.00006991020302,-101.9999902756188
0.3962,150.0000705727669,-98.39999145174222
0.39640000000000003,150.00007128850083,-94.79999327457698
0.3966,150.00007156766947,-91.19999451543336
0.39680000000000004,150.00007167493834,-87.59999632013748
0.397,150.0000715402552,-83.99999759364528
0.3972,150.0000710597021,-80.3999993630817
0.39740000000000003,150.00007049819055,-76.80000064013417
0.3976,150.00006945017407,-73.20000235467785
0.39780000000000004,150.00006846233597,-69.60000360826598
0.398,150.00006617023348,-66.00000596573099
0.3982,150.00006395597552,-62.40000786700113
0.39840000000000003,150.00006091244722,-58.80001009179167
0.3986,150.00005910432597,-55.20001123170581
0.39880000000000004,150.00005651725166,-51.6000126525547
0.399,150.0000543550472,-48.00001369363654
0.3992,150.00005131085385,-44.400014983538036
0.39940000000000003,150.00004883721954,-40.80001590749882
0.3996,150.00004537326805,-37.20001704759322
0.39980000000000004,150.00004263922867,-33.60001783863
0.4,150.0000387952912,-30.000018811642235
0.4002,150.00003586044042,-26.400019456873434
