time(s),30%,50%,70%,90%
0.0,172.2072,202.2072,232.2072,262.2072
0.0002,166.6661,196.4668,226.2674,256.0681
0.0004,160.6457,190.2483,219.851,249.4536
0.0006,154.1684,183.5744,212.9803,242.3863
0.0008,147.2588,176.4694,205.6799,234.8905
0.001,139.9429,168.9593,197.9758,226.9923
0.0012,132.2484,161.072,189.8957,218.7194
0.0014,124.2045,152.8366,181.4688,210.101
0.0016,115.8418,144.2837,172.7257,201.1676
0.0018,107.1923,135.4452,163.6981,191.9511
0.002,98.2888,126.354,154.4192,182.4844
0.0022,89.1655,117.0442,144.9229,172.8016
0.0024,79.8571,107.5506,135.2441,162.9376
0.0026,70.3994,97.9089,125.4183,152.9278
0.0028,60.8285,88.1552,115.4819,142.8086
0.003,51.1812,78.3263,105.4714,132.6165
0.0032,41.4943,68.4591,95.4238,122.3886
0.0034,31.8052,58.5907,85.3763,112.1619
0.0036,22.1508,48.7584,75.3661,101.9737
0.0038,12.5684,38.9992,65.43,91.8608
0.004,3.0945,29.3497,55.6049,81.8601
0.0042,-6.2344,19.8464,45.9271,72.0079
0.0044,-15.3825,10.5249,36.4324,62.3399
0.0046,-24.3148,1.4205,27.1558,52.8911
0.0048,-32.9972,-7.4328,18.1315,43.6958
0.005,-41.3962,-16.0018,9.3927,34.7871
0.0052,-49.4799,-24.2541,0.9716,26.1973
0.0054,-57.2172,-32.1591,-7.101,17.9571
0.0056,-64.5788,-39.6872,-14.7956,10.096
0.0058,-71.5365,-46.8102,-22.084,2.6422
0.006,-78.0638,-53.5019,-28.9399,-4.378
0.0062,-84.136,-59.7373,-35.3385,-10.9398
0.0064,-89.7301,-65.4935,-41.2569,-17.0203
0.0066,-94.825,-70.7494,-46.6738,-22.5983
0.0068,-99.4015,-75.4859,-51.5703,-27.6547
0.007,-103.4425,-79.6859,-55.9292,-32.1725
0.0072,-106.9331,-83.3343,-59.7355,-36.1366
0.0074,-109.8605,-86.4184,-62.9764,-39.5344
0.0076,-112.2139,-88.9276,-65.6413,-42.355
0.0078,-113.985,-90.8535,-67.7219,-44.5904
0.008,-115.1678,-92.19,-69.2121,-46.2343
0.0082,-115.7586,-92.9334,-70.1082,-47.2831
0.0084,-115.7558,-93.0823,-70.4088,-47.7353
0.0086,-115.1605,-92.6377,-70.1148,-47.592
0.0088,-113.9759,-91.6027,-69.2295,-46.8563
0.009,-112.2075,-89.983,-67.7584,-45.5339
0.0092,-109.8633,-87.7864,-65.7095,-43.6327
0.0094,-106.9533,-85.0231,-63.0929,-41.1627
0.0096,-103.4899,-81.7054,-59.921,-38.1365
0.0098,-99.4877,-77.848,-56.2083,-34.5685
0.01,-94.9633,-73.4674,-51.9714,-30.4755
0.0102,-89.9354,-68.5823,-47.2292,-25.8761
0.0104,-84.4248,-63.2136,-42.0024,-20.7911
0.0106,-78.454,-57.3838,-36.3135,-15.2432
0.0108,-72.0475,-51.1172,-30.1869,-9.2566
0.011,-65.2313,-44.4401,-23.6489,-2.8577
0.0112,-58.0332,-37.3802,-16.7271,3.926
0.0114,-50.4825,-29.9666,-9.4508,11.0651
0.0116,-42.6097,-22.2301,-1.8506,18.5289
0.0118,-34.4467,-14.2026,6.0415,26.2856
0.012,-26.0266,-5.917,14.1926,34.3022
0.0122,-17.3834,2.5926,22.5686,42.5446
0.0124,-8.552,11.2913,31.1345,50.9778
0.0126,0.432,20.1434,39.8548,59.5662
0.0128,9.5322,29.1126,48.6931,68.2735
0.013,18.712,38.1624,57.6127,77.063
0.0132,27.9344,47.2555,66.5766,85.8977
0.0134,37.1623,56.355,75.5477,94.7404
0.0136,46.3584,65.4236,84.4888,103.5539
0.0138,55.4856,74.4241,93.3627,112.3012
0.014,64.5073,83.32,102.1326,120.9453
0.0142,73.387,92.0747,110.7623,129.45
0.0144,82.0889,100.6524,119.2159,137.7794
0.0146,90.578,109.0182,127.4584,145.8985
0.0148,98.8201,117.1377,135.4553,153.773
0.015,106.7818,124.9777,143.1736,161.3695
0.0152,114.431,132.506,150.581,168.656
0.0154,121.7368,139.6917,157.6466,175.6015
0.0156,128.6696,146.5052,164.3409,182.1765
0.0158,135.2014,152.9185,170.6357,188.3528
0.016,141.3057,158.9051,176.5045,194.1039
0.0162,146.9577,164.4402,181.9226,199.4051
0.0164,152.1344,169.5007,186.867,204.2333
0.0166,156.8147,174.0656,191.3164,208.5673
0.0168,160.9793,178.1156,195.2518,212.3881
0.017,164.6112,181.6336,198.656,215.6784
0.0172,167.6954,184.6047,201.514,218.4233
0.0174,170.2189,187.0159,203.8128,220.6098
0.0176,172.1713,188.8566,205.542,222.2273
0.0178,173.544,190.1185,206.693,223.2675
0.018,174.3311,190.7955,207.2598,223.7242
0.0182,174.5288,190.8837,207.2387,223.5936
0.0184,174.1355,190.3818,206.6281,222.8744
0.0186,173.1523,189.2907,205.429,221.5673
0.0188,171.5824,187.6135,203.6446,219.6757
0.019,169.4312,185.3558,201.2804,217.205
0.0192,166.7068,182.5255,198.3443,214.1631
0.0194,163.4191,179.1327,194.8464,210.5601
0.0196,159.5805,175.1898,190.799,206.4083
0.0198,155.2056,170.7111,186.2167,201.7222
0.02,150.311,165.7135,181.116,196.5185
0.0202,144.9154,160.2155,175.5157,190.8159
0.0204,139.0394,154.2379,169.4365,184.635
0.0206,132.7058,147.8033,162.9008,177.9983
0.0208,125.9387,140.936,155.9332,170.9304
0.021,118.7645,133.662,148.5596,163.4572
0.0212,111.2107,126.0093,140.8078,155.6064
0.0214,103.3066,118.0068,132.7071,147.4073
0.0216,95.0828,109.6854,124.2879,138.8905
0.0218,86.5712,101.0767,115.5823,130.0878
0.022,77.8047,92.2139,106.623,121.0322
0.0222,68.8175,83.1309,97.4443,111.7577
0.0224,59.6443,73.8626,88.081,102.2993
0.0226,50.3209,64.4447,78.5686,92.6924
0.0228,40.8834,54.9134,68.9434,82.9734
0.023,31.3686,45.3054,59.2422,73.1789
0.0232,21.8134,35.6576,49.5018,63.3459
0.0234,12.255,26.0072,39.7594,53.5116
0.0236,2.7306,16.3914,30.0522,43.713
0.0238,-6.7228,6.8472,20.4173,33.9873
0.024,-16.0685,-2.5886,10.8913,24.3711
0.0242,-25.27,-11.8797,1.5106,14.9009
0.0244,-34.2917,-20.9904,-7.689,5.6123
0.0246,-43.0984,-29.8854,-16.6725,-3.4595
0.0248,-51.6559,-38.5307,-25.4056,-12.2804
0.025,-59.931,-46.893,-33.8551,-20.8171
0.0252,-67.8915,-54.9402,-41.9888,-29.0375
0.0254,-75.5065,-62.6412,-49.776,-36.9107
0.0256,-82.7465,-69.9668,-57.187,-44.4072
0.0258,-89.5835,-76.8886,-64.1938,-51.4989
0.026,-95.9909,-83.3804,-70.7699,-58.1594
0.0262,-101.944,-89.4173,-76.8905,-64.3638
0.0264,-107.4198,-94.9763,-82.5328,-70.0893
0.0266,-112.3971,-100.0363,-87.6755,-75.3147
0.0268,-116.8569,-104.5782,-92.2995,-80.0208
0.027,-120.7819,-108.5849,-96.3878,-84.1907
0.0272,-124.1573,-112.0413,-99.9252,-87.8092
0.0274,-126.9702,-114.9347,-102.8991,-90.8636
0.0276,-129.2099,-117.2543,-105.2988,-93.3432
0.0278,-130.8681,-118.992,-107.1159,-95.2397
0.028,-131.9388,-120.1416,-108.3443,-96.5471
0.0282,-132.4181,-120.6993,-108.9804,-97.2616
0.0284,-132.3047,-120.6637,-109.0227,-97.3818
0.0286,-131.5994,-120.0358,-108.4722,-96.9085
0.0288,-130.3055,-118.8188,-107.332,-95.8452
0.029,-128.4287,-117.0182,-105.6077,-94.1973
0.0292,-125.9766,-114.642,-103.3073,-91.9727
0.0294,-122.9596,-111.7002,-100.4409,-89.1816
0.0296,-119.3898,-108.2053,-97.0208,-85.8363
0.0298,-115.282,-104.1718,-93.0616,-81.9514
0.03,-110.6526,-99.6163,-88.5799,-77.5435
0.0302,-105.5205,-94.5575,-83.5944,-72.6314
0.0304,-99.9064,-89.0162,-78.1259,-67.2357
0.0306,-93.8327,-83.0149,-72.197,-61.3792
0.0308,-87.324,-76.578,-65.832,-55.0861
0.031,-80.4063,-69.7317,-59.0572,-48.3826
0.0312,-73.1074,-62.5037,-51.9001,-41.2965
0.0314,-65.4565,-54.9233,-44.3901,-33.8569
0.0316,-57.4842,-47.021,-36.5578,-26.0946
0.0318,-49.2224,-38.8287,-28.435,-18.0413
0.032,-40.7041,-30.3795,-20.0548,-9.7302
0.0322,-31.9633,-21.7073,-11.4513,-1.1953
0.0324,-23.0351,-12.8472,-2.6593,7.5285
0.0326,-13.9549,-3.8347,6.2855,16.4056
0.0328,-4.7591,5.2939,15.3468,25.3997
0.033,4.5157,14.5019,24.488,34.4741
0.0332,13.8325,23.7523,33.672,43.5918
0.0334,23.154,33.0079,42.8618,52.7156
0.0336,32.4432,42.2316,52.02,61.8084
0.0338,41.6629,51.3863,61.1096,70.833
0.034,50.7764,60.4352,70.0939,79.7527
0.0342,59.7473,69.3419,78.9365,88.5311
0.0344,68.5399,78.0707,87.6016,97.1324
0.0346,77.1191,86.5865,96.054,105.5215
0.0348,85.4505,94.8551,104.2597,113.6643
0.035,93.501,102.8431,112.1852,121.5273
0.0352,101.2385,110.5185,119.7985,129.0785
0.0354,108.6319,117.8503,127.0687,136.287
0.0356,115.6519,124.809,133.9661,143.1232
0.0358,122.2702,131.3664,140.4627,149.559
0.036,128.4604,137.4962,146.5321,155.5679
0.0362,134.1978,143.1735,152.1493,161.1251
0.0364,139.4592,148.3754,157.2915,166.2077
0.0366,144.2237,153.0806,161.9375,170.7944
0.0368,148.472,157.27,166.0681,174.8661
0.037,152.187,160.9266,169.6662,178.4058
0.0372,155.3537,164.0352,172.7167,181.3983
0.0374,157.9593,166.5831,175.207,183.8308
0.0376,159.9931,168.5596,177.1262,185.6927
0.0378,161.4468,169.9564,178.466,186.9756
0.038,162.3142,170.7673,179.2204,187.6735
0.0382,162.5917,170.9886,179.3855,187.7824
0.0384,162.2778,170.6189,178.96,187.3012
0.0386,161.3734,169.6591,177.9448,186.2305
0.0388,159.8817,168.1123,176.343,184.5736
0.039,157.8083,165.9842,174.1602,182.3362
0.0392,155.161,163.2827,171.4043,179.5259
0.0394,151.9501,160.0177,168.0854,176.1531
0.0396,148.1877,156.2018,164.2158,172.2299
0.0398,143.8885,151.8493,159.8101,167.7709
0.04,139.0691,146.977,154.8849,162.7928
0.0402,133.7482,141.6035,149.4589,157.3143
0.0404,127.9464,135.7496,143.5528,151.356
0.0406,121.6865,129.4378,137.1891,144.9405
0.0408,114.9927,122.6925,130.3923,138.0921
0.041,107.8911,115.5398,123.1885,130.8371
0.0412,100.4096,108.0074,115.6053,123.2031
0.0414,92.5773,100.1246,107.672,115.2193
0.0416,84.4248,91.922,99.4192,106.9164
0.0418,75.984,83.4313,90.8787,98.3261
0.042,67.2879,74.6858,82.0837,89.4816
0.0422,58.3705,65.7192,73.068,80.4167
0.0424,49.2668,56.5667,63.8666,71.1665
0.0426,40.0123,47.2637,54.5151,61.7665
0.0428,30.6433,37.8466,45.0498,52.253
0.043,21.1965,28.3519,35.5073,42.6627
0.0432,11.7089,18.8168,25.9246,33.0324
0.0434,2.2177,9.2783,16.3389,23.3995
0.0436,-7.2401,-0.2264,6.7873,13.801
0.0438,-16.6272,-9.6602,-2.6931,4.274
0.044,-25.9071,-18.9863,-12.0655,-5.1447
0.0442,-35.0433,-28.1685,-21.2936,-14.4188
0.0444,-44.0,-37.1709,-30.3417,-23.5126
0.0446,-52.7422,-45.9584,-39.1747,-32.3909
0.0448,-61.2356,-54.4969,-47.7583,-41.0196
0.045,-69.447,-62.7531,-56.0592,-49.3653
0.0452,-77.3443,-70.6949,-64.0455,-57.396
0.0454,-84.8965,-78.2913,-71.686,-65.0808
0.0456,-92.0742,-85.5128,-78.9514,-72.3901
0.0458,-98.8491,-92.3314,-85.8136,-79.2959
0.046,-105.195,-98.7205,-92.2461,-85.7716
0.0462,-111.0869,-104.6555,-98.2241,-91.7926
0.0464,-116.5019,-110.1132,-103.7245,-97.3358
0.0466,-121.4189,-115.0727,-108.7264,-102.3802
0.0468,-125.8188,-119.5147,-113.2106,-106.9065
0.047,-129.6843,-123.4221,-117.1599,-110.8977
0.0472,-133.0005,-126.7799,-120.5594,-114.3388
0.0474,-135.7546,-129.5754,-123.3961,-117.2169
0.0476,-137.936,-131.7978,-125.6596,-119.5214
0.0478,-139.5362,-133.4388,-127.3414,-121.244
0.048,-140.5493,-134.4924,-128.4355,-122.3786
0.0482,-140.9714,-134.9547,-128.9381,-122.9214
0.0484,-140.8011,-134.8244,-128.8478,-122.8711
0.0486,-140.0394,-134.1024,-128.1655,-122.2285
0.0488,-138.6895,-132.7919,-126.8944,-120.9969
0.049,-136.7569,-130.8985,-125.0402,-119.1819
0.0492,-134.2495,-128.4301,-122.6107,-116.7913
0.0494,-131.1775,-125.3967,-119.616,-113.8353
0.0496,-127.5531,-121.8108,-116.0685,-110.3262
0.0498,-123.391,-117.6869,-111.9827,-106.2785
0.05,-118.7078,-113.0415,-107.3753,-101.709
0.0502,-113.5222,-107.8936,-102.2649,-96.6363
0.0504,-107.8548,-102.2636,-96.6724,-91.0812
0.0506,-101.7284,-96.1743,-90.6202,-85.0662
0.0508,-95.1672,-89.65,-84.1329,-78.6157
0.051,-88.1974,-82.7169,-77.2364,-71.7559
0.0512,-80.8467,-75.4026,-69.9585,-64.5144
0.0514,-73.1444,-67.7364,-62.3285,-56.9206
0.0516,-65.121,-59.749,-54.377,-49.005
0.0518,-56.8084,-51.4721,-46.1358,-40.7996
0.052,-48.2397,-42.9389,-37.6381,-32.3372
0.0522,-39.4489,-34.1833,-28.9177,-23.6521
0.0524,-30.4709,-25.2403,-20.0097,-14.7791
0.0526,-21.3413,-16.1455,-10.9496,-5.7537
0.0528,-12.0964,-6.9351,-1.7737,3.3876
0.053,-2.7729,2.3542,7.4812,12.6083
0.0532,6.5923,11.6853,16.7783,21.8712
0.0534,15.9619,21.0211,26.0802,31.1394
0.0536,25.2989,30.3244,35.3499,40.3755
0.0538,34.5661,39.5582,44.5504,49.5425
0.054,43.7267,48.6857,53.6447,58.6036
0.0542,52.7445,57.6705,62.5965,67.5226
0.0544,61.5836,66.4769,71.3702,76.2635
0.0546,70.209,75.0697,79.9305,84.7913
0.0548,78.5863,83.4148,88.2433,93.0718
0.055,86.6825,91.4789,96.2753,101.0717
0.0552,94.4652,99.2298,103.9943,108.7588
0.0554,101.9037,106.6366,111.3694,116.1023
0.0556,108.9683,113.6697,118.3712,123.0726
0.0558,115.631,120.3012,124.9714,129.6416
0.056,121.8654,126.5045,131.1437,135.7828
0.0562,127.6466,132.2549,136.8632,141.4715
0.0564,132.9515,137.5292,142.107,146.6847
0.0566,137.7592,142.3065,146.8538,151.4011
0.0568,142.0505,146.5676,151.0846,155.6017
0.057,145.8082,150.2952,154.7823,159.2693
0.0572,149.0173,153.4745,157.9318,162.389
0.0574,151.665,156.0926,160.5202,164.9478
0.0576,153.7406,158.1388,162.537,166.9352
0.0578,155.2358,159.6048,163.9738,168.3428
0.058,156.1445,160.4845,164.8245,169.1644
0.0582,156.463,160.7741,165.0853,169.3964
0.0584,156.1898,160.4723,164.7548,169.0372
0.0586,155.3259,159.5799,163.8339,168.0879
0.0588,153.8743,158.1001,162.3259,166.5516
0.059,151.8409,156.0385,160.2362,164.4339
0.0592,149.2333,153.4031,157.5728,161.7426
0.0594,146.0617,150.2038,154.3458,158.4879
0.0596,142.3385,146.453,150.5676,154.6821
0.0598,138.0781,142.1653,146.2525,150.3398
0.06,133.2973,137.3574,141.4174,145.4775
0.0602,128.0147,132.0478,136.0809,140.114
0.0604,122.2511,126.2574,130.2637,134.2699
0.0606,116.029,120.0086,123.9883,127.968
0.0608,109.3728,113.326,117.2792,121.2324
0.061,102.3086,106.2355,110.1625,114.0894
0.0612,94.8641,98.765,102.6658,106.5667
0.0614,87.0686,90.9436,94.8185,98.6935
0.0616,78.9527,82.8019,86.6511,90.5003
0.0618,70.5483,74.3719,78.1955,82.0191
0.062,61.8883,65.6865,69.4847,73.2829
0.0622,53.0068,56.7798,60.5528,64.3257
0.0624,43.9387,47.6866,51.4345,55.1824
0.0626,34.7197,38.4427,42.1657,45.8887
0.0628,25.3859,29.0841,32.7824,36.4807
0.063,15.974,19.6477,23.3214,26.9951
0.0632,6.5211,10.1704,13.8197,17.469
0.0634,-2.9357,0.6894,4.3144,7.9394
0.0636,-12.3592,-8.7582,-5.1573,-1.5563
0.0638,-21.7123,-18.1353,-14.5583,-10.9813
0.064,-30.9584,-27.4051,-23.8519,-20.2986
0.0642,-40.061,-36.5314,-33.0017,-29.4721
0.0644,-48.9844,-45.4782,-41.972,-38.4658
0.0646,-57.6935,-54.2106,-50.7277,-47.2448
0.0648,-66.154,-62.6942,-59.2345,-55.7747
0.065,-74.3327,-70.896,-67.4592,-64.0224
0.0652,-82.1976,-78.7836,-75.3697,-71.9558
0.0654,-89.7175,-86.3263,-82.935,-79.5438
0.0656,-96.8631,-93.4944,-90.1257,-86.757
0.0658,-103.6063,-100.26,-96.9136,-93.5673
0.066,-109.9205,-106.5964,-103.2723,-99.9482
0.0662,-115.7811,-112.4791,-109.177,-105.875
0.0664,-121.1649,-117.8848,-114.6048,-111.3247
0.0666,-126.0509,-122.7926,-119.5344,-116.2761
0.0668,-130.4199,-127.1833,-123.9467,-120.7101
0.067,-134.2549,-131.0398,-127.8247,-124.6095
0.0672,-137.5408,-134.347,-131.1533,-127.9595
0.0674,-140.2647,-137.0922,-133.9196,-130.7471
0.0676,-142.4161,-139.2646,-136.1132,-132.9617
0.0678,-143.9866,-140.856,-137.7255,-134.595
0.068,-144.97,-141.8603,-138.7506,-135.6409
0.0682,-145.3628,-142.2737,-139.1847,-136.0956
0.0684,-145.1633,-142.0948,-139.0263,-135.9577
0.0686,-144.3726,-141.3245,-138.2763,-135.2282
0.0688,-142.9939,-139.966,-136.9381,-133.9102
0.069,-141.0327,-138.0249,-135.0172,-132.0094
0.0692,-138.4969,-135.5091,-132.5214,-129.5336
0.0694,-135.3967,-132.4288,-129.4608,-126.4929
0.0696,-131.7443,-128.7961,-125.8479,-122.8997
0.0698,-127.5544,-124.6257,-121.6971,-118.7685
0.07,-122.8435,-119.9343,-117.0252,-114.116
0.0702,-117.6304,-114.7405,-111.8507,-108.9609
0.0704,-111.9357,-109.0651,-106.1945,-103.3238
0.0706,-105.7821,-102.9306,-100.079,-97.2275
0.0708,-99.194,-96.3614,-93.5288,-90.6962
0.071,-92.1975,-89.3837,-86.5699,-83.7561
0.0712,-84.8202,-82.0251,-79.23,-76.4349
0.0714,-77.0915,-74.3149,-71.5384,-68.7619
0.0716,-69.0418,-66.2838,-63.5257,-60.7676
0.0718,-60.7032,-57.9635,-55.2238,-52.484
0.072,-52.1087,-49.3871,-46.6656,-43.9441
0.0722,-43.2922,-40.5887,-37.8853,-35.1818
0.0724,-34.2886,-31.6031,-28.9176,-26.2321
0.0726,-25.1337,-22.466,-19.7984,-17.1307
0.0728,-15.8636,-13.2137,-10.5637,-7.9138
0.073,-6.515,-3.8827,-1.2504,1.382
0.0732,2.875,5.4899,8.1047,10.7195
0.0734,12.2694,14.8669,17.4643,20.0618
0.0736,21.6309,24.2111,26.7913,29.3715
0.0738,30.9224,33.4855,36.0485,38.6116
0.074,40.1073,42.6533,45.1993,47.7454
0.0742,49.1491,51.6782,54.2073,56.7364
0.0744,58.0121,60.5244,63.0367,65.549
0.0746,66.6612,69.1568,71.6524,74.148
0.0748,75.0622,77.5412,80.0202,82.4992
0.075,83.1817,85.6443,88.1068,90.5694
0.0752,90.9877,93.4339,95.8801,98.3263
0.0754,98.4493,100.8792,103.3092,105.7391
0.0756,105.5369,107.9507,110.3645,112.7782
0.0758,112.2224,114.6202,117.0179,119.4157
0.076,118.4794,120.8612,123.243,125.6248
0.0762,124.2831,126.649,129.015,131.381
0.0764,129.6104,131.9607,134.3109,136.6612
0.0766,134.4403,136.7749,139.1096,141.4443
0.0768,138.7536,141.0727,143.3919,145.711
0.077,142.5332,144.8369,147.1406,149.4444
0.0772,145.764,148.0525,150.3409,152.6293
0.0774,148.4333,150.7066,152.9798,155.253
0.0776,150.5304,152.7886,155.0467,157.3048
0.0778,152.047,154.2901,156.5332,158.7763
0.078,152.9769,155.2051,157.4333,159.6615
0.0782,153.3164,155.5298,157.7433,159.9567
0.0784,153.0642,155.2629,157.4615,159.6602
0.0786,152.221,154.405,156.5891,158.7732
0.0788,150.7901,152.9597,155.1292,157.2988
0.079,148.7771,150.9323,153.0874,155.2426
0.0792,146.1899,148.3307,150.4715,152.6124
0.0794,143.0385,145.1651,147.2917,149.4183
0.0796,139.3353,141.4478,143.5603,145.6728
0.0798,135.095,137.1934,139.2918,141.3903
0.08,130.334,132.4185,134.503,136.5875
0.0802,125.0711,127.1417,129.2124,131.2831
0.0804,119.327,121.3839,123.4408,125.4977
0.0806,113.1243,115.1675,117.2108,119.254
0.0808,106.4874,108.5171,110.5467,112.5764
0.081,99.4424,101.4586,103.4747,105.4909
0.0812,92.017,94.0198,96.0225,98.0253
0.0814,84.2404,86.2299,88.2193,90.2088
0.0816,76.1433,78.1196,80.0958,82.072
0.0818,67.7575,69.7206,71.6838,73.6469
0.082,59.1161,61.0662,63.0162,64.9663
0.0822,50.253,52.1901,54.1272,56.0644
0.0824,41.2032,43.1275,45.0517,46.9759
0.0826,32.0023,33.9138,35.8252,37.7367
0.0828,22.6866,24.5853,26.4841,28.3828
0.083,13.2927,15.1788,17.0649,18.9511
0.0832,3.8576,5.7312,7.6048,9.4784
0.0834,-5.5815,-3.7203,-1.8592,0.002
0.0836,-14.9874,-13.1386,-11.2898,-9.441
0.0838,-24.3231,-22.4866,-20.6501,-18.8136
0.084,-33.5518,-31.7275,-29.9032,-28.0789
0.0842,-42.6372,-40.825,-39.0129,-37.2007
0.0844,-51.5435,-49.7433,-47.9432,-46.1431
0.0846,-60.2355,-58.4474,-56.6592,-54.871
0.0848,-68.6792,-66.9029,-65.1266,-63.3503
0.085,-76.8411,-75.0767,-73.3122,-71.5477
0.0852,-84.6893,-82.9365,-81.1838,-79.431
0.0854,-92.1927,-90.4516,-88.7105,-86.9693
0.0856,-99.3219,-97.5923,-95.8628,-94.1332
0.0858,-106.0487,-104.3306,-102.6126,-100.8945
0.086,-112.3467,-110.64,-108.9334,-107.2268
0.0862,-118.1911,-116.4958,-114.8005,-113.1052
0.0864,-123.5589,-121.8749,-120.1908,-118.5068
0.0866,-128.429,-126.7562,-125.0833,-123.4105
0.0868,-132.7823,-131.1205,-129.4588,-127.7971
0.087,-136.6015,-134.9508,-133.3001,-131.6494
0.0872,-139.8718,-138.2321,-136.5924,-134.9526
0.0874,-142.5803,-140.9514,-139.3226,-137.6938
0.0876,-144.7163,-143.0982,-141.4802,-139.8622
0.0878,-146.2714,-144.6642,-143.0569,-141.4497
0.088,-147.2397,-145.6432,-144.0466,-142.45
0.0882,-147.6174,-146.0314,-144.4454,-142.8595
0.0884,-147.403,-145.8275,-144.2521,-142.6767
0.0886,-146.5974,-145.0324,-143.4674,-141.9025
0.0888,-145.2039,-143.6493,-142.0947,-140.5402
0.089,-143.228,-141.6838,-140.1395,-138.5953
0.0892,-140.6776,-139.1437,-137.6097,-136.0757
0.0894,-137.5629,-136.0391,-134.5153,-132.9915
0.0896,-133.8961,-132.3825,-130.8688,-129.3552
0.0898,-129.6919,-128.1883,-126.6847,-125.1811
0.09,-124.9668,-123.4732,-121.9796,-120.486
0.0902,-119.7396,-118.2559,-116.7722,-115.2885
0.0904,-114.0309,-112.5571,-111.0833,-109.6094
0.0906,-107.8634,-106.3994,-104.9354,-103.4713
0.0908,-101.2615,-99.8072,-98.3529,-96.8985
0.091,-94.2512,-92.8065,-91.3619,-89.9172
0.0912,-86.8603,-85.4252,-83.9902,-82.5551
0.0914,-79.118,-77.6925,-76.2669,-74.8414
0.0916,-71.0549,-69.6388,-68.2228,-66.8068
0.0918,-62.7029,-61.2963,-59.8897,-58.483
0.092,-54.0951,-52.6978,-51.3005,-49.9032
0.0922,-45.2654,-43.8774,-42.4894,-41.1014
0.0924,-36.2487,-34.8699,-33.4911,-32.1124
0.0926,-27.0807,-25.7111,-24.3415,-22.9719
0.0928,-17.7977,-16.4372,-15.0767,-13.7161
0.093,-8.4363,-7.0848,-5.7333,-4.3818
0.0932,0.9666,2.3091,3.6515,4.994
0.0934,10.3736,11.7072,13.0407,14.3743
0.0936,19.7477,21.0724,22.3971,23.7218
0.0938,29.0517,30.3677,31.6836,32.9995
0.094,38.249,39.5562,40.8634,42.1705
0.0942,47.3032,48.6017,49.9002,51.1987
0.0944,56.1785,57.4683,58.7582,60.048
0.0946,64.8397,66.121,67.4023,68.6836
0.0948,73.2528,74.5256,75.7983,77.0711
0.095,81.3844,82.6487,83.913,85.1773
0.0952,89.2023,90.4582,91.7141,92.9701
0.0954,96.6757,97.9233,99.1709,100.4185
0.0956,103.7751,105.0144,106.2537,107.493
0.0958,110.4723,111.7034,112.9344,114.1655
0.096,116.741,117.9638,119.1867,120.4096
0.0962,122.5562,123.7709,124.9857,126.2004
0.0964,127.895,129.1017,130.3083,131.515
0.0966,132.7363,133.9349,135.1336,136.3322
0.0968,137.0609,138.2516,139.4423,140.633
0.097,140.8517,142.0345,143.2173,144.4001
0.0972,144.0938,145.2687,146.4436,147.6185
0.0974,146.7742,147.9413,149.1084,150.2755
0.0976,148.8823,150.0417,151.201,152.3604
0.0978,150.4098,151.5615,152.7131,153.8648
0.098,151.3506,152.4946,153.6386,154.7826
0.0982,151.7009,152.8373,153.9737,155.1101
0.0984,151.4594,152.5882,153.7171,154.8459
0.0986,150.6268,151.7482,152.8695,153.9909
0.0988,149.2066,150.3205,151.4344,152.5483
0.099,147.2041,148.3106,149.4171,150.5236
0.0992,144.6273,145.7265,146.8256,147.9247
0.0994,141.4863,142.5782,143.67,144.7618
0.0996,137.7935,138.8781,139.9627,141.0473
0.0998,133.5634,134.6407,135.7181,136.7955
0.1,128.8125,129.8828,130.953,132.0232
0.1002,123.5598,124.6229,125.686,126.7491
0.1004,117.8257,118.8818,119.9378,120.9939
0.1006,111.633,112.682,113.7311,114.7801
0.1008,105.006,106.0481,107.0901,108.1322
0.101,97.9708,99.006,100.0411,101.0762
0.1012,90.5552,91.5835,92.6117,93.64
0.1014,82.7884,83.8098,84.8312,85.8526
0.1016,74.7009,75.7155,76.7302,77.7448
0.1018,66.3247,67.3326,68.3405,69.3484
0.102,57.6928,58.694,59.6952,60.6964
0.1022,48.8392,49.8337,50.8283,51.8228
0.1024,39.7988,40.7867,41.7746,42.7626
0.1026,30.6072,31.5886,32.57,33.5513
0.1028,21.3007,22.2756,23.2504,24.2253
0.103,11.916,12.8844,13.8528,14.8212
0.1032,2.4901,3.452,4.414,5.3759
0.1034,-6.9399,-5.9844,-5.0288,-4.0733
0.1036,-16.3368,-15.3876,-14.4384,-13.4892
0.1038,-25.6635,-24.7206,-23.7777,-22.8349
0.104,-34.8833,-33.9467,-33.0101,-32.0735
0.1042,-43.9599,-43.0295,-42.0991,-41.1687
0.1044,-52.8574,-51.9331,-51.0089,-50.0847
0.1046,-61.5407,-60.6226,-59.7045,-58.7864
0.1048,-69.9757,-69.0637,-68.1517,-67.2397
0.105,-78.129,-77.2231,-76.3172,-75.4112
0.1052,-85.9686,-85.0687,-84.1688,-83.2689
0.1054,-93.4635,-92.5696,-91.6757,-90.7817
0.1056,-100.5842,-99.6962,-98.8083,-97.9203
0.1058,-107.3027,-106.4206,-105.5385,-104.6564
0.106,-113.5923,-112.7161,-111.8399,-110.9637
0.1062,-119.4285,-118.5581,-117.6877,-116.8173
0.1064,-124.7881,-123.9234,-123.0588,-122.1942
0.1066,-129.65,-128.7911,-127.9323,-127.0734
0.1068,-133.9951,-133.142,-132.2888,-131.4356
0.107,-137.8063,-136.9588,-136.1113,-135.2638
0.1072,-141.0686,-140.2267,-139.3849,-138.543
0.1074,-143.7691,-142.9328,-142.0966,-141.2603
0.1076,-145.8972,-145.0665,-144.2358,-143.4051
0.1078,-147.4445,-146.6193,-145.7941,-144.969
0.108,-148.405,-147.5853,-146.7656,-145.9459
0.1082,-148.7749,-147.9607,-147.1464,-146.3322
0.1084,-148.5528,-147.744,-146.9351,-146.1263
0.1086,-147.7396,-146.9361,-146.1326,-145.3292
0.1088,-146.3385,-145.5404,-144.7422,-143.9441
0.109,-144.3551,-143.5623,-142.7694,-141.9766
0.1092,-141.7972,-141.0097,-140.2221,-139.4345
0.1094,-138.6751,-137.8927,-137.1104,-136.3281
0.1096,-135.0009,-134.2238,-133.4466,-132.6695
0.1098,-130.7893,-130.0173,-129.2454,-128.4734
0.11,-126.0569,-125.2901,-124.5233,-123.7564
0.1102,-120.8225,-120.0607,-119.299,-118.5372
0.1104,-115.1066,-114.35,-113.5933,-112.8366
0.1106,-108.932,-108.1803,-107.4287,-106.677
0.1108,-102.3229,-101.5763,-100.8296,-100.0829
0.111,-95.3056,-94.5639,-93.8222,-93.0805
0.1112,-87.9077,-87.1709,-86.4341,-85.6973
0.1114,-80.1584,-79.4265,-78.6946,-77.9628
0.1116,-72.0884,-71.3614,-70.6344,-69.9074
0.1118,-63.7296,-63.0074,-62.2852,-61.563
0.112,-55.1149,-54.3975,-53.6801,-52.9627
0.1122,-46.2784,-45.5658,-44.8532,-44.1406
0.1124,-37.255,-36.5471,-35.8393,-35.1314
0.1126,-28.0804,-27.3772,-26.674,-25.9708
0.1128,-18.7907,-18.0922,-17.3937,-16.6952
0.113,-9.4227,-8.7288,-8.0349,-7.3411
0.1132,-0.0133,0.676,1.3652,2.0545
0.1134,9.4002,10.0849,10.7696,11.4543
0.1136,18.7808,19.4609,20.1411,20.8212
0.1138,28.0913,28.7669,29.4425,30.1181
0.114,37.295,37.9661,38.6372,39.3083
0.1142,46.3555,47.0221,47.6888,48.3555
0.1144,55.237,55.8993,56.5615,57.2237
0.1146,63.9046,64.5624,65.2202,65.8781
0.1148,72.3238,72.9773,73.6308,74.2842
0.115,80.4616,81.1107,81.7598,82.4089
0.1152,88.2857,88.9305,89.5753,90.2201
0.1154,95.7652,96.4057,97.0462,97.6868
0.1156,102.8706,103.5069,104.1431,104.7794
0.1158,109.5738,110.2059,110.8379,111.47
0.116,115.8484,116.4763,117.1041,117.7319
0.1162,121.6696,122.2932,122.9169,123.5406
0.1164,127.0143,127.6338,128.2533,128.8729
0.1166,131.8614,132.4768,133.0922,133.7076
0.1168,136.1919,136.8032,137.4145,138.0258
0.117,139.9885,140.5957,141.203,141.8102
0.1172,143.2362,143.8395,144.4427,145.0459
0.1174,145.9223,146.5215,147.1208,147.72
0.1176,148.0361,148.6314,149.2266,149.8218
0.1178,149.5692,150.1605,150.7518,151.3431
0.118,150.5156,151.103,151.6903,152.2777
0.1182,150.8715,151.455,152.0384,152.6219
0.1184,150.6355,151.215,151.7946,152.3742
0.1186,149.8084,150.3841,150.9598,151.5356
0.1188,148.3936,148.9655,149.5373,150.1092
0.119,146.3965,146.9646,147.5327,148.1008
0.1192,143.8251,144.3894,144.9537,145.518
0.1194,140.6894,141.25,141.8106,142.3711
0.1196,137.0019,137.5587,138.1156,138.6724
0.1198,132.777,133.3301,133.8833,134.4364
0.12,128.0314,128.5809,129.1304,129.6798
0.1202,122.7838,123.3297,123.8755,124.4213
0.1204,117.055,117.5972,118.1393,118.6815
0.1206,110.8674,111.406,111.9445,112.4831
0.1208,104.2454,104.7805,105.3155,105.8505
0.121,97.2153,97.7468,98.2782,98.8097
0.1212,89.8047,90.3326,90.8606,91.3885
0.1214,82.0429,82.5673,83.0917,83.6161
0.1216,73.9603,74.4813,75.0022,75.5231
0.1218,65.5891,66.1065,66.624,67.1415
0.122,56.962,57.4761,57.9901,58.5041
0.1222,48.1133,48.6239,49.1345,49.6451
0.1224,39.0777,39.5849,40.0921,40.5994
0.1226,29.8909,30.3948,30.8986,31.4025
0.1228,20.5892,21.0897,21.5902,22.0907
0.123,11.2092,11.7064,12.2036,12.7008
0.1232,1.788,2.2819,2.7758,3.2696
0.1234,-7.6373,-7.1467,-6.6561,-6.1655
0.1236,-17.0296,-16.5423,-16.0549,-15.5676
0.1238,-26.3517,-25.8676,-25.3835,-24.8994
0.124,-35.567,-35.0861,-34.6052,-34.1243
0.1242,-44.639,-44.1613,-43.6836,-43.2059
0.1244,-53.5319,-53.0574,-52.5829,-52.1084
0.1246,-62.2108,-61.7394,-61.2681,-60.7967
0.1248,-70.6413,-70.1731,-69.7048,-69.2366
0.125,-78.7902,-78.3251,-77.86,-77.3949
0.1252,-86.6254,-86.1634,-85.7014,-85.2393
0.1254,-94.116,-93.657,-93.1981,-92.7391
0.1256,-101.2323,-100.7764,-100.3205,-99.8646
0.1258,-107.9465,-107.4936,-107.0407,-106.5878
0.126,-114.2319,-113.782,-113.3321,-112.8823
0.1262,-120.0638,-119.6169,-119.17,-118.7231
0.1264,-125.4191,-124.9752,-124.5313,-124.0874
0.1266,-130.2769,-129.8359,-129.395,-128.954
0.1268,-134.6178,-134.1798,-133.7418,-133.3037
0.127,-138.4249,-137.9898,-137.5547,-137.1195
0.1272,-141.6831,-141.2508,-140.8186,-140.3864
0.1274,-144.3795,-143.9501,-143.5208,-143.0914
0.1276,-146.5035,-146.077,-145.6505,-145.224
0.1278,-148.0468,-147.6232,-147.1995,-146.7758
0.128,-149.0033,-148.5825,-148.1616,-147.7408
0.1282,-149.3693,-148.9512,-148.5331,-148.1151
0.1284,-149.1432,-148.7279,-148.3126,-147.8974
0.1286,-148.326,-147.9135,-147.501,-147.0885
0.1288,-146.9211,-146.5113,-146.1015,-145.6917
0.129,-144.9338,-144.5267,-144.1197,-143.7126
0.1292,-142.3721,-141.9677,-141.5634,-141.159
0.1294,-139.2461,-138.8444,-138.4427,-138.0411
0.1296,-135.5681,-135.1691,-134.7701,-134.3711
0.1298,-131.3528,-130.9564,-130.5601,-130.1637
0.13,-126.6166,-126.2229,-125.8292,-125.4355
0.1302,-121.3785,-120.9874,-120.5963,-120.2052
0.1304,-115.6589,-115.2704,-114.8819,-114.4934
0.1306,-109.4806,-109.0947,-108.7088,-108.3229
0.1308,-102.8679,-102.4846,-102.1012,-101.7178
0.131,-95.8469,-95.4661,-95.0853,-94.7045
0.1312,-88.4454,-88.0671,-87.6889,-87.3106
0.1314,-80.6926,-80.3168,-79.9411,-79.5653
0.1316,-72.6191,-72.2458,-71.8725,-71.4993
0.1318,-64.2567,-63.8859,-63.5151,-63.1443
0.132,-55.6385,-55.2702,-54.9019,-54.5335
0.1322,-46.7985,-46.4327,-46.0668,-45.7009
0.1324,-37.7717,-37.4083,-37.0448,-36.6814
0.1326,-28.5936,-28.2326,-27.8716,-27.5105
0.1328,-19.3005,-18.9419,-18.5833,-18.2246
0.133,-9.9291,-9.5729,-9.2166,-8.8604
0.1332,-0.5164,-0.1625,0.1914,0.5453
0.1334,8.9005,9.252,9.6036,9.9551
0.1336,18.2844,18.6336,18.9828,19.332
0.1338,27.5982,27.945,28.2919,28.6388
0.134,36.8051,37.1497,37.4943,37.8388
0.1342,45.8689,46.2112,46.5535,46.8957
0.1344,54.7537,55.0937,55.4337,55.7737
0.1346,63.4244,63.7622,64.0999,64.4377
0.1348,71.8469,72.1824,72.5179,72.8534
0.135,79.9878,80.3211,80.6543,80.9876
0.1352,87.815,88.1461,88.4771,88.8082
0.1354,95.2977,95.6265,95.9554,96.2842
0.1356,102.4062,102.7329,103.0595,103.3862
0.1358,109.1125,109.437,109.7615,110.086
0.136,115.3902,115.7125,116.0349,116.3572
0.1362,121.2144,121.5346,121.8548,122.175
0.1364,126.5621,126.8802,127.1983,127.5163
0.1366,131.4123,131.7282,132.0442,132.3601
0.1368,135.7457,136.0595,136.3734,136.6873
0.137,139.5452,139.857,140.1688,140.4806
0.1372,142.796,143.1057,143.4154,143.7251
0.1374,145.485,145.7926,146.1003,146.4079
0.1376,147.6017,147.9073,148.2129,148.5185
0.1378,149.1377,149.4413,149.7448,150.0484
0.138,150.0869,150.3885,150.6901,150.9916
0.1382,150.4457,150.7452,151.0448,151.3443
0.1384,150.2125,150.51,150.8076,151.1051
0.1386,149.3882,149.6838,149.9794,150.275
0.1388,147.9762,148.2698,148.5634,148.857
0.139,145.9819,146.2735,146.5652,146.8569
0.1392,143.4132,143.7029,143.9927,144.2824
0.1394,140.2803,140.5681,140.8559,141.1437
0.1396,136.5955,136.8814,137.1672,137.4531
0.1398,132.3733,132.6573,132.9413,133.2253
0.14,127.6304,127.9125,128.1946,128.4767
0.1402,122.3855,122.6657,122.9459,123.2262
0.1404,116.6592,116.9376,117.216,117.4943
0.1406,110.4743,110.7508,111.0273,111.3038
0.1408,103.855,104.1296,104.4043,104.679
0.141,96.8274,97.1003,97.3731,97.646
0.1412,89.4194,89.6904,89.9615,90.2325
0.1414,81.6601,81.9293,82.1986,82.4678
0.1416,73.5801,73.8476,74.115,74.3825
0.1418,65.2114,65.4771,65.7427,66.0084
0.142,56.5869,56.8508,57.1147,57.3786
0.1422,47.7406,48.0028,48.2649,48.5271
0.1424,38.7075,38.9679,39.2283,39.4887
0.1426,29.5232,29.7819,30.0406,30.2992
0.1428,20.2239,20.4809,20.7378,20.9948
0.143,10.8464,11.1016,11.3569,11.6121
0.1432,1.4275,1.6811,1.9347,2.1882
0.1434,-7.9954,-7.7435,-7.4916,-7.2398
0.1436,-17.3853,-17.1351,-16.8849,-16.6347
0.1438,-26.7051,-26.4565,-26.208,-25.9594
0.144,-35.9179,-35.6711,-35.4242,-35.1773
0.1442,-44.9876,-44.7424,-44.4971,-44.2518
0.1444,-53.8783,-53.6346,-53.391,-53.1474
0.1446,-62.5548,-62.3128,-62.0708,-61.8288
0.1448,-70.983,-70.7426,-70.5022,-70.2619
0.145,-79.1297,-78.8909,-78.6521,-78.4133
0.1452,-86.9626,-86.7254,-86.4882,-86.251
0.1454,-94.4509,-94.2153,-93.9797,-93.744
0.1456,-101.5651,-101.331,-101.097,-100.8629
0.1458,-108.277,-108.0445,-107.812,-107.5795
0.146,-114.5602,-114.3292,-114.0983,-113.8673
0.1462,-120.3899,-120.1605,-119.931,-119.7016
0.1464,-125.7431,-125.5152,-125.2873,-125.0594
0.1466,-130.5987,-130.3723,-130.1459,-129.9195
0.1468,-134.9375,-134.7126,-134.4878,-134.2629
0.147,-138.7425,-138.5191,-138.2957,-138.0723
0.1472,-141.9985,-141.7766,-141.5547,-141.3328
0.1474,-144.6929,-144.4724,-144.252,-144.0315
0.1476,-146.8148,-146.5958,-146.3769,-146.1579
0.1478,-148.3561,-148.1385,-147.921,-147.7035
0.148,-149.3105,-149.0944,-148.8783,-148.6623
0.1482,-149.6744,-149.4597,-149.2451,-149.0305
0.1484,-149.4463,-149.2331,-149.0199,-148.8067
0.1486,-148.6271,-148.4153,-148.2035,-147.9917
0.1488,-147.2201,-147.0098,-146.7994,-146.589
0.149,-145.2309,-145.0219,-144.8129,-144.6039
0.1492,-142.6672,-142.4596,-142.252,-142.0444
0.1494,-139.5392,-139.333,-139.1268,-138.9206
0.1496,-135.8593,-135.6545,-135.4496,-135.2448
0.1498,-131.6421,-131.4386,-131.2351,-131.0316
0.15,-126.904,-126.7019,-126.4997,-126.2976
0.1502,-121.6639,-121.4631,-121.2623,-121.0615
0.1504,-115.9425,-115.743,-115.5436,-115.3441
0.1506,-109.7623,-109.5641,-109.366,-109.1679
0.1508,-103.1477,-102.9509,-102.7541,-102.5572
0.151,-96.1249,-95.9294,-95.7339,-95.5383
0.1512,-88.7215,-88.5273,-88.3331,-88.1389
0.1514,-80.9668,-80.7739,-80.581,-80.3881
0.1516,-72.8915,-72.6998,-72.5082,-72.3166
0.1518,-64.5273,-64.3369,-64.1466,-63.9562
0.152,-55.9073,-55.7182,-55.5291,-55.34
0.1522,-47.0656,-46.8777,-46.6899,-46.5021
0.1524,-38.037,-37.8504,-37.6638,-37.4772
0.1526,-28.8571,-28.6718,-28.4864,-28.301
0.1528,-19.5623,-19.3781,-19.194,-19.0099
0.153,-10.1891,-10.0062,-9.8233,-9.6404
0.1532,-0.7747,-0.593,-0.4113,-0.2296
0.1534,8.6439,8.8244,9.0049,9.1854
0.1536,18.0295,18.2088,18.3881,18.5674
0.1538,27.345,27.5231,27.7012,27.8793
0.154,36.5536,36.7305,36.9075,37.0844
0.1542,45.6191,45.7948,45.9705,46.1463
0.1544,54.5055,54.6801,54.8547,55.0292
0.1546,63.1779,63.3513,63.5247,63.6981
0.1548,71.602,71.7743,71.9465,72.1188
0.155,79.7445,79.9157,80.0868,80.2579
0.1552,87.5734,87.7434,87.9133,88.0833
0.1554,95.0577,95.2265,95.3953,95.5642
0.1556,102.1678,102.3355,102.5032,102.6709
0.1558,108.8757,109.0423,109.2089,109.3755
0.156,115.1549,115.3204,115.4859,115.6514
0.1562,120.9807,121.1451,121.3095,121.4739
0.1564,126.3299,126.4933,126.6566,126.8199
0.1566,131.1816,131.3439,131.5061,131.6683
0.1568,135.5166,135.6777,135.8389,136.0
0.157,139.3177,139.4778,139.6378,139.7979
0.1572,142.5699,142.7289,142.8879,143.0469
0.1574,145.2604,145.4184,145.5763,145.7343
0.1576,147.3786,147.5355,147.6924,147.8493
0.1578,148.9161,149.072,149.2278,149.3837
0.158,149.8668,150.0217,150.1765,150.3313
0.1582,150.227,150.3808,150.5346,150.6884
0.1584,149.9953,150.148,150.3008,150.4536
0.1586,149.1725,149.3242,149.476,149.6277
0.1588,147.7618,147.9126,148.0633,148.2141
0.159,145.769,145.9187,146.0685,146.2182
0.1592,143.2017,143.3505,143.4992,143.648
0.1594,140.0702,140.218,140.3657,140.5135
0.1596,136.3868,136.5336,136.6804,136.8271
0.1598,132.166,132.3118,132.4576,132.6034
0.16,127.4245,127.5693,127.7141,127.859
0.1602,122.1809,122.3248,122.4687,122.6126
0.1604,116.4561,116.599,116.7419,116.8848
0.1606,110.2724,110.4144,110.5564,110.6983
0.1608,103.6545,103.7955,103.9365,104.0776
0.161,96.6283,96.7684,96.9085,97.0485
0.1612,89.2216,89.3607,89.4999,89.639
0.1614,81.4636,81.6018,81.7401,81.8783
0.1616,73.3849,73.5222,73.6596,73.7969
0.1618,65.0175,65.1539,65.2903,65.4267
0.162,56.3942,56.5297,56.6652,56.8007
0.1622,47.5493,47.6838,47.8184,47.953
0.1624,38.5174,38.6511,38.7848,38.9185
0.1626,29.3344,29.4672,29.6,29.7328
0.1628,20.0364,20.1683,20.3002,20.4322
0.163,10.6601,10.7911,10.9222,11.0532
0.1632,1.2425,1.3727,1.5028,1.633
0.1634,-8.1792,-8.0499,-7.9206,-7.7913
0.1636,-17.5679,-17.4394,-17.311,-17.1825
0.1638,-26.8865,-26.7589,-26.6312,-26.5036
0.164,-36.0981,-35.9714,-35.8446,-35.7179
0.1642,-45.1666,-45.0407,-44.9148,-44.7889
0.1644,-54.0561,-53.931,-53.8059,-53.6808
0.1646,-62.7314,-62.6072,-62.4829,-62.3587
0.1648,-71.1585,-71.0351,-70.9117,-70.7882
0.165,-79.304,-79.1814,-79.0588,-78.9362
0.1652,-87.1358,-87.014,-86.8922,-86.7704
0.1654,-94.6229,-94.5019,-94.381,-94.26
0.1656,-101.7359,-101.6158,-101.4956,-101.3754
0.1658,-108.4467,-108.3273,-108.208,-108.0886
0.166,-114.7288,-114.6102,-114.4916,-114.373
0.1662,-120.5574,-120.4396,-120.3218,-120.204
0.1664,-125.9095,-125.7925,-125.6754,-125.5584
0.1666,-130.764,-130.6477,-130.5315,-130.4153
0.1668,-135.1017,-134.9862,-134.8708,-134.7553
0.167,-138.9055,-138.7908,-138.6761,-138.5614
0.1672,-142.1605,-142.0466,-141.9326,-141.8187
0.1674,-144.8537,-144.7406,-144.6274,-144.5142
0.1676,-146.9746,-146.8622,-146.7498,-146.6374
0.1678,-148.5148,-148.4031,-148.2915,-148.1798
0.168,-149.4682,-149.3573,-149.2463,-149.1354
0.1682,-149.831,-149.7208,-149.6106,-149.5005
0.1684,-149.6019,-149.4924,-149.383,-149.2735
0.1686,-148.7817,-148.673,-148.5642,-148.4555
0.1688,-147.3737,-147.2657,-147.1577,-147.0496
0.169,-145.3834,-145.2761,-145.1688,-145.0615
0.1692,-142.8187,-142.7121,-142.6055,-142.499
0.1694,-139.6898,-139.5839,-139.478,-139.3721
0.1696,-136.0089,-135.9037,-135.7985,-135.6933
0.1698,-131.7906,-131.6861,-131.5816,-131.4771
0.17,-127.0515,-126.9478,-126.844,-126.7402
0.1702,-121.8105,-121.7074,-121.6043,-121.5012
0.1704,-116.0881,-115.9857,-115.8832,-115.7808
0.1706,-109.9069,-109.8052,-109.7034,-109.6017
0.1708,-103.2914,-103.1903,-103.0893,-102.9882
0.171,-96.2676,-96.1672,-96.0668,-95.9664
0.1712,-88.8633,-88.7636,-88.6638,-88.5641
0.1714,-81.1077,-81.0086,-80.9096,-80.8105
0.1716,-73.0314,-72.933,-72.8346,-72.7362
0.1718,-64.6663,-64.5685,-64.4708,-64.373
0.172,-56.0454,-55.9483,-55.8512,-55.7541
0.1722,-47.2027,-47.1062,-47.0098,-46.9134
0.1724,-38.1732,-38.0774,-37.9816,-37.8858
0.1726,-28.9924,-28.8972,-28.8021,-28.7069
0.1728,-19.6967,-19.6021,-19.5076,-19.4131
0.173,-10.3226,-10.2287,-10.1348,-10.0409
0.1732,-0.9073,-0.814,-0.7207,-0.6274
0.1734,8.5122,8.6049,8.6975,8.7902
0.1736,17.8987,17.9907,18.0828,18.1748
0.1738,27.215,27.3065,27.3979,27.4893
0.174,36.4245,36.5154,36.6062,36.697
0.1742,45.4908,45.581,45.6713,45.7615
0.1744,54.3781,54.4677,54.5574,54.647
0.1746,63.0514,63.1404,63.2294,63.3184
0.1748,71.4763,71.5647,71.6532,71.7416
0.175,79.6197,79.7075,79.7954,79.8832
0.1752,87.4493,87.5366,87.6239,87.7111
0.1754,94.9344,95.0211,95.1078,95.1945
0.1756,102.0454,102.1315,102.2176,102.3037
0.1758,108.7541,108.8396,108.9252,109.0107
0.176,115.0341,115.1191,115.2041,115.289
0.1762,120.8607,120.9451,121.0295,121.1139
0.1764,126.2108,126.2946,126.3784,126.4623
0.1766,131.0632,131.1465,131.2298,131.3131
0.1768,135.399,135.4817,135.5644,135.6472
0.177,139.2009,139.283,139.3652,139.4474
0.1772,142.4539,142.5355,142.6171,142.6988
0.1774,145.1452,145.2262,145.3073,145.3884
0.1776,147.2641,147.3447,147.4252,147.5058
0.1778,148.8024,148.8824,148.9624,149.0424
0.178,149.7538,149.8333,149.9128,149.9923
0.1782,150.1148,150.1937,150.2727,150.3517
0.1784,149.8838,149.9622,150.0406,150.1191
0.1786,149.0617,149.1396,149.2175,149.2954
0.1788,147.6518,147.7292,147.8066,147.884
0.179,145.6597,145.7366,145.8134,145.8903
0.1792,143.0932,143.1695,143.2459,143.3223
0.1794,139.9624,140.0382,140.1141,140.19
0.1796,136.2797,136.355,136.4304,136.5057
0.1798,132.0596,132.1344,132.2093,132.2842
0.18,127.3188,127.3931,127.4675,127.5418
0.1802,122.0759,122.1498,122.2237,122.2975
0.1804,116.3517,116.4251,116.4985,116.5719
0.1806,110.1688,110.2417,110.3146,110.3875
0.1808,103.5515,103.6239,103.6964,103.7688
0.181,96.526,96.598,96.6699,96.7418
0.1812,89.12,89.1914,89.2629,89.3343
0.1814,81.3627,81.4337,81.5046,81.5756
0.1816,73.2847,73.3552,73.4257,73.4962
0.1818,64.9179,64.9879,65.058,65.128
0.182,56.2953,56.3649,56.4345,56.504
0.1822,47.451,47.5201,47.5892,47.6583
0.1824,38.4198,38.4885,38.5571,38.6258
0.1826,29.2374,29.3056,29.3738,29.442
0.1828,19.9401,20.0078,20.0755,20.1433
0.183,10.5644,10.6317,10.699,10.7663
0.1832,1.1474,1.2143,1.2811,1.348
0.1834,-8.2736,-8.2072,-8.1408,-8.0744
0.1836,-17.6617,-17.5957,-17.5298,-17.4638
0.1838,-26.9796,-26.9141,-26.8486,-26.7831
0.184,-36.1907,-36.1256,-36.0605,-35.9954
0.1842,-45.2585,-45.1939,-45.1292,-45.0646
0.1844,-54.1474,-54.0831,-54.0189,-53.9547
0.1846,-62.8221,-62.7583,-62.6945,-62.6308
0.1848,-71.2486,-71.1852,-71.1218,-71.0585
0.185,-79.3935,-79.3305,-79.2676,-79.2046
0.1852,-87.2247,-87.1621,-87.0996,-87.0371
0.1854,-94.7112,-94.6491,-94.587,-94.5249
0.1856,-101.8236,-101.7619,-101.7002,-101.6385
0.1858,-108.5338,-108.4726,-108.4113,-108.35
0.186,-114.8153,-114.7545,-114.6936,-114.6327
0.1862,-120.6434,-120.5829,-120.5224,-120.4619
0.1864,-125.9949,-125.9348,-125.8747,-125.8146
0.1866,-130.8488,-130.7891,-130.7294,-130.6698
0.1868,-135.186,-135.1267,-135.0674,-135.0081
0.187,-138.9892,-138.9304,-138.8715,-138.8126
0.1872,-142.2437,-142.1852,-142.1267,-142.0682
0.1874,-144.9363,-144.8782,-144.8201,-144.762
0.1876,-147.0567,-146.999,-146.9413,-146.8835
0.1878,-148.5963,-148.539,-148.4817,-148.4243
0.188,-149.5492,-149.4922,-149.4353,-149.3783
0.1882,-149.9115,-149.8549,-149.7983,-149.7417
0.1884,-149.6818,-149.6256,-149.5694,-149.5132
0.1886,-148.8611,-148.8053,-148.7494,-148.6936
0.1888,-147.4525,-147.3971,-147.3416,-147.2862
0.189,-145.4617,-145.4066,-145.3515,-145.2965
0.1892,-142.8965,-142.8418,-142.7871,-142.7323
0.1894,-139.767,-139.7127,-139.6583,-139.604
0.1896,-136.0856,-136.0316,-135.9776,-135.9236
0.1898,-131.8668,-131.8132,-131.7595,-131.7059
0.19,-127.1273,-127.074,-127.0207,-126.9674
0.1902,-121.8857,-121.8328,-121.7799,-121.7269
0.1904,-116.1628,-116.1102,-116.0577,-116.0051
0.1906,-109.9811,-109.9289,-109.8767,-109.8245
0.1908,-103.3651,-103.3132,-103.2613,-103.2095
0.191,-96.3408,-96.2893,-96.2378,-96.1862
0.1912,-88.936,-88.8848,-88.8337,-88.7825
0.1914,-81.18,-81.1291,-81.0782,-81.0274
0.1916,-73.1032,-73.0527,-73.0021,-72.9516
0.1918,-64.7376,-64.6874,-64.6372,-64.5871
0.192,-56.1162,-56.0664,-56.0165,-55.9667
0.1922,-47.2731,-47.2236,-47.1741,-47.1245
0.1924,-38.2431,-38.1939,-38.1447,-38.0955
0.1926,-29.0619,-29.013,-28.9641,-28.9153
0.1928,-19.7657,-19.7171,-19.6686,-19.6201
0.193,-10.3912,-10.3429,-10.2947,-10.2465
0.1932,-0.9754,-0.9275,-0.8796,-0.8317
0.1934,8.4446,8.4922,8.5397,8.5873
0.1936,17.8315,17.8787,17.926,17.9733
0.1938,27.1483,27.1952,27.2422,27.2891
0.194,36.3582,36.4049,36.4515,36.4981
0.1942,45.425,45.4713,45.5176,45.5639
0.1944,54.3127,54.3587,54.4047,54.4507
0.1946,62.9864,63.0321,63.0778,63.1235
0.1948,71.4117,71.4571,71.5025,71.548
0.195,79.5555,79.6006,79.6458,79.6909
0.1952,87.3857,87.4305,87.4753,87.5201
0.1954,94.8712,94.9157,94.9602,95.0047
0.1956,101.9825,102.0267,102.0709,102.1151
0.1958,108.6917,108.7356,108.7795,108.8234
0.196,114.9721,115.0157,115.0594,115.103
0.1962,120.7991,120.8424,120.8857,120.9291
0.1964,126.1496,126.1926,126.2357,126.2787
0.1966,131.0025,131.0452,131.088,131.1307
0.1968,135.3386,135.3811,135.4235,135.466
0.197,139.1409,139.1831,139.2253,139.2675
0.1972,142.3943,142.4362,142.4781,142.52
0.1974,145.086,145.1276,145.1692,145.2109
0.1976,147.2053,147.2467,147.288,147.3294
0.1978,148.744,148.785,148.8261,148.8672
0.198,149.6958,149.7366,149.7774,149.8183
0.1982,150.0572,150.0977,150.1382,150.1788
0.1984,149.8265,149.8668,149.9071,149.9473
0.1986,149.0048,149.0448,149.0848,149.1248
0.1988,147.5953,147.6351,147.6748,147.7145
0.199,145.6036,145.643,145.6825,145.722
0.1992,143.0374,143.0766,143.1158,143.155
0.1994,139.907,139.9459,139.9849,140.0238
0.1996,136.2247,136.2634,136.302,136.3407
0.1998,132.0049,132.0434,132.0818,132.1202
0.2,127.2645,127.3027,127.3408,127.379
0.2002,122.022,122.0599,122.0979,122.1358
0.2004,116.2982,116.3359,116.3735,116.4112
0.2006,110.1156,110.153,110.1905,110.2279
0.2008,103.4987,103.5359,103.573,103.6102
0.201,96.4735,96.5105,96.5474,96.5843
0.2012,89.0679,89.1045,89.1412,89.1779
0.2014,81.3109,81.3473,81.3838,81.4202
0.2016,73.2332,73.2694,73.3056,73.3418
0.2018,64.8668,64.9028,64.9387,64.9747
0.202,56.2446,56.2803,56.316,56.3517
0.2022,47.4006,47.4361,47.4715,47.507
0.2024,38.3697,38.405,38.4402,38.4755
0.2026,29.1877,29.2227,29.2577,29.2927
0.2028,19.8906,19.9254,19.9602,19.995
0.203,10.5153,10.5498,10.5844,10.6189
0.2032,1.0987,1.133,1.1673,1.2016
0.2034,-8.3221,-8.288,-8.2539,-8.2198
0.2036,-17.7098,-17.6759,-17.6421,-17.6082
0.2038,-27.0274,-26.9938,-26.9601,-26.9265
0.204,-36.2382,-36.2048,-36.1713,-36.1379
0.2042,-45.3057,-45.2725,-45.2393,-45.2061
0.2044,-54.1942,-54.1613,-54.1283,-54.0953
0.2046,-62.8687,-62.8359,-62.8032,-62.7704
0.2048,-71.2948,-71.2623,-71.2298,-71.1972
0.205,-79.4394,-79.4071,-79.3748,-79.3425
0.2052,-87.2703,-87.2382,-87.2061,-87.174
0.2054,-94.7566,-94.7247,-94.6928,-94.6609
0.2056,-101.8687,-101.837,-101.8053,-101.7736
0.2058,-108.5786,-108.5471,-108.5156,-108.4842
0.206,-114.8598,-114.8285,-114.7973,-114.766
0.2062,-120.6875,-120.6564,-120.6254,-120.5943
0.2064,-126.0387,-126.0079,-125.977,-125.9462
0.2066,-130.8924,-130.8617,-130.8311,-130.8004
0.2068,-135.2292,-135.1988,-135.1684,-135.1379
0.207,-139.0322,-139.002,-138.9718,-138.9415
0.2072,-142.2864,-142.2563,-142.2263,-142.1963
0.2074,-144.9788,-144.9489,-144.9191,-144.8893
0.2076,-147.0988,-147.0692,-147.0396,-147.0099
0.2078,-148.6382,-148.6087,-148.5793,-148.5499
0.208,-149.5907,-149.5615,-149.5323,-149.503
0.2082,-149.9528,-149.9237,-149.8947,-149.8656
0.2084,-149.7228,-149.694,-149.6651,-149.6363
0.2086,-148.9018,-148.8732,-148.8445,-148.8158
0.2088,-147.493,-147.4645,-147.4361,-147.4076
0.209,-145.5019,-145.4736,-145.4454,-145.4171
0.2092,-142.9365,-142.9084,-142.8803,-142.8522
0.2094,-139.8067,-139.7788,-139.7509,-139.723
0.2096,-136.125,-136.0973,-136.0696,-136.0419
0.2098,-131.906,-131.8784,-131.8509,-131.8234
0.21,-127.1662,-127.1388,-127.1115,-127.0841
0.2102,-121.9244,-121.8972,-121.87,-121.8428
0.2104,-116.2012,-116.1742,-116.1472,-116.1202
0.2106,-110.0193,-109.9924,-109.9656,-109.9388
0.2108,-103.403,-103.3763,-103.3497,-103.3231
0.211,-96.3785,-96.352,-96.3255,-96.2991
0.2112,-88.9734,-88.9471,-88.9208,-88.8946
0.2114,-81.2171,-81.191,-81.1648,-81.1387
0.2116,-73.14,-73.1141,-73.0882,-73.0622
0.2118,-64.7742,-64.7485,-64.7227,-64.6969
0.212,-56.1526,-56.127,-56.1014,-56.0758
0.2122,-47.3092,-47.2838,-47.2584,-47.233
0.2124,-38.279,-38.2537,-38.2285,-38.2032
0.2126,-29.0975,-29.0724,-29.0474,-29.0223
0.2128,-19.8011,-19.7762,-19.7512,-19.7263
0.213,-10.4263,-10.4016,-10.3768,-10.3521
0.2132,-1.0103,-0.9857,-0.9611,-0.9365
0.2134,8.4099,8.4343,8.4587,8.4831
0.2136,17.797,17.8213,17.8455,17.8698
0.2138,27.114,27.1381,27.1622,27.1863
0.214,36.3242,36.3481,36.3721,36.396
0.2142,45.3912,45.4149,45.4387,45.4625
0.2144,54.2791,54.3027,54.3264,54.35
0.2146,62.953,62.9765,62.9999,63.0234
0.2148,71.3786,71.4019,71.4252,71.4485
0.215,79.5226,79.5458,79.5689,79.5921
0.2152,87.3529,87.376,87.399,87.422
0.2154,94.8387,94.8615,94.8844,94.9072
0.2156,101.9502,101.9729,101.9956,102.0183
0.2158,108.6596,108.6821,108.7047,108.7272
0.216,114.9403,114.9627,114.9851,115.0075
0.2162,120.7674,120.7897,120.8119,120.8342
0.2164,126.1181,126.1402,126.1623,126.1844
0.2166,130.9712,130.9932,131.0152,131.0371
0.2168,135.3076,135.3294,135.3512,135.373
0.217,139.1101,139.1317,139.1534,139.1751
0.2172,142.3637,142.3852,142.4067,142.4282
0.2174,145.0556,145.0769,145.0983,145.1197
0.2176,147.1751,147.1964,147.2176,147.2388
0.2178,148.714,148.7351,148.7562,148.7773
0.218,149.666,149.687,149.7079,149.7289
0.2182,150.0276,150.0484,150.0692,150.09
0.2184,149.7971,149.8178,149.8385,149.8592
0.2186,148.9756,148.9962,149.0167,149.0372
0.2188,147.5663,147.5867,147.6071,147.6275
0.219,145.5748,145.595,145.6153,145.6356
0.2192,143.0088,143.0289,143.0491,143.0692
0.2194,139.8786,139.8986,139.9186,139.9386
0.2196,136.1964,136.2163,136.2361,136.256
0.2198,131.9769,131.9966,132.0164,132.0361
0.22,127.2366,127.2562,127.2758,127.2954
0.2202,121.9943,122.0138,122.0333,122.0527
0.2204,116.2707,116.29,116.3094,116.3287
0.2206,110.0883,110.1075,110.1267,110.1459
0.2208,103.4716,103.4906,103.5097,103.5288
0.221,96.4466,96.4655,96.4845,96.5035
0.2212,89.0411,89.0599,89.0787,89.0976
0.2214,81.2843,81.303,81.3217,81.3404
0.2216,73.2068,73.2254,73.244,73.2626
0.2218,64.8406,64.859,64.8775,64.8959
0.222,56.2185,56.2368,56.2552,56.2735
0.2222,47.3747,47.3929,47.4111,47.4293
0.2224,38.344,38.3621,38.3802,38.3983
0.2226,29.1621,29.1801,29.1981,29.216
0.2228,19.8652,19.8831,19.901,19.9188
0.223,10.4901,10.5078,10.5255,10.5433
0.2232,1.0736,1.0912,1.1089,1.1265
0.2234,-8.347,-8.3295,-8.312,-8.2945
0.2236,-17.7345,-17.7171,-17.6997,-17.6824
0.2238,-27.052,-27.0347,-27.0174,-27.0002
0.224,-36.2626,-36.2454,-36.2282,-36.2111
0.2242,-45.3299,-45.3129,-45.2958,-45.2788
0.2244,-54.2183,-54.2014,-54.1844,-54.1675
0.2246,-62.8926,-62.8758,-62.859,-62.8421
0.2248,-71.3186,-71.3019,-71.2852,-71.2685
0.225,-79.463,-79.4464,-79.4298,-79.4132
0.2252,-87.2937,-87.2772,-87.2608,-87.2443
0.2254,-94.7798,-94.7635,-94.7471,-94.7307
0.2256,-101.8918,-101.8755,-101.8593,-101.843
0.2258,-108.6015,-108.5854,-108.5692,-108.5531
0.226,-114.8826,-114.8665,-114.8505,-114.8344
0.2262,-120.7102,-120.6942,-120.6783,-120.6623
0.2264,-126.0612,-126.0454,-126.0296,-126.0137
0.2266,-130.9147,-130.899,-130.8833,-130.8675
0.2268,-135.2514,-135.2358,-135.2202,-135.2046
0.227,-139.0543,-139.0388,-139.0232,-139.0077
0.2272,-142.3083,-142.2929,-142.2774,-142.262
0.2274,-145.0005,-144.9852,-144.9699,-144.9546
0.2276,-147.1205,-147.1052,-147.09,-147.0748
0.2278,-148.6597,-148.6445,-148.6294,-148.6143
0.228,-149.6121,-149.5971,-149.5821,-149.567
0.2282,-149.974,-149.9591,-149.9441,-149.9292
0.2284,-149.7439,-149.7291,-149.7143,-149.6994
0.2286,-148.9228,-148.908,-148.8933,-148.8786
0.2288,-147.5138,-147.4992,-147.4846,-147.4699
0.229,-145.5226,-145.5081,-145.4935,-145.479
0.2292,-142.957,-142.9425,-142.9281,-142.9137
0.2294,-139.8271,-139.8127,-139.7984,-139.7841
0.2296,-136.1453,-136.131,-136.1168,-136.1026
0.2298,-131.9261,-131.9119,-131.8978,-131.8837
0.23,-127.1861,-127.1721,-127.1581,-127.144
0.2302,-121.9442,-121.9302,-121.9163,-121.9023
0.2304,-116.2209,-116.207,-116.1932,-116.1793
0.2306,-110.0388,-110.0251,-110.0113,-109.9975
0.2308,-103.4224,-103.4087,-103.3951,-103.3814
0.231,-96.3978,-96.3842,-96.3706,-96.357
0.2312,-88.9926,-88.9791,-88.9656,-88.9521
0.2314,-81.2361,-81.2227,-81.2093,-81.1959
0.2316,-73.159,-73.1457,-73.1323,-73.119
0.2318,-64.793,-64.7798,-64.7666,-64.7533
0.232,-56.1713,-56.1581,-56.145,-56.1319
0.2322,-47.3278,-47.3147,-47.3017,-47.2886
0.2324,-38.2974,-38.2845,-38.2715,-38.2585
0.2326,-29.1158,-29.103,-29.0901,-29.0772
0.2328,-19.8193,-19.8065,-19.7937,-19.7809
0.233,-10.4444,-10.4317,-10.419,-10.4063
0.2332,-1.0283,-1.0156,-1.003,-0.9904
0.2334,8.392,8.4046,8.4171,8.4297
0.2336,17.7793,17.7917,17.8042,17.8167
0.2338,27.0964,27.1088,27.1212,27.1336
0.234,36.3067,36.319,36.3313,36.3436
0.2342,45.3738,45.386,45.3982,45.4104
0.2344,54.2619,54.274,54.2861,54.2983
0.2346,62.9359,62.9479,62.96,62.972
0.2348,71.3616,71.3736,71.3855,71.3975
0.235,79.5057,79.5176,79.5295,79.5414
0.2352,87.3362,87.348,87.3598,87.3716
0.2354,94.822,94.8337,94.8455,94.8572
0.2356,101.9337,101.9453,101.957,101.9686
0.2358,108.6431,108.6547,108.6663,108.6779
0.236,114.9239,114.9354,114.9469,114.9584
0.2362,120.7512,120.7626,120.774,120.7855
0.2364,126.102,126.1134,126.1247,126.1361
0.2366,130.9552,130.9665,130.9778,130.989
0.2368,135.2917,135.3029,135.3141,135.3253
0.237,139.0943,139.1054,139.1165,139.1276
0.2372,142.348,142.359,142.3701,142.3811
0.2374,145.04,145.0509,145.0619,145.0729
0.2376,147.1596,147.1705,147.1814,147.1923
0.2378,148.6986,148.7094,148.7202,148.7311
0.238,149.6507,149.6615,149.6723,149.683
0.2382,150.0124,150.0231,150.0337,150.0444
0.2384,149.782,149.7927,149.8033,149.8139
0.2386,148.9606,148.9712,148.9817,148.9923
0.2388,147.5514,147.5619,147.5724,147.5829
0.239,145.56,145.5704,145.5808,145.5912
0.2392,142.9941,143.0044,143.0148,143.0251
0.2394,139.864,139.8742,139.8845,139.8948
0.2396,136.1819,136.1921,136.2023,136.2125
0.2398,131.9625,131.9726,131.9827,131.9929
0.24,127.2223,127.2324,127.2424,127.2525
0.2402,121.9801,121.9901,122.0001,122.0101
0.2404,116.2566,116.2665,116.2764,116.2864
0.2406,110.0743,110.0841,110.094,110.1039
0.2408,103.4576,103.4674,103.4772,103.487
0.241,96.4327,96.4425,96.4522,96.4619
0.2412,89.0273,89.037,89.0467,89.0563
0.2414,81.2706,81.2802,81.2898,81.2995
0.2416,73.1933,73.2028,73.2123,73.2219
0.2418,64.8271,64.8366,64.846,64.8555
0.242,56.2051,56.2145,56.2239,56.2334
0.2422,47.3614,47.3707,47.3801,47.3894
0.2424,38.3308,38.3401,38.3494,38.3587
0.2426,29.149,29.1582,29.1675,29.1767
0.2428,19.8522,19.8614,19.8705,19.8797
0.243,10.4771,10.4862,10.4953,10.5044
0.2432,1.0608,1.0698,1.0788,1.0879
0.2434,-8.3597,-8.3508,-8.3418,-8.3328
0.2436,-17.7472,-17.7383,-17.7294,-17.7204
0.2438,-27.0646,-27.0557,-27.0468,-27.038
0.244,-36.2751,-36.2663,-36.2575,-36.2486
0.2442,-45.3424,-45.3336,-45.3249,-45.3161
0.2444,-54.2306,-54.222,-54.2133,-54.2046
0.2446,-62.9049,-62.8962,-62.8876,-62.879
0.2448,-71.3308,-71.3222,-71.3136,-71.305
0.245,-79.4751,-79.4666,-79.4581,-79.4496
0.2452,-87.3058,-87.2973,-87.2888,-87.2804
0.2454,-94.7918,-94.7834,-94.775,-94.7666
0.2456,-101.9037,-101.8953,-101.887,-101.8786
0.2458,-108.6133,-108.605,-108.5967,-108.5885
0.246,-114.8943,-114.8861,-114.8778,-114.8696
0.2462,-120.7218,-120.7136,-120.7054,-120.6972
0.2464,-126.0728,-126.0647,-126.0565,-126.0484
0.2466,-130.9262,-130.9181,-130.91,-130.902
0.2468,-135.2628,-135.2548,-135.2468,-135.2388
0.247,-139.0656,-139.0577,-139.0497,-139.0417
0.2472,-142.3195,-142.3116,-142.3037,-142.2958
0.2474,-145.0117,-145.0038,-144.996,-144.9881
0.2476,-147.1316,-147.1237,-147.1159,-147.1081
0.2478,-148.6707,-148.6629,-148.6552,-148.6474
0.248,-149.623,-149.6153,-149.6076,-149.5999
0.2482,-149.9849,-149.9772,-149.9695,-149.9619
0.2484,-149.7547,-149.7471,-149.7395,-149.7319
0.2486,-148.9335,-148.9259,-148.9184,-148.9108
0.2488,-147.5245,-147.517,-147.5095,-147.5019
0.249,-145.5332,-145.5257,-145.5183,-145.5108
0.2492,-142.9675,-142.9601,-142.9527,-142.9453
0.2494,-139.8375,-139.8302,-139.8228,-139.8155
0.2496,-136.1557,-136.1484,-136.141,-136.1337
0.2498,-131.9364,-131.9291,-131.9219,-131.9146
0.25,-127.1964,-127.1892,-127.182,-127.1748
0.2502,-121.9544,-121.9472,-121.94,-121.9329
0.2504,-116.231,-116.2239,-116.2168,-116.2097
0.2506,-110.0489,-110.0418,-110.0347,-110.0277
0.2508,-103.4324,-103.4254,-103.4184,-103.4113
0.251,-96.4077,-96.4007,-96.3937,-96.3868
0.2512,-89.0024,-88.9955,-88.9886,-88.9817
0.2514,-81.2459,-81.239,-81.2321,-81.2253
0.2516,-73.1687,-73.1619,-73.155,-73.1482
0.2518,-64.8027,-64.7959,-64.7891,-64.7823
0.252,-56.1809,-56.1741,-56.1674,-56.1606
0.2522,-47.3373,-47.3306,-47.3239,-47.3172
0.2524,-38.3069,-38.3002,-38.2936,-38.2869
0.2526,-29.1252,-29.1186,-29.112,-29.1054
0.2528,-19.8286,-19.822,-19.8155,-19.8089
0.253,-10.4537,-10.4472,-10.4406,-10.4341
0.2532,-1.0375,-1.031,-1.0245,-1.018
0.2534,8.3829,8.3893,8.3958,8.4022
0.2536,17.7702,17.7766,17.783,17.7894
0.2538,27.0874,27.0938,27.1001,27.1065
0.254,36.2978,36.3041,36.3104,36.3167
0.2542,45.3649,45.3712,45.3774,45.3837
0.2544,54.253,54.2593,54.2655,54.2717
0.2546,62.9271,62.9333,62.9395,62.9456
0.2548,71.3528,71.359,71.3651,71.3713
0.255,79.497,79.5031,79.5093,79.5154
0.2552,87.3275,87.3336,87.3397,87.3457
0.2554,94.8134,94.8195,94.8255,94.8315
0.2556,101.9252,101.9312,101.9371,101.9431
0.2558,108.6347,108.6406,108.6466,108.6525
0.256,114.9155,114.9214,114.9273,114.9332
0.2562,120.7429,120.7487,120.7546,120.7605
0.2564,126.0937,126.0996,126.1054,126.1112
0.2566,130.947,130.9528,130.9586,130.9644
0.2568,135.2835,135.2893,135.295,135.3007
0.257,139.0861,139.0919,139.0976,139.1033
0.2572,142.3399,142.3456,142.3513,142.3569
0.2574,145.032,145.0376,145.0432,145.0489
0.2576,147.1517,147.1573,147.1629,147.1685
0.2578,148.6907,148.6962,148.7018,148.7074
0.258,149.6429,149.6484,149.6539,149.6595
0.2582,150.0046,150.0101,150.0155,150.021
0.2584,149.7743,149.7797,149.7852,149.7906
0.2586,148.9529,148.9584,148.9638,148.9692
0.2588,147.5438,147.5492,147.5545,147.5599
0.259,145.5524,145.5577,145.5631,145.5684
0.2592,142.9866,142.9919,142.9972,143.0025
0.2594,139.8565,139.8617,139.867,139.8723
0.2596,136.1745,136.1797,136.1849,136.1902
0.2598,131.9551,131.9603,131.9655,131.9707
0.26,127.215,127.2201,127.2253,127.2305
0.2602,121.9728,121.9779,121.9831,121.9882
0.2604,116.2493,116.2544,116.2595,116.2646
0.2606,110.0671,110.0721,110.0772,110.0823
0.2608,103.4505,103.4555,103.4605,103.4656
0.261,96.4256,96.4306,96.4356,96.4406
0.2612,89.0203,89.0252,89.0302,89.0352
0.2614,81.2636,81.2686,81.2735,81.2784
0.2616,73.1863,73.1912,73.1961,73.201
0.2618,64.8202,64.825,64.8299,64.8348
0.262,56.1982,56.2031,56.2079,56.2127
0.2622,47.3546,47.3594,47.3642,47.369
0.2624,38.324,38.3288,38.3336,38.3383
0.2626,29.1423,29.147,29.1517,29.1565
0.2628,19.8455,19.8502,19.8549,19.8596
0.263,10.4705,10.4752,10.4798,10.4845
0.2632,1.0542,1.0588,1.0634,1.0681
0.2634,-8.3663,-8.3617,-8.3571,-8.3525
0.2636,-17.7537,-17.7491,-17.7446,-17.74
0.2638,-27.071,-27.0665,-27.0619,-27.0574
0.264,-36.2815,-36.277,-36.2725,-36.2679
0.2642,-45.3487,-45.3443,-45.3398,-45.3353
0.2644,-54.237,-54.2325,-54.2281,-54.2236
0.2646,-62.9112,-62.9067,-62.9023,-62.8979
0.2648,-71.337,-71.3326,-71.3282,-71.3238
0.265,-79.4813,-79.477,-79.4726,-79.4682
0.2652,-87.3119,-87.3076,-87.3032,-87.2989
0.2654,-94.7979,-94.7936,-94.7893,-94.785
0.2656,-101.9098,-101.9055,-101.9012,-101.8969
0.2658,-108.6194,-108.6151,-108.6109,-108.6066
0.266,-114.9003,-114.8961,-114.8919,-114.8876
0.2662,-120.7278,-120.7236,-120.7194,-120.7152
0.2664,-126.0787,-126.0746,-126.0704,-126.0662
0.2666,-130.9321,-130.9279,-130.9238,-130.9197
0.2668,-135.2687,-135.2646,-135.2605,-135.2563
0.267,-139.0714,-139.0673,-139.0633,-139.0592
0.2672,-142.3253,-142.3212,-142.3172,-142.3131
0.2674,-145.0175,-145.0134,-145.0094,-145.0053
0.2676,-147.1373,-147.1332,-147.1292,-147.1252
0.2678,-148.6764,-148.6724,-148.6684,-148.6644
0.268,-149.6287,-149.6247,-149.6208,-149.6168
0.2682,-149.9904,-149.9865,-149.9826,-149.9787
0.2684,-149.7603,-149.7564,-149.7524,-149.7485
0.2686,-148.939,-148.9351,-148.9312,-148.9274
0.2688,-147.5299,-147.5261,-147.5222,-147.5184
0.269,-145.5386,-145.5348,-145.531,-145.5271
0.2692,-142.9729,-142.9691,-142.9653,-142.9615
0.2694,-139.8429,-139.8391,-139.8354,-139.8316
0.2696,-136.161,-136.1572,-136.1535,-136.1497
0.2698,-131.9417,-131.938,-131.9342,-131.9305
0.27,-127.2017,-127.198,-127.1943,-127.1906
0.2702,-121.9596,-121.9559,-121.9522,-121.9486
0.2704,-116.2362,-116.2325,-116.2289,-116.2252
0.2706,-110.054,-110.0504,-110.0468,-110.0431
0.2708,-103.4375,-103.4339,-103.4303,-103.4267
0.271,-96.4128,-96.4092,-96.4056,-96.402
0.2712,-89.0075,-89.0039,-89.0004,-88.9968
0.2714,-81.2509,-81.2474,-81.2439,-81.2403
0.2716,-73.1737,-73.1702,-73.1667,-73.1632
0.2718,-64.8076,-64.8041,-64.8007,-64.7972
0.272,-56.1858,-56.1823,-56.1789,-56.1754
0.2722,-47.3422,-47.3388,-47.3353,-47.3319
0.2724,-38.3117,-38.3083,-38.3049,-38.3015
0.2726,-29.1301,-29.1267,-29.1233,-29.1199
0.2728,-19.8334,-19.83,-19.8267,-19.8233
0.273,-10.4584,-10.4551,-10.4517,-10.4484
0.2732,-1.0422,-1.0389,-1.0355,-1.0322
0.2734,8.3782,8.3815,8.3848,8.3881
0.2736,17.7655,17.7688,17.7721,17.7754
0.2738,27.0828,27.086,27.0893,27.0925
0.274,36.2931,36.2964,36.2996,36.3029
0.2742,45.3603,45.3635,45.3667,45.37
0.2744,54.2485,54.2517,54.2549,54.2581
0.2746,62.9226,62.9258,62.9289,62.9321
0.2748,71.3484,71.3515,71.3547,71.3578
0.275,79.4926,79.4957,79.4989,79.502
0.2752,87.3231,87.3262,87.3293,87.3325
0.2754,94.809,94.8121,94.8152,94.8183
0.2756,101.9208,101.9239,101.9269,101.93
0.2758,108.6304,108.6334,108.6365,108.6395
0.276,114.9112,114.9142,114.9173,114.9203
0.2762,120.7386,120.7416,120.7446,120.7476
0.2764,126.0895,126.0925,126.0955,126.0985
0.2766,130.9428,130.9457,130.9487,130.9517
0.2768,135.2793,135.2823,135.2852,135.2882
0.277,139.082,139.0849,139.0878,139.0908
0.2772,142.3358,142.3387,142.3416,142.3445
0.2774,145.0278,145.0307,145.0336,145.0365
0.2776,147.1476,147.1505,147.1533,147.1562
0.2778,148.6866,148.6895,148.6923,148.6952
0.278,149.6389,149.6417,149.6445,149.6474
0.2782,150.0006,150.0034,150.0062,150.009
0.2784,149.7703,149.7731,149.7759,149.7787
0.2786,148.949,148.9518,148.9546,148.9573
0.2788,147.5399,147.5426,147.5454,147.5481
0.279,145.5485,145.5512,145.554,145.5567
0.2792,142.9827,142.9854,142.9881,142.9909
0.2794,139.8526,139.8553,139.858,139.8607
0.2796,136.1707,136.1733,136.176,136.1787
0.2798,131.9513,131.954,131.9566,131.9593
0.28,127.2112,127.2138,127.2165,127.2192
0.2802,121.9691,121.9717,121.9743,121.977
0.2804,116.2456,116.2482,116.2508,116.2535
0.2806,110.0634,110.066,110.0686,110.0712
0.2808,103.4468,103.4494,103.452,103.4546
0.281,96.422,96.4246,96.4271,96.4297
0.2812,89.0167,89.0192,89.0218,89.0243
0.2814,81.26,81.2626,81.2651,81.2676
0.2816,73.1827,73.1852,73.1878,73.1903
0.2818,64.8166,64.8191,64.8216,64.8241
0.282,56.1947,56.1972,56.1997,56.2022
0.2822,47.3511,47.3535,47.356,47.3584
0.2824,38.3205,38.323,38.3254,38.3279
0.2826,29.1388,29.1412,29.1437,29.1461
0.2828,19.8421,19.8445,19.8469,19.8493
0.283,10.4671,10.4695,10.4719,10.4743
0.2832,1.0508,1.0532,1.0555,1.0579
0.2834,-8.3697,-8.3673,-8.3649,-8.3626
0.2836,-17.7571,-17.7547,-17.7524,-17.75
0.2838,-27.0744,-27.072,-27.0697,-27.0674
0.284,-36.2848,-36.2825,-36.2802,-36.2778
0.2842,-45.352,-45.3497,-45.3474,-45.3451
0.2844,-54.2402,-54.238,-54.2357,-54.2334
0.2846,-62.9144,-62.9121,-62.9098,-62.9076
0.2848,-71.3402,-71.338,-71.3357,-71.3335
0.285,-79.4845,-79.4823,-79.48,-79.4778
0.2852,-87.3151,-87.3129,-87.3106,-87.3084
0.2854,-94.8011,-94.7989,-94.7966,-94.7944
0.2856,-101.9129,-101.9107,-101.9085,-101.9063
0.2858,-108.6225,-108.6203,-108.6181,-108.6159
0.286,-114.9034,-114.9012,-114.8991,-114.8969
0.2862,-120.7308,-120.7287,-120.7265,-120.7244
0.2864,-126.0818,-126.0796,-126.0775,-126.0753
0.2866,-130.9351,-130.933,-130.9309,-130.9287
0.2868,-135.2717,-135.2696,-135.2675,-135.2654
0.287,-139.0744,-139.0723,-139.0702,-139.0681
0.2872,-142.3283,-142.3262,-142.3241,-142.322
0.2874,-145.0204,-145.0183,-145.0163,-145.0142
0.2876,-147.1402,-147.1381,-147.1361,-147.134
0.2878,-148.6793,-148.6772,-148.6752,-148.6731
0.288,-149.6316,-149.6295,-149.6275,-149.6255
0.2882,-149.9933,-149.9913,-149.9893,-149.9873
0.2884,-149.7631,-149.7611,-149.7591,-149.7571
0.2886,-148.9418,-148.9398,-148.9379,-148.9359
0.2888,-147.5328,-147.5308,-147.5288,-147.5268
0.289,-145.5414,-145.5394,-145.5375,-145.5355
0.2892,-142.9757,-142.9737,-142.9718,-142.9698
0.2894,-139.8457,-139.8437,-139.8418,-139.8398
0.2896,-136.1637,-136.1618,-136.1599,-136.158
0.2898,-131.9444,-131.9425,-131.9406,-131.9387
0.29,-127.2044,-127.2025,-127.2006,-127.1987
0.2902,-121.9623,-121.9604,-121.9585,-121.9566
0.2904,-116.2389,-116.237,-116.2351,-116.2332
0.2906,-110.0567,-110.0548,-110.053,-110.0511
0.2908,-103.4402,-103.4383,-103.4365,-103.4346
0.291,-96.4154,-96.4135,-96.4117,-96.4099
0.2912,-89.0101,-89.0083,-89.0064,-89.0046
0.2914,-81.2535,-81.2517,-81.2499,-81.2481
0.2916,-73.1762,-73.1744,-73.1726,-73.1708
0.2918,-64.8102,-64.8084,-64.8066,-64.8048
0.292,-56.1883,-56.1865,-56.1848,-56.183
0.2922,-47.3447,-47.3429,-47.3412,-47.3394
0.2924,-38.3142,-38.3125,-38.3107,-38.309
0.2926,-29.1325,-29.1308,-29.1291,-29.1273
0.2928,-19.8359,-19.8341,-19.8324,-19.8307
0.293,-10.4609,-10.4592,-10.4575,-10.4557
0.2932,-1.0446,-1.0429,-1.0412,-1.0395
0.2934,8.3758,8.3775,8.3792,8.3809
0.2936,17.7631,17.7648,17.7665,17.7682
0.2938,27.0804,27.0821,27.0837,27.0854
0.294,36.2908,36.2924,36.2941,36.2958
0.2942,45.358,45.3596,45.3613,45.3629
0.2944,54.2461,54.2478,54.2494,54.2511
0.2946,62.9203,62.9219,62.9235,62.9252
0.2948,71.3461,71.3477,71.3493,71.3509
0.295,79.4903,79.4919,79.4935,79.4951
0.2952,87.3208,87.3224,87.324,87.3256
0.2954,94.8068,94.8084,94.81,94.8115
0.2956,101.9186,101.9201,101.9217,101.9233
0.2958,108.6281,108.6297,108.6313,108.6328
0.296,114.909,114.9106,114.9121,114.9137
0.2962,120.7364,120.7379,120.7395,120.741
0.2964,126.0873,126.0888,126.0904,126.0919
0.2966,130.9406,130.9421,130.9437,130.9452
0.2968,135.2772,135.2787,135.2802,135.2817
0.297,139.0798,139.0813,139.0828,139.0844
0.2972,142.3336,142.3351,142.3366,142.3381
0.2974,145.0257,145.0272,145.0287,145.0302
0.2976,147.1455,147.147,147.1484,147.1499
0.2978,148.6845,148.686,148.6875,148.6889
0.298,149.6368,149.6382,149.6397,149.6412
0.2982,149.9985,150.0,150.0014,150.0029
0.2984,149.7683,149.7697,149.7711,149.7726
0.2986,148.947,148.9484,148.9498,148.9512
0.2988,147.5378,147.5393,147.5407,147.5421
0.299,145.5465,145.5479,145.5493,145.5507
0.2992,142.9807,142.9821,142.9835,142.9849
0.2994,139.8507,139.852,139.8534,139.8548
0.2996,136.1687,136.1701,136.1715,136.1728
0.2998,131.9493,131.9507,131.9521,131.9535
0.3,127.2093,127.2106,127.212,127.2133
0.3002,121.9671,121.9685,121.9698,121.9712
0.3004,116.2437,116.245,116.2464,116.2477
0.3006,110.0615,110.0628,110.0642,110.0655
0.3008,103.4449,103.4462,103.4476,103.4489
0.301,96.4201,96.4214,96.4228,96.4241
0.3012,89.0148,89.0161,89.0174,89.0187
0.3014,81.2582,81.2595,81.2608,81.2621
0.3016,73.1809,73.1822,73.1835,73.1848
0.3018,64.8148,64.8161,64.8174,64.8186
0.302,56.1929,56.1942,56.1954,56.1967
0.3022,47.3493,47.3505,47.3518,47.3531
0.3024,38.3187,38.32,38.3213,38.3225
0.3026,29.137,29.1383,29.1395,29.1408
0.3028,19.8403,19.8416,19.8428,19.844
0.303,10.4653,10.4666,10.4678,10.469
0.3032,1.049,1.0502,1.0515,1.0527
0.3034,-8.3714,-8.3702,-8.369,-8.3678
0.3036,-17.7588,-17.7576,-17.7564,-17.7552
0.3038,-27.0761,-27.0749,-27.0737,-27.0725
0.304,-36.2865,-36.2853,-36.2841,-36.2829
0.3042,-45.3537,-45.3525,-45.3513,-45.3502
0.3044,-54.2419,-54.2407,-54.2396,-54.2384
0.3046,-62.9161,-62.9149,-62.9137,-62.9126
0.3048,-71.3419,-71.3407,-71.3396,-71.3384
0.305,-79.4862,-79.485,-79.4839,-79.4827
0.3052,-87.3167,-87.3156,-87.3144,-87.3133
0.3054,-94.8027,-94.8016,-94.8004,-94.7993
0.3056,-101.9145,-101.9134,-101.9122,-101.9111
0.3058,-108.6241,-108.623,-108.6219,-108.6207
0.306,-114.905,-114.9039,-114.9028,-114.9016
0.3062,-120.7324,-120.7313,-120.7302,-120.7291
0.3064,-126.0833,-126.0822,-126.0811,-126.08
0.3066,-130.9367,-130.9356,-130.9345,-130.9334
0.3068,-135.2733,-135.2722,-135.2711,-135.27
0.307,-139.076,-139.0749,-139.0738,-139.0727
0.3072,-142.3298,-142.3287,-142.3277,-142.3266
0.3074,-145.0219,-145.0208,-145.0198,-145.0187
0.3076,-147.1417,-147.1406,-147.1396,-147.1385
0.3078,-148.6808,-148.6797,-148.6787,-148.6776
0.308,-149.633,-149.632,-149.631,-149.6299
0.3082,-149.9948,-149.9938,-149.9927,-149.9917
0.3084,-149.7646,-149.7635,-149.7625,-149.7615
0.3086,-148.9433,-148.9423,-148.9412,-148.9402
0.3088,-147.5342,-147.5332,-147.5322,-147.5311
0.309,-145.5428,-145.5418,-145.5408,-145.5398
0.3092,-142.9771,-142.9761,-142.9751,-142.9741
0.3094,-139.8471,-139.8461,-139.8451,-139.8441
0.3096,-136.1651,-136.1641,-136.1632,-136.1622
0.3098,-131.9458,-131.9448,-131.9438,-131.9429
0.31,-127.2058,-127.2048,-127.2038,-127.2028
0.3102,-121.9637,-121.9627,-121.9617,-121.9608
0.3104,-116.2402,-116.2393,-116.2383,-116.2373
0.3106,-110.058,-110.0571,-110.0561,-110.0552
0.3108,-103.4415,-103.4406,-103.4396,-103.4387
0.311,-96.4167,-96.4158,-96.4148,-96.4139
0.3112,-89.0114,-89.0105,-89.0096,-89.0086
0.3114,-81.2548,-81.2539,-81.253,-81.252
0.3116,-73.1776,-73.1766,-73.1757,-73.1748
0.3118,-64.8115,-64.8106,-64.8096,-64.8087
0.312,-56.1896,-56.1887,-56.1878,-56.1869
0.3122,-47.346,-47.3451,-47.3442,-47.3433
0.3124,-38.3155,-38.3146,-38.3137,-38.3128
0.3126,-29.1338,-29.1329,-29.132,-29.1311
0.3128,-19.8371,-19.8362,-19.8353,-19.8345
0.313,-10.4621,-10.4613,-10.4604,-10.4595
0.3132,-1.0459,-1.045,-1.0441,-1.0432
0.3134,8.3745,8.3754,8.3763,8.3771
0.3136,17.7619,17.7628,17.7636,17.7645
0.3138,27.0792,27.08,27.0809,27.0817
0.314,36.2896,36.2904,36.2913,36.2921
0.3142,45.3568,45.3576,45.3585,45.3593
0.3144,54.2449,54.2458,54.2466,54.2475
0.3146,62.9191,62.9199,62.9207,62.9216
0.3148,71.3449,71.3457,71.3465,71.3474
0.315,79.4891,79.49,79.4908,79.4916
0.3152,87.3197,87.3205,87.3213,87.3221
0.3154,94.8056,94.8064,94.8072,94.8081
0.3156,101.9174,101.9182,101.919,101.9198
0.3158,108.627,108.6278,108.6286,108.6294
0.316,114.9079,114.9087,114.9095,114.9103
0.3162,120.7353,120.7361,120.7368,120.7376
0.3164,126.0862,126.087,126.0878,126.0885
0.3166,130.9395,130.9403,130.9411,130.9418
0.3168,135.276,135.2768,135.2776,135.2784
0.317,139.0787,139.0795,139.0803,139.0811
0.3172,142.3326,142.3333,142.3341,142.3349
0.3174,145.0247,145.0254,145.0262,145.0269
0.3176,147.1444,147.1452,147.1459,147.1467
0.3178,148.6835,148.6842,148.685,148.6857
0.318,149.6357,149.6365,149.6372,149.638
0.3182,149.9975,149.9982,149.9989,149.9997
0.3184,149.7672,149.768,149.7687,149.7694
0.3186,148.9459,148.9467,148.9474,148.9481
0.3188,147.5368,147.5375,147.5383,147.539
0.319,145.5454,145.5462,145.5469,145.5476
0.3192,142.9797,142.9804,142.9811,142.9818
0.3194,139.8496,139.8504,139.8511,139.8518
0.3196,136.1677,136.1684,136.1691,136.1698
0.3198,131.9483,131.949,131.9497,131.9505
0.32,127.2083,127.209,127.2097,127.2104
0.3202,121.9662,121.9669,121.9675,121.9682
0.3204,116.2427,116.2434,116.2441,116.2448
0.3206,110.0605,110.0612,110.0619,110.0626
0.3208,103.444,103.4446,103.4453,103.446
0.321,96.4192,96.4198,96.4205,96.4212
0.3212,89.0138,89.0145,89.0152,89.0159
0.3214,81.2572,81.2579,81.2586,81.2592
0.3216,73.1799,73.1806,73.1813,73.1819
0.3218,64.8139,64.8145,64.8152,64.8158
0.322,56.192,56.1926,56.1933,56.1939
0.3222,47.3483,47.349,47.3496,47.3503
0.3224,38.3178,38.3185,38.3191,38.3198
0.3226,29.1361,29.1368,29.1374,29.138
0.3228,19.8394,19.8401,19.8407,19.8413
0.323,10.4644,10.4651,10.4657,10.4663
0.3232,1.0481,1.0488,1.0494,1.05
0.3234,-8.3723,-8.3717,-8.371,-8.3704
0.3236,-17.7597,-17.759,-17.7584,-17.7578
0.3238,-27.0769,-27.0763,-27.0757,-27.0751
0.324,-36.2874,-36.2868,-36.2861,-36.2855
0.3242,-45.3546,-45.354,-45.3534,-45.3527
0.3244,-54.2428,-54.2422,-54.2416,-54.241
0.3246,-62.9169,-62.9163,-62.9157,-62.9151
0.3248,-71.3427,-71.3421,-71.3415,-71.3409
0.325,-79.487,-79.4864,-79.4858,-79.4852
0.3252,-87.3176,-87.317,-87.3164,-87.3158
0.3254,-94.8035,-94.8029,-94.8024,-94.8018
0.3256,-101.9153,-101.9147,-101.9142,-101.9136
0.3258,-108.6249,-108.6243,-108.6238,-108.6232
0.326,-114.9058,-114.9052,-114.9047,-114.9041
0.3262,-120.7332,-120.7326,-120.7321,-120.7315
0.3264,-126.0841,-126.0836,-126.083,-126.0824
0.3266,-130.9375,-130.9369,-130.9363,-130.9358
0.3268,-135.274,-135.2735,-135.2729,-135.2724
0.327,-139.0767,-139.0762,-139.0756,-139.0751
0.3272,-142.3306,-142.33,-142.3295,-142.3289
0.3274,-145.0227,-145.0221,-145.0216,-145.021
0.3276,-147.1425,-147.1419,-147.1414,-147.1408
0.3278,-148.6815,-148.681,-148.6804,-148.6799
0.328,-149.6338,-149.6333,-149.6327,-149.6322
0.3282,-149.9955,-149.995,-149.9945,-149.994
0.3284,-149.7653,-149.7648,-149.7643,-149.7637
0.3286,-148.944,-148.9435,-148.943,-148.9425
0.3288,-147.5349,-147.5344,-147.5339,-147.5334
0.329,-145.5436,-145.5431,-145.5425,-145.542
0.3292,-142.9778,-142.9773,-142.9768,-142.9763
0.3294,-139.8478,-139.8473,-139.8468,-139.8463
0.3296,-136.1659,-136.1654,-136.1648,-136.1643
0.3298,-131.9465,-131.946,-131.9455,-131.945
0.33,-127.2065,-127.206,-127.2055,-127.205
0.3302,-121.9644,-121.9639,-121.9634,-121.9629
0.3304,-116.2409,-116.2404,-116.2399,-116.2394
0.3306,-110.0587,-110.0583,-110.0578,-110.0573
0.3308,-103.4422,-103.4417,-103.4412,-103.4407
0.331,-96.4174,-96.4169,-96.4164,-96.416
0.3312,-89.0121,-89.0116,-89.0111,-89.0107
0.3314,-81.2555,-81.255,-81.2546,-81.2541
0.3316,-73.1782,-73.1778,-73.1773,-73.1768
0.3318,-64.8122,-64.8117,-64.8112,-64.8107
0.332,-56.1903,-56.1898,-56.1893,-56.1889
0.3322,-47.3467,-47.3462,-47.3457,-47.3453
0.3324,-38.3162,-38.3157,-38.3152,-38.3148
0.3326,-29.1345,-29.134,-29.1335,-29.1331
0.3328,-19.8378,-19.8373,-19.8369,-19.8364
0.333,-10.4628,-10.4623,-10.4619,-10.4614
0.3332,-1.0465,-1.0461,-1.0456,-1.0452
0.3334,8.3739,8.3743,8.3748,8.3752
0.3336,17.7613,17.7617,17.7622,17.7626
0.3338,27.0785,27.079,27.0794,27.0799
0.334,36.2889,36.2894,36.2898,36.2903
0.3342,45.3561,45.3566,45.357,45.3574
0.3344,54.2443,54.2448,54.2452,54.2456
0.3346,62.9185,62.9189,62.9193,62.9197
0.3348,71.3443,71.3447,71.3451,71.3456
0.335,79.4885,79.4889,79.4894,79.4898
0.3352,87.3191,87.3195,87.3199,87.3203
0.3354,94.805,94.8054,94.8059,94.8063
0.3356,101.9168,101.9172,101.9177,101.9181
0.3358,108.6264,108.6268,108.6272,108.6276
0.336,114.9073,114.9077,114.9081,114.9085
0.3362,120.7347,120.7351,120.7355,120.7359
0.3364,126.0856,126.086,126.0864,126.0868
0.3366,130.9389,130.9393,130.9397,130.9401
0.3368,135.2755,135.2759,135.2763,135.2767
0.337,139.0782,139.0786,139.079,139.0794
0.3372,142.332,142.3324,142.3328,142.3332
0.3374,145.0241,145.0245,145.0249,145.0253
0.3376,147.1439,147.1442,147.1446,147.145
0.3378,148.6829,148.6833,148.6837,148.6841
0.338,149.6352,149.6356,149.636,149.6363
0.3382,149.9969,149.9973,149.9977,149.9981
0.3384,149.7667,149.7671,149.7674,149.7678
0.3386,148.9454,148.9458,148.9461,148.9465
0.3388,147.5363,147.5367,147.537,147.5374
0.339,145.5449,145.5453,145.5457,145.546
0.3392,142.9792,142.9795,142.9799,142.9803
0.3394,139.8491,139.8495,139.8499,139.8502
0.3396,136.1672,136.1675,136.1679,136.1683
0.3398,131.9478,131.9482,131.9486,131.9489
0.34,127.2078,127.2081,127.2085,127.2088
0.3402,121.9656,121.966,121.9664,121.9667
0.3404,116.2422,116.2426,116.2429,116.2433
0.3406,110.06,110.0604,110.0607,110.0611
0.3408,103.4435,103.4438,103.4442,103.4445
0.341,96.4187,96.419,96.4194,96.4197
0.3412,89.0134,89.0137,89.014,89.0144
0.3414,81.2567,81.2571,81.2574,81.2578
0.3416,73.1795,73.1798,73.1801,73.1805
0.3418,64.8134,64.8137,64.814,64.8144
0.342,56.1915,56.1918,56.1922,56.1925
0.3422,47.3479,47.3482,47.3485,47.3489
0.3424,38.3174,38.3177,38.318,38.3184
0.3426,29.1356,29.136,29.1363,29.1366
0.3428,19.8389,19.8393,19.8396,19.8399
0.343,10.464,10.4643,10.4646,10.4649
0.3432,1.0477,1.048,1.0483,1.0486
0.3434,-8.3727,-8.3724,-8.3721,-8.3718
0.3436,-17.7601,-17.7598,-17.7595,-17.7592
0.3438,-27.0774,-27.0771,-27.0768,-27.0764
0.344,-36.2878,-36.2875,-36.2872,-36.2869
0.3442,-45.355,-45.3547,-45.3544,-45.3541
0.3444,-54.2432,-54.2429,-54.2426,-54.2423
0.3446,-62.9174,-62.917,-62.9167,-62.9164
0.3448,-71.3432,-71.3429,-71.3426,-71.3423
0.345,-79.4874,-79.4871,-79.4868,-79.4865
0.3452,-87.318,-87.3177,-87.3174,-87.3171
0.3454,-94.8039,-94.8036,-94.8033,-94.803
0.3456,-101.9157,-101.9155,-101.9152,-101.9149
0.3458,-108.6253,-108.625,-108.6247,-108.6244
0.346,-114.9062,-114.9059,-114.9056,-114.9053
0.3462,-120.7336,-120.7333,-120.733,-120.7328
0.3464,-126.0846,-126.0843,-126.084,-126.0837
0.3466,-130.9379,-130.9376,-130.9373,-130.937
0.3468,-135.2744,-135.2742,-135.2739,-135.2736
0.347,-139.0772,-139.0769,-139.0766,-139.0763
0.3472,-142.331,-142.3307,-142.3304,-142.3301
0.3474,-145.0231,-145.0228,-145.0225,-145.0222
0.3476,-147.1429,-147.1426,-147.1423,-147.142
0.3478,-148.6819,-148.6816,-148.6814,-148.6811
0.348,-149.6342,-149.6339,-149.6336,-149.6334
0.3482,-149.9959,-149.9957,-149.9954,-149.9951
0.3484,-149.7657,-149.7654,-149.7652,-149.7649
0.3486,-148.9444,-148.9442,-148.9439,-148.9436
0.3488,-147.5353,-147.5351,-147.5348,-147.5345
0.349,-145.544,-145.5437,-145.5434,-145.5432
0.3492,-142.9782,-142.9779,-142.9777,-142.9774
0.3494,-139.8482,-139.8479,-139.8477,-139.8474
0.3496,-136.1662,-136.166,-136.1657,-136.1654
0.3498,-131.9469,-131.9466,-131.9464,-131.9461
0.35,-127.2068,-127.2066,-127.2063,-127.2061
0.3502,-121.9647,-121.9645,-121.9642,-121.964
0.3504,-116.2413,-116.241,-116.2408,-116.2405
0.3506,-110.0591,-110.0588,-110.0586,-110.0583
0.3508,-103.4426,-103.4423,-103.4421,-103.4418
0.351,-96.4178,-96.4175,-96.4173,-96.417
0.3512,-89.0125,-89.0122,-89.012,-89.0117
0.3514,-81.2559,-81.2556,-81.2554,-81.2551
0.3516,-73.1786,-73.1783,-73.1781,-73.1779
0.3518,-64.8125,-64.8123,-64.812,-64.8118
0.352,-56.1906,-56.1904,-56.1901,-56.1899
0.3522,-47.347,-47.3468,-47.3465,-47.3463
0.3524,-38.3165,-38.3163,-38.316,-38.3158
0.3526,-29.1348,-29.1346,-29.1343,-29.1341
0.3528,-19.8381,-19.8379,-19.8376,-19.8374
0.353,-10.4631,-10.4629,-10.4627,-10.4624
0.3532,-1.0468,-1.0466,-1.0464,-1.0461
0.3534,8.3736,8.3738,8.374,8.3743
0.3536,17.7609,17.7612,17.7614,17.7616
0.3538,27.0782,27.0784,27.0787,27.0789
0.354,36.2886,36.2888,36.2891,36.2893
0.3542,45.3558,45.356,45.3563,45.3565
0.3544,54.244,54.2442,54.2445,54.2447
0.3546,62.9181,62.9184,62.9186,62.9188
0.3548,71.344,71.3442,71.3444,71.3446
0.355,79.4882,79.4884,79.4887,79.4889
0.3552,87.3188,87.319,87.3192,87.3194
0.3554,94.8047,94.8049,94.8051,94.8054
0.3556,101.9165,101.9167,101.9169,101.9172
0.3558,108.6261,108.6263,108.6265,108.6267
0.356,114.907,114.9072,114.9074,114.9076
0.3562,120.7344,120.7346,120.7348,120.735
0.3564,126.0853,126.0855,126.0857,126.0859
0.3566,130.9386,130.9388,130.939,130.9392
0.3568,135.2752,135.2754,135.2756,135.2758
0.357,139.0779,139.0781,139.0783,139.0785
0.3572,142.3317,142.3319,142.3321,142.3323
0.3574,145.0238,145.024,145.0242,145.0244
0.3576,147.1436,147.1438,147.144,147.1442
0.3578,148.6826,148.6828,148.683,148.6832
0.358,149.6349,149.6351,149.6353,149.6355
0.3582,149.9966,149.9968,149.997,149.9972
0.3584,149.7664,149.7666,149.7668,149.767
0.3586,148.9451,148.9453,148.9455,148.9457
0.3588,147.536,147.5362,147.5364,147.5366
0.359,145.5446,145.5448,145.545,145.5452
0.3592,142.9789,142.9791,142.9793,142.9795
0.3594,139.8489,139.849,139.8492,139.8494
0.3596,136.1669,136.1671,136.1673,136.1675
0.3598,131.9476,131.9477,131.9479,131.9481
0.36,127.2075,127.2077,127.2079,127.208
0.3602,121.9654,121.9656,121.9658,121.9659
0.3604,116.2419,116.2421,116.2423,116.2425
0.3606,110.0598,110.0599,110.0601,110.0603
0.3608,103.4432,103.4434,103.4436,103.4437
0.361,96.4184,96.4186,96.4188,96.4189
0.3612,89.0131,89.0133,89.0135,89.0136
0.3614,81.2565,81.2567,81.2568,81.257
0.3616,73.1792,73.1794,73.1796,73.1797
0.3618,64.8131,64.8133,64.8135,64.8136
0.362,56.1912,56.1914,56.1916,56.1918
0.3622,47.3476,47.3478,47.348,47.3481
0.3624,38.3171,38.3173,38.3175,38.3176
0.3626,29.1354,29.1356,29.1357,29.1359
0.3628,19.8387,19.8389,19.839,19.8392
0.363,10.4637,10.4639,10.4641,10.4642
0.3632,1.0474,1.0476,1.0478,1.0479
0.3634,-8.373,-8.3728,-8.3726,-8.3725
0.3636,-17.7604,-17.7602,-17.76,-17.7599
0.3638,-27.0776,-27.0775,-27.0773,-27.0771
0.364,-36.288,-36.2879,-36.2877,-36.2876
0.3642,-45.3552,-45.3551,-45.3549,-45.3548
0.3644,-54.2434,-54.2433,-54.2431,-54.243
0.3646,-62.9176,-62.9174,-62.9173,-62.9171
0.3648,-71.3434,-71.3432,-71.3431,-71.3429
0.365,-79.4877,-79.4875,-79.4873,-79.4872
0.3652,-87.3182,-87.3181,-87.3179,-87.3177
0.3654,-94.8042,-94.804,-94.8039,-94.8037
0.3656,-101.916,-101.9158,-101.9157,-101.9155
0.3658,-108.6256,-108.6254,-108.6252,-108.6251
0.366,-114.9064,-114.9063,-114.9061,-114.906
0.3662,-120.7338,-120.7337,-120.7335,-120.7334
0.3664,-126.0848,-126.0846,-126.0845,-126.0843
0.3666,-130.9381,-130.9379,-130.9378,-130.9376
0.3668,-135.2747,-135.2745,-135.2744,-135.2742
0.367,-139.0774,-139.0772,-139.0771,-139.0769
0.3672,-142.3312,-142.331,-142.3309,-142.3307
0.3674,-145.0233,-145.0231,-145.023,-145.0229
0.3676,-147.1431,-147.1429,-147.1428,-147.1426
0.3678,-148.6821,-148.682,-148.6818,-148.6817
0.368,-149.6344,-149.6343,-149.6341,-149.634
0.3682,-149.9961,-149.996,-149.9959,-149.9957
0.3684,-149.7659,-149.7658,-149.7656,-149.7655
0.3686,-148.9446,-148.9445,-148.9443,-148.9442
0.3688,-147.5355,-147.5354,-147.5352,-147.5351
0.369,-145.5442,-145.544,-145.5439,-145.5437
0.3692,-142.9784,-142.9783,-142.9781,-142.978
0.3694,-139.8484,-139.8482,-139.8481,-139.848
0.3696,-136.1664,-136.1663,-136.1662,-136.166
0.3698,-131.9471,-131.947,-131.9468,-131.9467
0.37,-127.207,-127.2069,-127.2068,-127.2066
0.3702,-121.9649,-121.9648,-121.9647,-121.9645
0.3704,-116.2415,-116.2413,-116.2412,-116.2411
0.3706,-110.0593,-110.0592,-110.059,-110.0589
0.3708,-103.4427,-103.4426,-103.4425,-103.4424
0.371,-96.4179,-96.4178,-96.4177,-96.4176
0.3712,-89.0126,-89.0125,-89.0124,-89.0123
0.3714,-81.256,-81.2559,-81.2558,-81.2557
0.3716,-73.1788,-73.1786,-73.1785,-73.1784
0.3718,-64.8127,-64.8126,-64.8124,-64.8123
0.372,-56.1908,-56.1907,-56.1906,-56.1904
0.3722,-47.3472,-47.347,-47.3469,-47.3468
0.3724,-38.3167,-38.3166,-38.3164,-38.3163
0.3726,-29.135,-29.1348,-29.1347,-29.1346
0.3728,-19.8383,-19.8382,-19.838,-19.8379
0.373,-10.4633,-10.4632,-10.4631,-10.4629
0.3732,-1.047,-1.0469,-1.0468,-1.0467
0.3734,8.3734,8.3735,8.3736,8.3738
0.3736,17.7608,17.7609,17.761,17.7611
0.3738,27.078,27.0782,27.0783,27.0784
0.374,36.2885,36.2886,36.2887,36.2888
0.3742,45.3557,45.3558,45.3559,45.356
0.3744,54.2439,54.244,54.2441,54.2442
0.3746,62.918,62.9181,62.9182,62.9183
0.3748,71.3438,71.3439,71.344,71.3441
0.375,79.4881,79.4882,79.4883,79.4884
0.3752,87.3186,87.3187,87.3188,87.3189
0.3754,94.8046,94.8047,94.8048,94.8049
0.3756,101.9164,101.9165,101.9166,101.9167
0.3758,108.6259,108.6261,108.6262,108.6263
0.376,114.9068,114.9069,114.907,114.9072
0.3762,120.7342,120.7343,120.7344,120.7346
0.3764,126.0852,126.0853,126.0854,126.0855
0.3766,130.9385,130.9386,130.9387,130.9388
0.3768,135.275,135.2751,135.2752,135.2754
0.377,139.0777,139.0778,139.0779,139.078
0.3772,142.3316,142.3317,142.3318,142.3319
0.3774,145.0237,145.0238,145.0239,145.024
0.3776,147.1434,147.1435,147.1436,147.1437
0.3778,148.6825,148.6826,148.6827,148.6828
0.378,149.6348,149.6349,149.635,149.6351
0.3782,149.9965,149.9966,149.9967,149.9968
0.3784,149.7663,149.7664,149.7665,149.7666
0.3786,148.945,148.9451,148.9452,148.9453
0.3788,147.5359,147.536,147.5361,147.5362
0.379,145.5445,145.5446,145.5447,145.5448
0.3792,142.9787,142.9788,142.9789,142.979
0.3794,139.8487,139.8488,139.8489,139.849
0.3796,136.1668,136.1669,136.167,136.1671
0.3798,131.9474,131.9475,131.9476,131.9477
0.38,127.2074,127.2075,127.2075,127.2076
0.3802,121.9653,121.9653,121.9654,121.9655
0.3804,116.2418,116.2419,116.242,116.2421
0.3806,110.0596,110.0597,110.0598,110.0599
0.3808,103.4431,103.4432,103.4433,103.4433
0.381,96.4183,96.4184,96.4185,96.4186
0.3812,89.013,89.0131,89.0132,89.0132
0.3814,81.2564,81.2565,81.2565,81.2566
0.3816,73.1791,73.1792,73.1793,73.1794
0.3818,64.813,64.8131,64.8132,64.8133
0.382,56.1911,56.1912,56.1913,56.1914
0.3822,47.3475,47.3476,47.3477,47.3478
0.3824,38.317,38.3171,38.3172,38.3173
0.3826,29.1353,29.1354,29.1355,29.1355
0.3828,19.8386,19.8387,19.8388,19.8388
0.383,10.4636,10.4637,10.4638,10.4639
0.3832,1.0473,1.0474,1.0475,1.0476
0.3834,-8.3731,-8.373,-8.3729,-8.3728
0.3836,-17.7605,-17.7604,-17.7603,-17.7602
0.3838,-27.0777,-27.0777,-27.0776,-27.0775
0.384,-36.2882,-36.2881,-36.288,-36.2879
0.3842,-45.3554,-45.3553,-45.3552,-45.3551
0.3844,-54.2436,-54.2435,-54.2434,-54.2433
0.3846,-62.9177,-62.9176,-62.9175,-62.9174
0.3848,-71.3435,-71.3434,-71.3433,-71.3433
0.385,-79.4878,-79.4877,-79.4876,-79.4875
0.3852,-87.3183,-87.3182,-87.3182,-87.3181
0.3854,-94.8043,-94.8042,-94.8041,-94.804
0.3856,-101.9161,-101.916,-101.9159,-101.9158
0.3858,-108.6257,-108.6256,-108.6255,-108.6254
0.386,-114.9066,-114.9065,-114.9064,-114.9063
0.3862,-120.734,-120.7339,-120.7338,-120.7337
0.3864,-126.0849,-126.0848,-126.0847,-126.0846
0.3866,-130.9382,-130.9381,-130.938,-130.938
0.3868,-135.2748,-135.2747,-135.2746,-135.2745
0.387,-139.0775,-139.0774,-139.0773,-139.0772
0.3872,-142.3313,-142.3312,-142.3311,-142.3311
0.3874,-145.0234,-145.0233,-145.0232,-145.0232
0.3876,-147.1432,-147.1431,-147.143,-147.1429
0.3878,-148.6822,-148.6821,-148.6821,-148.682
0.388,-149.6345,-149.6344,-149.6344,-149.6343
0.3882,-149.9962,-149.9962,-149.9961,-149.996
0.3884,-149.766,-149.7659,-149.7659,-149.7658
0.3886,-148.9447,-148.9446,-148.9446,-148.9445
0.3888,-147.5356,-147.5355,-147.5355,-147.5354
0.389,-145.5443,-145.5442,-145.5441,-145.544
0.3892,-142.9785,-142.9784,-142.9784,-142.9783
0.3894,-139.8485,-139.8484,-139.8483,-139.8483
0.3896,-136.1665,-136.1664,-136.1664,-136.1663
0.3898,-131.9472,-131.9471,-131.947,-131.947
0.39,-127.2071,-127.207,-127.207,-127.2069
0.3902,-121.965,-121.9649,-121.9649,-121.9648
0.3904,-116.2416,-116.2415,-116.2414,-116.2414
0.3906,-110.0594,-110.0593,-110.0592,-110.0592
0.3908,-103.4428,-103.4428,-103.4427,-103.4426
0.391,-96.418,-96.418,-96.4179,-96.4178
0.3912,-89.0127,-89.0127,-89.0126,-89.0125
0.3914,-81.2561,-81.2561,-81.256,-81.2559
0.3916,-73.1789,-73.1788,-73.1787,-73.1787
0.3918,-64.8128,-64.8127,-64.8126,-64.8126
0.392,-56.1909,-56.1908,-56.1908,-56.1907
0.3922,-47.3473,-47.3472,-47.3471,-47.3471
0.3924,-38.3168,-38.3167,-38.3166,-38.3166
0.3926,-29.1351,-29.135,-29.1349,-29.1349
0.3928,-19.8384,-19.8383,-19.8382,-19.8382
0.393,-10.4634,-10.4633,-10.4633,-10.4632
0.3932,-1.0471,-1.047,-1.047,-1.0469
0.3934,8.3733,8.3734,8.3734,8.3735
0.3936,17.7607,17.7607,17.7608,17.7609
0.3938,27.078,27.078,27.0781,27.0781
0.394,36.2884,36.2884,36.2885,36.2886
0.3942,45.3556,45.3556,45.3557,45.3557
0.3944,54.2438,54.2438,54.2439,54.2439
0.3946,62.9179,62.918,62.918,62.9181
0.3948,71.3437,71.3438,71.3438,71.3439
0.395,79.488,79.488,79.4881,79.4881
0.3952,87.3185,87.3186,87.3186,87.3187
0.3954,94.8045,94.8045,94.8046,94.8047
0.3956,101.9163,101.9163,101.9164,101.9164
0.3958,108.6259,108.6259,108.626,108.626
0.396,114.9067,114.9068,114.9069,114.9069
0.3962,120.7342,120.7342,120.7343,120.7343
0.3964,126.0851,126.0851,126.0852,126.0852
0.3966,130.9384,130.9384,130.9385,130.9386
0.3968,135.275,135.275,135.2751,135.2751
0.397,139.0777,139.0777,139.0778,139.0778
0.3972,142.3315,142.3315,142.3316,142.3316
0.3974,145.0236,145.0236,145.0237,145.0237
0.3976,147.1434,147.1434,147.1435,147.1435
0.3978,148.6824,148.6825,148.6825,148.6826
0.398,149.6347,149.6347,149.6348,149.6348
0.3982,149.9964,149.9965,149.9965,149.9966
0.3984,149.7662,149.7662,149.7663,149.7663
0.3986,148.9449,148.945,148.945,148.9451
0.3988,147.5358,147.5358,147.5359,147.5359
0.399,145.5444,145.5445,145.5445,145.5446
0.3992,142.9787,142.9787,142.9788,142.9788
0.3994,139.8486,139.8487,139.8487,139.8488
0.3996,136.1667,136.1667,136.1668,136.1668
0.3998,131.9474,131.9474,131.9475,131.9475
0.4,127.2073,127.2073,127.2074,127.2074
