time(s),10ms,40ms,70ms,100ms
0.0,262.2072,262.2072,262.2072,262.2072
0.0004,245.9482,249.8984,250.4724,250.7028
0.0008,228.0636,235.7698,236.9089,237.3672
0.0012,208.7471,220.023,221.7183,222.4025
0.0016,188.2184,202.8855,205.1282,206.0361
0.002,166.7196,184.607,187.3884,188.5178
0.0024,144.5116,165.4551,168.7667,170.1154
0.0028,121.8693,145.7116,149.545,151.1109
0.0032,99.0773,125.6679,130.0147,131.7956
0.0036,76.4257,105.6201,110.4721,112.4658
0.004,54.2049,85.8648,91.2137,93.4183
0.0044,32.7012,66.6939,72.5318,74.9451
0.0048,12.1921,48.3906,54.7095,57.3294
0.0052,-7.0582,31.2244,38.0164,40.841
0.0056,-24.803,15.4472,22.7045,25.7316
0.006,-40.8171,1.2889,9.004,12.2315
0.0064,-54.9005,-11.0456,-2.8804,0.5457
0.0068,-66.8816,-21.3801,-12.7723,-9.1497
0.0072,-76.6198,-29.5699,-20.5269,-16.7097
0.0076,-84.0083,-35.5038,-26.0328,-22.0231
0.008,-88.9752,-39.106,-29.2142,-25.0139
0.0084,-91.4852,-40.3372,-30.0319,-25.6429
0.0088,-91.54,-39.1957,-28.4837,-23.908
0.0092,-89.1785,-35.7166,-24.6049,-19.8444
0.0096,-84.4761,-29.9719,-18.4675,-13.524
0.01,-77.5435,-22.0691,-10.1787,-5.0542
0.0104,-68.5253,-12.1497,0.12,5.4237
0.0108,-57.5975,-0.3867,12.2557,17.7368
0.0112,-44.9651,13.018,26.0266,31.6831
0.0116,-30.8583,27.8366,41.205,47.0352
0.012,-15.5298,43.8195,57.5412,63.5433
0.0124,0.75,60.6985,74.7673,80.9394
0.0128,17.6966,78.1917,92.6013,98.9417
0.0132,35.0161,96.0075,110.7519,117.2588
0.0136,52.4098,113.8496,128.9226,135.5944
0.014,69.5789,131.4212,146.8169,153.6516
0.0144,86.2289,148.43,164.1425,171.1385
0.0148,102.0747,164.5928,180.6163,187.7718
0.0152,116.8446,179.6397,195.9685,203.2819
0.0156,130.2846,193.3189,209.9471,217.4167
0.016,142.1627,205.3999,222.322,229.9461
0.0164,152.2723,215.6778,232.8883,240.6652
0.0168,160.4354,223.9762,241.4696,249.3976
0.0172,166.5053,230.1501,247.9211,255.9986
0.0176,170.3693,234.0882,252.1313,260.3567
0.018,171.95,235.7144,254.0244,262.3961
0.0184,171.2065,234.9894,253.5611,262.0774
0.0188,168.1354,231.911,250.7393,259.3987
0.0192,162.7705,226.5144,245.5941,254.395
0.0196,155.1825,218.8712,238.1974,247.1383
0.02,145.4775,209.0889,228.6566,237.7359
0.0204,133.7955,197.3086,217.113,226.3291
0.0208,120.3085,183.7032,203.7395,213.0909
0.0212,105.2171,168.4745,188.738,198.2231
0.0216,88.7478,151.85,172.3358,181.9532
0.022,71.1494,134.0792,154.7829,164.531
0.0224,52.6888,115.4301,136.347,146.2244
0.0228,33.6468,96.1844,117.31,127.3152
0.0232,14.3141,76.6335,97.9633,108.0949
0.0236,-5.0139,57.0736,78.6033,88.8598
0.024,-24.0414,37.8013,59.5266,69.9065
0.0244,-42.477,19.1087,41.0252,51.5271
0.0248,-60.0383,1.2789,23.3824,34.005
0.0252,-76.4564,-15.4186,6.8679,17.6096
0.0256,-91.4801,-30.7317,-8.2666,2.593
0.026,-104.8797,-44.4305,-21.7906,-10.8147
0.0264,-116.4512,-56.3101,-33.4995,-22.4086
0.0268,-126.0189,-66.1942,-43.217,-32.0123
0.0272,-133.4383,-73.9381,-50.7981,-39.4811
0.0276,-138.5989,-79.4305,-56.1315,-44.7035
0.028,-141.4252,-82.5956,-59.1414,-47.6038
0.0284,-141.8786,-83.3941,-59.7885,-48.1426
0.0288,-139.9575,-81.8242,-58.0708,-46.3179
0.0292,-135.6976,-77.9209,-54.0235,-42.1648
0.0296,-129.1711,-71.7562,-47.7184,-35.7553
0.03,-120.486,-63.4377,-39.2629,-27.1968
0.0304,-109.784,-53.1067,-28.7985,-16.6305
0.0308,-97.2384,-40.9362,-16.498,-4.2294
0.0312,-83.0516,-27.128,-2.5633,9.8047
0.0316,-67.4515,-11.9099,12.778,25.2441
0.032,-50.6881,4.4684,29.2761,41.8391
0.0324,-33.0297,21.739,46.6633,59.3219
0.0328,-14.7586,39.6198,64.6575,77.4105
0.0332,3.8334,57.8195,82.9673,95.8136
0.0336,22.4499,76.0415,101.2964,114.2347
0.034,40.7937,93.9893,119.3481,132.3773
0.0344,58.5724,111.3706,136.8302,149.9491
0.0348,75.5026,127.9021,153.4596,166.667
0.0352,91.3144,143.3141,168.9665,182.2613
0.0356,105.7554,157.3547,183.099,196.48
0.036,118.5954,169.7936,195.6269,209.093
0.0364,129.6291,180.4258,206.3453,219.8953
0.0368,138.68,189.0749,215.0778,228.7107
0.0372,145.603,195.5962,221.6796,235.3942
0.0376,150.2866,199.878,226.0394,239.8346
0.038,152.6547,201.8446,228.0812,241.9559
0.0384,152.6678,201.4567,227.7657,241.7189
0.0388,150.3236,198.7119,225.0909,239.1214
0.0392,145.6571,193.6456,220.0918,234.1987
0.0396,138.7401,186.3295,212.8405,227.0225
0.04,129.6798,176.8709,203.4442,217.7004
0.0404,118.6173,165.4112,192.0442,206.3736
0.0408,105.7254,152.1232,178.8136,193.2151
0.0412,91.2058,137.2088,163.954,178.4266
0.0416,75.286,120.8953,147.6931,162.2358
0.042,58.2154,103.4326,130.2806,144.8923
0.0424,40.2619,85.0884,111.9843,126.6641
0.0428,21.7072,66.1446,93.0861,107.833
0.0432,2.8427,46.8926,73.8775,88.6905
0.0436,-16.0355,27.6286,54.6547,69.5328
0.044,-34.6308,8.6493,35.7144,50.6566
0.0444,-52.6512,-9.7532,17.3487,32.3541
0.0448,-69.8136,-27.2959,-0.1592,14.9085
0.0452,-85.8484,-43.709,-16.5396,-1.4106
0.0456,-100.5038,-58.7406,-31.5406,-16.3513
0.046,-113.5497,-72.1607,-44.9321,-29.6834
0.0464,-124.7812,-83.7644,-56.5091,-41.2019
0.0468,-134.0222,-93.3753,-66.0955,-50.7307
0.0472,-141.1279,-100.8488,-73.5462,-58.1247
0.0476,-145.9869,-106.0734,-78.75,-63.2727
0.048,-148.5236,-108.9734,-81.631,-66.0988
0.0484,-148.6987,-109.5095,-82.15,-66.5638
0.0488,-146.5101,-107.6796,-80.3049,-64.6656
0.0492,-141.9932,-103.5191,-76.1309,-60.4393
0.0496,-135.2199,-97.0998,-69.6998,-53.9568
0.05,-126.2976,-88.5291,-61.1191,-45.3256
0.0504,-115.3677,-77.9484,-50.5301,-34.6869
0.0508,-102.6032,-65.5307,-38.1058,-22.2137
0.0512,-88.2061,-51.4778,-24.048,-8.1079
0.0516,-72.4038,-36.0174,-8.5843,7.403
0.052,-55.4463,-19.3992,8.0356,24.0693
0.0524,-37.6013,-1.8912,25.5438,41.623
0.0528,-19.151,16.2248,43.6583,59.7823
0.0532,-0.3867,34.6572,62.0878,78.2557
0.0536,18.3952,53.1098,80.5358,96.7469
0.054,36.898,71.2857,98.7058,114.9593
0.0544,54.8295,88.8929,116.3056,132.6006
0.0548,71.9065,105.6481,133.0519,149.3878
0.0552,87.8592,121.2816,148.6751,165.051
0.0556,102.4358,135.5414,162.9232,179.3385
0.056,115.4059,148.1973,175.5661,192.0199
0.0564,126.5646,159.0443,186.3988,202.8904
0.0568,135.7357,167.9063,195.245,211.7737
0.0572,142.7742,174.6381,201.9598,218.5248
0.0576,147.5687,179.1285,206.4319,223.0325
0.058,150.0433,181.3016,208.5854,225.2209
0.0584,150.1588,181.118,208.381,225.0507
0.0588,147.913,178.5757,205.8166,222.5197
0.0592,143.3411,173.7097,200.9274,217.6633
0.0596,136.5149,166.5919,193.7853,210.5531
0.06,127.5418,157.3298,184.4975,201.2968
0.0604,116.5632,146.0645,173.2056,190.0355
0.0608,103.7518,132.969,160.0822,176.9422
0.0612,89.3096,118.2451,145.3294,162.2186
0.0616,73.4641,102.1204,129.1746,146.0925
0.062,56.465,84.8445,111.8676,128.8135
0.0624,38.5801,66.6852,93.6762,110.6495
0.0628,20.0914,47.9246,74.8824,91.8823
0.0632,1.2902,28.8538,55.7775,72.8034
0.0636,-17.5271,9.7694,36.6579,53.7092
0.064,-36.064,-9.0323,17.8201,34.8962
0.0644,-54.0282,-27.2589,-0.4436,16.6566
0.0648,-71.1366,-44.6273,-17.8501,-0.7264
0.0652,-87.1195,-60.868,-34.1297,-16.9831
0.0656,-101.7251,-75.7289,-49.0306,-31.8616
0.066,-114.723,-88.9799,-62.3224,-45.1317
0.0664,-125.9085,-100.4162,-73.8003,-56.5886
0.0668,-135.1053,-109.8615,-83.2881,-66.0559
0.0672,-142.1685,-117.1709,-90.6409,-73.3888
0.0676,-146.9868,-122.2331,-95.7473,-78.4759
0.068,-149.4842,-124.9723,-98.5315,-81.2413
0.0684,-149.6217,-125.3492,-98.9541,-81.6458
0.0688,-147.3969,-123.3618,-97.0133,-79.6874
0.0692,-142.8452,-119.0452,-92.744,-75.4011
0.0696,-136.0385,-112.4714,-86.2183,-68.8589
0.07,-127.0841,-103.7477,-77.5435,-60.1682
0.0704,-116.1234,-93.0156,-66.8609,-49.4703
0.0708,-103.3293,-80.448,-54.3436,-36.9381
0.0712,-88.9036,-66.2467,-40.1932,-22.7735
0.0716,-73.074,-50.6393,-24.6375,-7.204
0.072,-56.0902,-33.8756,-7.9261,9.5206
0.0724,-38.22,-16.2236,9.673,27.1324
0.0728,-19.7454,2.035,27.8779,45.3495
0.0732,-0.9578,20.6086,46.3973,63.8805
0.0736,17.8465,39.2009,64.9348,82.4291
0.074,36.3708,57.5153,83.1936,100.6987
0.0744,54.323,75.2595,100.8818,118.3969
0.0748,71.4198,92.1503,117.716,135.2408
0.0752,87.3916,107.9181,133.4266,150.9605
0.0756,101.9865,122.3109,147.7616,165.3042
0.076,114.9742,135.0984,160.4908,178.0416
0.0764,126.1499,146.0758,171.4094,188.9679
0.0768,135.3372,155.0668,180.3411,197.9068
0.0772,142.3913,161.9264,187.1408,204.7133
0.0776,147.2008,166.5433,191.6973,209.2761
0.078,149.6899,168.8416,193.9348,211.5194
0.0784,149.8193,168.782,193.8139,211.4039
0.0788,147.5868,166.3624,191.3325,208.9274
0.0792,143.0277,161.6179,186.5258,204.1252
0.0796,136.2138,154.6205,179.4657,197.0692
0.08,127.2525,145.4775,170.2596,187.8666
0.0804,116.2852,134.3301,159.0487,176.6589
0.0808,103.4847,121.3514,146.0061,163.619
0.0812,89.053,106.7431,131.3335,148.9487
0.0816,73.2175,90.7328,115.2584,132.8755
0.082,56.2281,73.5702,98.0307,115.6493
0.0824,38.3525,55.5231,79.9182,97.5378
0.0828,19.8727,36.8735,61.2027,78.823
0.0832,1.0801,17.9128,42.1758,59.7962
0.0836,-17.729,-1.0628,23.1336,40.7539
0.084,-36.2579,-19.7567,4.3729,21.9926
0.0844,-54.2145,-37.8766,-13.8142,3.8046
0.0848,-71.3156,-55.1394,-31.1445,-13.5271
0.0852,-87.2915,-71.2754,-47.3483,-29.7327
0.0856,-101.8903,-86.0328,-62.1738,-44.5603
0.086,-114.8818,-99.1813,-75.3908,-57.7798
0.0864,-126.0611,-110.5161,-86.7942,-69.1862
0.0868,-135.2519,-119.8609,-96.208,-78.6032
0.0872,-142.3094,-127.0708,-103.4871,-85.8859
0.0876,-147.1221,-132.0345,-108.5203,-90.9231
0.088,-149.6143,-134.6762,-111.2317,-93.6389
0.0884,-149.7466,-134.9565,-111.5821,-93.994
0.0888,-147.5169,-132.8735,-109.5693,-91.9862
0.0892,-142.9606,-128.4623,-105.2285,-87.6508
0.0896,-136.1493,-121.7947,-98.6316,-81.0597
0.09,-127.1906,-112.9783,-89.8861,-72.3203
0.0904,-116.2257,-102.1544,-79.1332,-61.5739
0.0908,-103.4276,-89.4958,-66.5459,-48.9934
0.0912,-88.9981,-75.2045,-52.326,-34.7806
0.0916,-73.1648,-59.508,-36.7012,-19.1632
0.092,-56.1773,-42.656,-19.9211,-2.3909
0.0924,-38.3038,-24.9166,-2.2536,15.2684
0.0928,-19.8259,-6.5715,16.0193,33.5329
0.0932,-1.0351,12.0877,34.6063,52.1111
0.0936,17.7722,30.7648,53.2109,70.7067
0.094,36.2995,49.1631,71.5366,89.023
0.0944,54.2544,66.9904,89.2912,106.7679
0.0948,71.3539,83.9635,106.1914,123.6582
0.0952,87.3284,99.8128,121.9677,139.4242
0.0956,101.9257,114.2862,136.368,153.8139
0.096,114.9158,127.1536,149.1621,166.5972
0.0964,126.0938,138.2101,160.1453,177.5692
0.0968,135.2833,147.2793,169.1411,186.5535
0.0972,142.3395,154.2164,176.0046,193.4054
0.0976,147.1511,158.91,180.6246,198.0133
0.098,149.6421,161.2842,182.9252,200.3016
0.0984,149.7733,161.2998,182.867,200.2308
0.0988,147.5426,158.9547,180.448,197.799
0.0992,142.9852,154.2839,175.7034,193.0412
0.0996,136.173,147.3595,168.7049,186.0294
0.1,127.2133,138.2887,159.5601,176.8709
0.1004,116.2476,127.2129,148.4102,165.7071
0.1008,103.4486,114.305,135.4282,152.7109
0.1012,89.0183,99.7668,120.8158,138.0842
0.1016,73.1842,83.8259,104.8007,122.0544
0.102,56.196,66.732,87.6326,104.8713
0.1024,38.3217,48.753,69.5793,86.8028
0.1028,19.8431,30.1708,50.9228,68.1309
0.1032,1.0516,11.2767,31.9544,49.1468
0.1036,-17.7563,-7.6329,12.9705,30.147
0.104,-36.2842,-26.2614,-5.7323,11.4281
0.1044,-54.2397,-44.3165,-23.8618,-6.7178
0.1048,-71.3398,-61.5152,-41.1349,-24.0075
0.1052,-87.3148,-77.5879,-57.2818,-40.1712
0.1056,-101.9127,-92.2824,-72.0507,-54.9572
0.106,-114.9033,-105.3688,-85.2114,-68.1351
0.1064,-126.0818,-116.642,-96.5589,-79.5002
0.1068,-135.2718,-125.9258,-105.917,-88.876
0.1072,-142.3284,-133.0754,-113.1408,-96.1178
0.1076,-147.1404,-137.9793,-118.119,-101.1141
0.108,-149.6319,-140.5619,-120.7757,-103.7892
0.1084,-149.7635,-140.7836,-121.0717,-104.1037
0.1088,-147.5332,-138.6426,-119.0048,-102.0556
0.1092,-142.9762,-134.174,-114.6102,-97.6801
0.1096,-136.1643,-127.4496,-107.9599,-91.0489
0.11,-127.205,-118.577,-99.1612,-82.2696
0.1104,-116.2395,-107.6973,-88.3555,-71.4835
0.1108,-103.4409,-94.9836,-75.7156,-58.8634
0.1112,-89.0108,-80.6376,-61.4435,-44.6113
0.1116,-73.177,-64.8871,-45.7667,-28.9546
0.112,-56.1891,-47.9816,-28.935,-12.1432
0.1124,-38.3151,-30.1892,-11.2161,5.5551
0.1128,-19.8368,-11.7917,7.1078,23.8583
0.1132,-1.0456,6.9195,25.7456,42.4752
0.1136,17.7622,25.6481,44.4007,61.1092
0.114,36.2898,44.0973,62.7766,79.4639
0.1144,54.2451,61.975,80.5811,97.2469
0.1148,71.345,78.998,97.5309,114.1752
0.1152,87.3198,94.8966,113.3565,129.979
0.1156,101.9175,109.419,127.8059,144.4065
0.116,114.9079,122.3348,140.6489,157.2273
0.1164,126.0862,133.4392,151.6805,168.2367
0.1168,135.276,142.5559,160.7246,177.2583
0.1172,142.3325,149.54,167.6361,184.1472
0.1176,147.1443,154.2801,172.3038,188.7922
0.118,149.6356,156.7005,174.6517,191.1172
0.1184,149.7671,156.7617,174.6407,191.0831
0.1188,147.5367,154.4617,172.2686,188.6878
0.1192,142.9795,149.8356,167.5705,183.9664
0.1196,136.1675,142.9554,160.6184,176.9908
0.12,127.208,133.9285,151.5197,167.8684
0.1204,116.2425,122.896,140.4156,156.7406
0.1208,103.4437,110.0311,127.4791,143.7802
0.1212,89.0136,95.5354,112.9121,129.189
0.1216,73.1797,79.6367,96.942,113.1948
0.122,56.1917,62.5844,79.8186,96.0471
0.1224,38.3175,44.6467,61.8099,78.0138
0.1228,19.8391,26.1053,43.1976,59.377
0.1232,1.0478,7.2517,24.2732,40.4278
0.1236,-17.76,-11.6178,5.3331,21.4629
0.124,-36.2877,-30.2066,-13.3262,2.7786
0.1244,-54.2432,-48.2226,-31.4124,-15.3328
0.1248,-71.3431,-65.3824,-48.6424,-32.5881
0.1252,-87.318,-81.4165,-64.7466,-48.7176
0.1256,-101.9157,-96.073,-79.473,-63.4694
0.126,-114.9062,-109.1216,-92.5913,-76.6134
0.1264,-126.0846,-120.3575,-103.8968,-87.9446
0.1268,-135.2745,-129.6044,-113.2131,-97.2867
0.1272,-142.331,-136.7173,-120.3953,-104.4949
0.1276,-147.1429,-141.5851,-125.3322,-109.4578
0.128,-149.6342,-144.1317,-127.9478,-112.0996
0.1284,-149.7658,-144.318,-128.2029,-112.3809
0.1288,-147.5354,-142.1418,-126.0954,-110.2998
0.1292,-142.9783,-137.6383,-121.6604,-105.8913
0.1296,-136.1663,-130.8795,-114.9699,-99.2274
0.13,-127.2069,-121.9727,-106.1313,-90.4154
0.1304,-116.2414,-111.0592,-95.2858,-79.5968
0.1308,-103.4426,-98.3121,-82.6065,-66.9443
0.1312,-89.0126,-83.933,-68.2951,-52.6599
0.1316,-73.1787,-68.1497,-52.5793,-36.9711
0.132,-56.1907,-51.2118,-35.7087,-20.1277
0.1324,-38.3166,-33.3872,-17.9513,-2.3976
0.1328,-19.8382,-14.9578,0.4111,15.9375
0.1332,-1.047,3.7849,19.087,34.5859
0.1336,17.7608,22.5446,37.78,53.2514
0.134,36.2885,41.0247,56.1936,71.6374
0.1344,54.2439,58.9329,74.0356,89.4517
0.1348,71.3438,75.9862,91.0228,106.4111
0.1352,87.3186,91.9149,106.8855,122.246
0.1356,101.9164,106.4669,121.3717,136.7043
0.136,114.9068,119.4121,134.2514,149.5559
0.1364,126.0852,130.5456,145.3194,160.5959
0.1368,135.275,139.6911,154.3997,169.648
0.1372,142.3316,146.7036,161.3473,176.5673
0.1376,147.1434,151.472,166.0508,181.2425
0.138,149.6347,153.9203,168.4344,183.5977
0.1384,149.7662,154.0091,168.4588,183.5936
0.1388,147.5358,151.7365,166.1219,181.2282
0.1392,142.9787,147.1376,161.4589,176.5366
0.1396,136.1667,140.2842,154.5416,169.5906
0.14,127.2073,131.2839,145.4775,160.4978
0.1404,116.2418,120.2778,134.4078,149.3994
0.1408,103.443,107.4389,121.5056,136.4683
0.1412,89.0129,92.969,106.9726,121.9063
0.1416,73.179,77.0957,91.0363,105.9411
0.142,56.1911,60.0688,73.9466,88.8224
0.1424,38.317,42.1561,55.9713,70.818
0.1428,19.8385,23.6395,37.3923,52.2098
0.1432,1.0473,4.8104,18.501,33.2893
0.1436,-17.7605,-14.0348,-0.4062,14.3528
0.144,-36.2882,-32.5996,-19.0328,-4.303
0.1444,-54.2436,-50.5917,-37.0865,-22.3861
0.1448,-71.3436,-67.728,-54.2842,-39.6132
0.1452,-87.3184,-83.7388,-70.3562,-55.7147
0.1456,-101.9161,-98.3721,-85.0506,-70.4386
0.146,-114.9066,-111.3979,-98.1372,-83.5548
0.1464,-126.0849,-122.6111,-109.4111,-94.8583
0.1468,-135.2748,-131.8356,-118.696,-104.1728
0.1472,-142.3313,-138.9263,-125.8469,-111.3535
0.1476,-147.1432,-143.7721,-130.7527,-116.289
0.148,-149.6346,-146.2969,-133.3375,-118.9035
0.1484,-149.7661,-146.4616,-133.5618,-119.1577
0.1488,-147.5357,-144.2641,-131.4238,-117.0495
0.1492,-142.9786,-139.7396,-126.9585,-112.6141
0.1496,-136.1666,-132.9598,-120.2378,-105.9233
0.15,-127.2072,-124.0323,-111.3691,-97.0846
0.1504,-116.2416,-113.0984,-100.4938,-86.2394
0.1508,-103.4429,-100.3309,-87.7848,-73.5604
0.1512,-89.0128,-85.9318,-73.4439,-59.2496
0.1516,-73.1789,-70.1285,-57.6988,-43.5345
0.152,-56.191,-53.1709,-40.799,-26.6649
0.1524,-38.3168,-35.3269,-23.0126,-8.9086
0.1528,-19.8384,-16.8782,-4.6214,9.4524
0.1532,-1.0472,1.8836,14.0832,28.1267
0.1536,17.7606,20.6622,32.8047,46.818
0.154,36.2883,39.161,51.2467,65.2297
0.1544,54.2437,57.0879,69.1169,83.0696
0.1548,71.3437,74.1595,86.1321,100.0545
0.1552,87.3185,90.1063,102.0226,115.9147
0.1556,101.9162,104.6763,116.5366,130.3983
0.156,114.9067,117.6393,129.4438,143.275
0.1564,126.085,128.7905,140.5392,154.3401
0.1568,135.2749,137.9534,149.6468,163.4172
0.1572,142.3314,144.9833,156.6214,170.3614
0.1576,147.1433,149.7688,161.3519,175.0614
0.158,149.6346,152.234,163.7622,177.4412
0.1584,149.7661,152.3396,163.8132,177.4617
0.1588,147.5357,150.0836,161.5028,175.1208
0.1592,142.9786,145.5012,156.8661,170.4536
0.1596,136.1666,138.6641,149.975,163.5319
0.16,127.2072,129.6798,140.9369,154.4632
0.1604,116.2417,118.6897,129.8931,143.3889
0.1608,103.4429,105.8666,117.0166,130.4818
0.1612,89.0128,91.4124,102.5092,115.9437
0.1616,73.179,75.5546,86.5984,100.0024
0.162,56.191,58.543,69.534,82.9073
0.1624,38.3169,40.6455,51.5838,64.9265
0.1628,19.8385,22.1439,33.0298,46.3419
0.1632,1.0472,3.3297,14.1634,27.4448
0.1636,-17.7606,-15.5008,-4.7192,8.5317
0.164,-36.2883,-34.051,-23.3212,-10.101
0.1644,-54.2437,-52.0286,-41.3504,-28.1609
0.1648,-71.3436,-69.1506,-58.5239,-45.365
0.1652,-87.3184,-85.1473,-74.5717,-61.4435
0.1656,-101.9162,-99.7666,-89.2421,-76.1446
0.166,-114.9067,-112.7785,-102.3048,-89.2379
0.1664,-126.085,-123.978,-113.5549,-100.5187
0.1668,-135.2749,-133.1888,-122.8162,-109.8106
0.1672,-142.3314,-140.2661,-129.9437,-116.9688
0.1676,-147.1433,-145.0985,-134.8262,-121.8819
0.168,-149.6346,-147.6102,-137.3877,-124.4741
0.1684,-149.7661,-147.7619,-137.589,-124.7061
0.1688,-147.5357,-145.5514,-135.428,-122.5757
0.1692,-142.9786,-141.014,-130.9398,-118.1182
0.1696,-136.1666,-134.2216,-124.1965,-111.4055
0.17,-127.2072,-125.2815,-115.3053,-102.5449
0.1704,-116.2417,-114.3352,-104.4075,-91.6778
0.1708,-103.4429,-101.5554,-91.6762,-78.9772
0.1712,-89.0128,-87.1441,-77.3132,-64.6447
0.1716,-73.1789,-71.3288,-61.5459,-48.9081
0.172,-56.191,-54.3592,-44.6243,-32.0171
0.1724,-38.3169,-36.5033,-26.8161,-14.2394
0.1728,-19.8385,-18.043,-8.4032,4.1429
0.1732,-1.0472,0.7304,10.3229,22.8384
0.1736,17.7606,19.5205,29.0659,41.5508
0.174,36.2883,38.0307,47.5292,59.9835
0.1744,54.2437,55.9688,65.4206,77.8443
0.1748,71.3436,73.0515,82.4568,94.8501
0.1752,87.3184,89.0094,98.3683,110.7311
0.1756,101.9162,103.5903,112.9031,125.2353
0.176,114.9067,116.5641,125.831,138.1327
0.1764,126.085,127.7259,136.947,149.2183
0.1768,135.2749,136.8995,146.075,158.3159
0.1772,142.3314,143.9399,153.07,165.2804
0.1776,147.1433,148.7357,157.8207,170.0007
0.178,149.6346,151.2112,160.2512,172.4008
0.1784,149.7661,151.327,160.3222,172.4414
0.1788,147.5357,149.0811,158.0317,170.1205
0.1792,142.9786,144.5086,153.4147,165.4732
0.1796,136.1666,137.6814,146.5433,158.5714
0.18,127.2072,128.7069,137.5248,149.5226
0.1804,116.2417,117.7265,126.5004,138.4679
0.1808,103.4429,104.9129,113.6432,125.5805
0.1812,89.0128,90.4682,99.155,111.062
0.1816,73.179,74.6199,83.2633,95.1401
0.182,56.191,57.6176,66.2179,78.0645
0.1824,38.3169,39.7292,48.2867,60.103
0.1828,19.8385,21.2368,29.7515,41.5376
0.1832,1.0472,2.4316,10.9037,22.6598
0.1836,-17.7606,-16.39,-7.9602,3.7657
0.184,-36.2883,-34.9313,-26.5438,-14.8479
0.1844,-54.2437,-52.9002,-44.5547,-32.8889
0.1848,-71.3436,-70.0135,-61.7099,-50.0741
0.1852,-87.3184,-86.0016,-77.7396,-66.1338
0.1856,-101.9162,-100.6124,-92.3919,-80.8162
0.186,-114.9067,-113.6159,-105.4366,-93.8909
0.1864,-126.085,-124.807,-116.6689,-105.1531
0.1868,-135.2749,-134.0096,-125.9125,-114.4265
0.1872,-142.3314,-141.0787,-133.0223,-121.5663
0.1876,-147.1433,-145.9031,-137.8872,-126.461
0.188,-149.6346,-148.4067,-140.4313,-129.0349
0.1884,-149.7661,-148.5505,-140.6153,-129.2487
0.1888,-147.5357,-146.3322,-138.437,-127.1002
0.1892,-142.9786,-141.787,-133.9317,-122.6247
0.1896,-136.1666,-134.9869,-127.1713,-115.8939
0.19,-127.2072,-126.0392,-118.2632,-107.0155
0.1904,-116.2417,-115.0853,-107.3486,-96.1305
0.1908,-103.4429,-102.2981,-94.6005,-83.4121
0.1912,-89.0128,-87.8794,-80.2208,-69.0619
0.1916,-73.1789,-72.0568,-64.437,-53.3077
0.192,-56.191,-55.08,-47.4989,-36.399
0.1924,-38.3169,-37.2169,-29.6743,-18.6039
0.1928,-19.8385,-18.7494,-11.2451,-0.2042
0.1932,-1.0472,0.031,7.4972,18.5087
0.1936,17.7606,18.828,26.2563,37.2384
0.194,36.2883,37.3451,44.7356,55.6883
0.1944,54.2437,55.29,62.6428,73.5663
0.1948,71.3436,72.3795,79.6949,90.5891
0.1952,87.3184,88.344,95.6222,106.4871
0.1956,101.9162,102.9316,110.1726,121.0083
0.196,114.9067,115.912,123.116,133.9226
0.1964,126.085,127.0803,134.2476,145.025
0.1968,135.2749,136.2603,143.391,154.1392
0.1972,142.3314,143.307,150.4012,161.1205
0.1976,147.1433,148.1091,155.1671,165.8573
0.198,149.6346,150.5909,157.6127,168.274
0.1984,149.7661,150.7129,157.6988,168.3311
0.1988,147.5357,148.473,155.4232,166.0265
0.1992,142.9786,143.9066,150.8211,161.3956
0.1996,136.1666,137.0854,143.9645,154.5101
0.2,127.2072,128.1168,134.9606,145.4775
0.2004,116.2417,117.1422,123.9509,134.439
0.2008,103.4429,104.3345,111.1082,121.5676
0.2012,89.0128,89.8956,96.6345,107.0652
0.2016,73.1789,74.0529,80.7571,91.1592
0.202,56.191,57.0562,63.726,74.0995
0.2024,38.3169,39.1735,45.8089,56.1539
0.2028,19.8385,20.6866,27.2878,37.6042
0.2032,1.0472,1.8869,8.4541,18.7421
0.2036,-17.7606,-16.9293,-10.3959,-0.1364
0.204,-36.2883,-35.4652,-28.9655,-18.7344
0.2044,-54.2437,-53.4288,-46.9626,-36.7599
0.2048,-71.3436,-70.5369,-64.1041,-53.9296
0.2052,-87.3184,-86.5197,-80.1201,-69.974
0.2056,-101.9162,-101.1254,-94.7589,-84.6409
0.206,-114.9067,-114.1237,-107.7902,-97.7004
0.2064,-126.085,-125.3099,-119.009,-108.9474
0.2068,-135.2749,-134.5075,-128.2392,-118.2057
0.2072,-142.3314,-141.5716,-135.3358,-125.3304
0.2076,-147.1433,-146.3911,-140.1876,-130.2101
0.208,-149.6346,-148.8899,-142.7185,-132.769
0.2084,-149.7661,-149.0288,-142.8895,-132.9679
0.2088,-147.5357,-146.8057,-140.6983,-130.8045
0.2092,-142.9786,-142.2559,-136.1801,-126.3142
0.2096,-136.1666,-135.4511,-129.4069,-119.5687
0.21,-127.2072,-126.4988,-120.486,-110.6756
0.2104,-116.2417,-115.5403,-109.5587,-99.776
0.2108,-103.4429,-102.7485,-96.7981,-87.043
0.2112,-89.0128,-88.3254,-82.4058,-72.6784
0.2116,-73.1789,-72.4983,-66.6096,-56.9097
0.212,-56.191,-55.5171,-49.6591,-39.9867
0.2124,-38.3169,-37.6497,-31.8221,-22.1773
0.2128,-19.8385,-19.1779,-13.3807,-3.7633
0.2132,-1.0472,-0.3932,5.3737,14.9638
0.2136,17.7606,18.408,24.1449,33.7077
0.214,36.2883,36.9293,42.6362,52.1717
0.2144,54.2437,54.8783,60.5555,70.0637
0.2148,71.3436,71.9719,77.6194,87.1005
0.2152,87.3184,87.9405,93.5585,103.0124
0.2156,101.9162,102.5321,108.1207,117.5475
0.216,114.9067,115.5164,121.0758,130.4756
0.2164,126.085,126.6887,132.219,141.5917
0.2168,135.2749,135.8725,141.3739,150.7197
0.2172,142.3314,142.9231,148.3957,157.7146
0.2176,147.1433,147.7291,153.173,162.465
0.218,149.6346,150.2146,155.63,164.8952
0.2184,149.7661,150.3403,155.7273,164.9658
0.2188,147.5357,148.1042,153.463,162.6747
0.2192,142.9786,143.5415,148.8721,158.0572
0.2196,136.1666,136.7239,142.0265,151.185
0.22,127.2072,127.7589,133.0337,142.1656
0.2204,116.2417,116.7879,122.035,131.1404
0.2208,103.4429,103.9837,109.2032,118.2822
0.2212,89.0128,89.5482,94.7403,103.7928
0.2216,73.1789,73.709,78.8738,87.8999
0.222,56.191,56.7158,61.8534,70.8532
0.2224,38.3169,38.8364,43.947,52.9206
0.2228,19.8385,20.3529,25.4365,34.3839
0.2232,1.0472,1.5565,6.6133,15.5345
0.2236,-17.7606,-17.2564,-12.2262,-3.3311
0.224,-36.2883,-35.7891,-30.7854,-21.9164
0.2244,-54.2437,-53.7494,-48.7721,-39.9292
0.2248,-71.3436,-70.8543,-65.9033,-57.0862
0.2252,-87.3184,-86.834,-81.9091,-73.118
0.2256,-101.9162,-101.4366,-96.5377,-87.7724
0.226,-114.9067,-114.4318,-109.5588,-100.8194
0.2264,-126.085,-125.6149,-120.7676,-112.0539
0.2268,-135.2749,-134.8094,-129.9878,-121.2998
0.2272,-142.3314,-141.8706,-137.0744,-128.4121
0.2276,-147.1433,-146.687,-141.9162,-133.2796
0.228,-149.6346,-149.1829,-144.4373,-135.8262
0.2284,-149.7661,-149.3189,-144.5985,-136.0129
0.2288,-147.5357,-147.093,-142.3975,-133.8374
0.2292,-142.9786,-142.5402,-137.8697,-129.3349
0.2296,-136.1666,-135.7326,-131.0868,-122.5774
0.23,-127.2072,-126.7775,-122.1563,-113.6723
0.2304,-116.2417,-115.8163,-111.2196,-102.7608
0.2308,-103.4429,-103.0218,-98.4495,-90.0158
0.2312,-89.0128,-88.5959,-84.0478,-75.6393
0.2316,-73.1789,-72.7661,-68.2422,-59.8588
0.232,-56.191,-55.7823,-51.2824,-42.9241
0.2324,-38.3169,-37.9122,-33.4362,-25.1029
0.2328,-19.8385,-19.4378,-14.9856,-6.6772
0.2332,-1.0472,-0.6505,3.778,12.0615
0.2336,17.7606,18.1533,22.5583,30.8169
0.234,36.2883,36.6771,41.0586,49.2925
0.2344,54.2437,54.6286,58.9868,67.196
0.2348,71.3436,71.7247,76.0598,84.2442
0.2352,87.3184,87.6957,92.0077,100.1676
0.2356,101.9162,102.2897,106.5787,114.714
0.236,114.9067,115.2765,119.5426,127.6534
0.2364,126.085,126.4511,130.6945,138.7808
0.2368,135.2749,135.6374,139.8582,147.92
0.2372,142.3314,142.6903,146.8886,154.9261
0.2376,147.1433,147.4986,151.6745,159.6877
0.238,149.6346,149.9864,154.14,162.1289
0.2384,149.7661,150.1144,154.2458,162.2106
0.2388,147.5357,147.8805,151.9899,159.9305
0.2392,142.9786,143.32,147.4074,155.3239
0.2396,136.1666,136.5046,140.5702,148.4626
0.24,127.2072,127.5418,131.5857,139.4541
0.2404,116.2417,116.573,120.5952,128.4397
0.2408,103.4429,103.7709,107.7717,115.5923
0.2412,89.0128,89.3376,93.3169,101.1137
0.2416,73.1789,73.5005,77.4585,85.2315
0.242,56.191,56.5093,60.4461,68.1954
0.2424,38.3169,38.632,42.5478,50.2734
0.2428,19.8385,20.1505,24.0453,31.7472
0.2432,1.0472,1.3561,5.23,12.9084
0.2436,-17.7606,-17.4548,-13.6016,-5.9467
0.244,-36.2883,-35.9855,-32.153,-24.5216
0.2444,-54.2437,-53.9439,-50.1319,-42.5239
0.2448,-71.3436,-71.0468,-67.2553,-59.6707
0.2452,-87.3184,-87.0246,-83.2534,-75.6921
0.2456,-101.9162,-101.6253,-97.8743,-90.3362
0.246,-114.9067,-114.6186,-110.8878,-103.3729
0.2464,-126.085,-125.7998,-122.0891,-114.5973
0.2468,-135.2749,-134.9926,-131.3017,-123.8331
0.2472,-142.3314,-142.0519,-138.3809,-130.9353
0.2476,-147.1433,-146.8665,-143.2153,-135.7926
0.248,-149.6346,-149.3606,-145.729,-138.3293
0.2484,-149.7661,-149.4949,-145.8827,-138.5059
0.2488,-147.5357,-147.2672,-143.6745,-136.3205
0.2492,-142.9786,-142.7127,-139.1394,-131.8081
0.2496,-136.1666,-135.9034,-132.3493,-125.0407
0.25,-127.2072,-126.9466,-123.4116,-116.1257
0.2504,-116.2417,-115.9837,-112.4677,-105.2044
0.2508,-103.4429,-103.1875,-99.6904,-92.4498
0.2512,-89.0128,-88.7599,-85.2817,-78.0635
0.2516,-73.1789,-72.9286,-69.4691,-62.2734
0.252,-56.191,-55.9431,-52.5023,-45.3289
0.2524,-38.3169,-38.0714,-34.6492,-27.4982
0.2528,-19.8385,-19.5955,-16.1917,-9.063
0.2532,-1.0472,-0.8066,2.5788,9.6853
0.2536,17.7606,17.9988,21.3659,28.4502
0.254,36.2883,36.5241,39.8731,46.9352
0.2544,54.2437,54.4772,57.8081,64.8481
0.2548,71.3436,71.5748,74.8877,81.9058
0.2552,87.3184,87.5473,90.8423,97.8384
0.2556,101.9162,102.1428,105.42,112.3942
0.256,114.9067,115.131,118.3905,125.3428
0.2564,126.085,126.3071,129.549,136.4795
0.2568,135.2749,135.4947,138.7191,145.6279
0.2572,142.3314,142.5491,145.756,152.6431
0.2576,147.1433,147.3588,150.5484,157.4138
0.258,149.6346,149.848,153.0203,159.8641
0.2584,149.7661,149.9774,153.1325,159.9548
0.2588,147.5357,147.7449,150.8829,157.6837
0.2592,142.9786,143.1857,146.3068,153.0861
0.2596,136.1666,136.3716,139.4758,146.2337
0.26,127.2072,127.4102,130.4975,137.2341
0.2604,116.2417,116.4426,119.5133,126.2286
0.2608,103.4429,103.6419,106.6959,113.39
0.2612,89.0128,89.2098,92.2472,98.9202
0.2616,73.1789,73.374,76.3949,83.0467
0.262,56.191,56.3841,59.3886,66.0194
0.2624,38.3169,38.508,41.4963,48.106
0.2628,19.8385,20.0277,22.9998,29.5885
0.2632,1.0472,1.2345,4.1905,10.7583
0.2636,-17.7606,-17.5751,-14.6352,-8.0882
0.264,-36.2883,-36.1046,-33.1807,-26.6545
0.2644,-54.2437,-54.0619,-51.1538,-44.6484
0.2648,-71.3436,-71.1636,-68.2714,-61.7866
0.2652,-87.3184,-87.1402,-84.2637,-77.7996
0.2656,-101.9162,-101.7397,-98.8788,-92.4353
0.266,-114.9067,-114.732,-111.8866,-105.4637
0.2664,-126.085,-125.912,-123.0821,-116.6797
0.2668,-135.2749,-135.1036,-132.2891,-125.9071
0.2672,-142.3314,-142.1619,-139.3627,-133.001
0.2676,-147.1433,-146.9754,-144.1915,-137.8501
0.268,-149.6346,-149.4684,-146.6996,-140.3786
0.2684,-149.7661,-149.6016,-146.8479,-140.547
0.2688,-147.5357,-147.3728,-144.6341,-138.3534
0.2692,-142.9786,-142.8173,-140.0935,-133.833
0.2696,-136.1666,-136.007,-133.298,-127.0575
0.27,-127.2072,-127.0491,-124.3549,-118.1345
0.2704,-116.2417,-116.0852,-113.4056,-107.2051
0.2708,-103.4429,-103.288,-100.623,-94.4425
0.2712,-89.0128,-88.8594,-86.209,-80.0483
0.2716,-73.1789,-73.0271,-70.3911,-64.2502
0.272,-56.191,-56.0406,-53.419,-47.2979
0.2724,-38.3169,-38.168,-35.5607,-29.4593
0.2728,-19.8385,-19.6911,-17.098,-11.0162
0.2732,-1.0472,-0.9013,1.6777,7.7398
0.2736,17.7606,17.9051,20.4699,26.5125
0.274,36.2883,36.4313,38.9822,45.0053
0.2744,54.2437,54.3853,56.9222,62.9259
0.2748,71.3436,71.4838,74.0069,79.9912
0.2752,87.3184,87.4572,89.9666,95.9315
0.2756,101.9162,102.0536,104.5492,110.4948
0.276,114.9067,115.0427,117.5247,123.4511
0.2764,126.085,126.2197,128.6881,134.5953
0.2768,135.2749,135.4082,137.8631,143.7512
0.2772,142.3314,142.4634,144.9049,150.7739
0.2776,147.1433,147.274,149.7021,155.552
0.278,149.6346,149.764,152.1789,158.0098
0.2784,149.7661,149.8942,152.2959,158.1079
0.2788,147.5357,147.6626,150.0511,155.8442
0.2792,142.9786,143.1042,145.4796,151.2539
0.2796,136.1666,136.291,138.6534,144.4089
0.28,127.2072,127.3303,129.6798,135.4166
0.2804,116.2417,116.3636,118.7002,124.4183
0.2808,103.4429,103.5636,105.8874,111.5869
0.2812,89.0128,89.1323,91.4434,97.1243
0.2816,73.1789,73.2972,75.5957,81.258
0.282,56.191,56.3081,58.594,64.2378
0.2824,38.3169,38.4328,40.7061,46.3315
0.2828,19.8385,19.9532,22.2141,27.8211
0.2832,1.0472,1.1608,3.4093,8.998
0.2836,-17.7606,-17.6481,-15.4119,-9.8415
0.284,-36.2883,-36.1769,-33.953,-28.4008
0.2844,-54.2437,-54.1334,-51.9217,-46.3877
0.2848,-71.3436,-71.2344,-69.0349,-63.519
0.2852,-87.3184,-87.2103,-85.0229,-79.5251
0.2856,-101.9162,-101.8092,-99.6337,-94.1539
0.286,-114.9067,-114.8007,-112.6372,-107.1754
0.2864,-126.085,-125.9801,-123.8284,-118.3846
0.2868,-135.2749,-135.171,-133.0312,-127.6052
0.2872,-142.3314,-142.2286,-140.1005,-134.6923
0.2876,-147.1433,-147.0415,-144.9251,-139.5347
0.288,-149.6346,-149.5338,-147.429,-142.0564
0.2884,-149.7661,-149.6663,-147.5731,-142.2182
0.2888,-147.5357,-147.4369,-145.3552,-140.0179
0.2892,-142.9786,-142.8808,-140.8105,-135.4908
0.2896,-136.1666,-136.0698,-134.0109,-128.7087
0.29,-127.2072,-127.1113,-125.0638,-119.7791
0.2904,-116.2417,-116.1468,-114.1104,-108.8432
0.2908,-103.4429,-103.349,-101.3238,-96.074
0.2912,-89.0128,-88.9198,-86.9058,-81.6733
0.2916,-73.1789,-73.0868,-71.0839,-65.8687
0.292,-56.191,-56.0998,-54.1079,-48.9099
0.2924,-38.3169,-38.2266,-36.2457,-31.0649
0.2928,-19.8385,-19.7491,-17.7791,-12.6154
0.2932,-1.0472,-0.9587,1.0005,6.147
0.2936,17.7606,17.8482,19.7966,24.9261
0.294,36.2883,36.375,38.3127,43.4252
0.2944,54.2437,54.3296,56.2566,61.3521
0.2948,71.3436,71.4287,73.345,78.4236
0.2952,87.3184,87.4026,89.3084,94.3702
0.2956,101.9162,101.9995,103.8949,108.9398
0.296,114.9067,114.9892,116.874,121.9022
0.2964,126.085,126.1667,128.0412,133.0526
0.2968,135.2749,135.3558,137.2199,142.2147
0.2972,142.3314,142.4115,144.2653,149.2435
0.2976,147.1433,147.2226,149.0662,154.0278
0.298,149.6346,149.7131,151.5466,156.4916
0.2984,149.7661,149.8438,151.6672,156.5958
0.2988,147.5357,147.6127,149.426,154.3381
0.2992,142.9786,143.0548,144.8581,149.7538
0.2996,136.1666,136.242,138.0354,142.9148
0.3,127.2072,127.2819,129.0653,133.9285
0.3004,116.2417,116.3156,118.0892,122.9361
0.3008,103.4429,103.5161,105.2799,110.1106
0.3012,89.0128,89.0853,90.8394,95.6539
0.3016,73.1789,73.2507,74.9951,79.7935
0.302,56.191,56.262,57.9968,62.7792
0.3024,38.3169,38.3872,40.1123,44.8787
0.3028,19.8385,19.9081,21.6237,26.3741
0.3032,1.0472,1.1161,2.8223,7.5568
0.3036,-17.7606,-17.6924,-15.9956,-11.277
0.304,-36.2883,-36.2207,-34.5334,-29.8306
0.3044,-54.2437,-54.1768,-52.4988,-47.8118
0.3048,-71.3436,-71.2774,-69.6087,-64.9374
0.3052,-87.3184,-87.2529,-85.5934,-80.9378
0.3056,-101.9162,-101.8513,-100.2009,-95.561
0.306,-114.9067,-114.8424,-113.2012,-108.5768
0.3064,-126.085,-126.0214,-124.3892,-119.7804
0.3068,-135.2749,-135.2119,-133.5888,-128.9955
0.3072,-142.3314,-142.269,-140.6549,-136.0771
0.3076,-147.1433,-147.0815,-145.4763,-140.9139
0.308,-149.6346,-149.5735,-147.9772,-143.4301
0.3084,-149.7661,-149.7056,-148.1181,-143.5864
0.3088,-147.5357,-147.4758,-145.8971,-141.3807
0.3092,-142.9786,-142.9193,-141.3493,-136.8481
0.3096,-136.1666,-136.1079,-134.5466,-130.0606
0.31,-127.2072,-127.1491,-125.5965,-121.1256
0.3104,-116.2417,-116.1841,-114.6401,-110.1843
0.3108,-103.4429,-103.3859,-101.8505,-97.4097
0.3112,-89.0128,-88.9564,-87.4295,-83.0037
0.3116,-73.1789,-73.1231,-71.6046,-67.1938
0.312,-56.191,-56.1357,-54.6256,-50.2298
0.3124,-38.3169,-38.2621,-36.7604,-32.3794
0.3128,-19.8385,-19.7842,-18.2909,-13.9247
0.3132,-1.0472,-0.9935,0.4916,4.8429
0.3136,17.7606,17.8137,19.2906,23.6272
0.314,36.2883,36.3409,37.8096,42.1315
0.3144,54.2437,54.2958,55.7563,60.0635
0.3148,71.3436,71.3952,72.8476,77.1403
0.3152,87.3184,87.3695,88.8139,93.0919
0.3156,101.9162,101.9667,103.4031,107.6666
0.316,114.9067,114.9567,116.3851,120.6341
0.3164,126.085,126.1345,127.555,131.7896
0.3168,135.2749,135.3239,136.7365,140.9567
0.3172,142.3314,142.38,143.7847,147.9906
0.3176,147.1433,147.1914,148.5883,152.7798
0.318,149.6346,149.6822,151.0714,155.2487
0.3184,149.7661,149.8133,151.1947,155.3578
0.3188,147.5357,147.5824,148.9562,153.1051
0.3192,142.9786,143.0248,144.391,148.5257
0.3196,136.1666,136.2124,137.571,141.6916
0.32,127.2072,127.2525,128.6035,132.7101
0.3204,116.2417,116.2865,117.63,121.7226
0.3208,103.4429,103.4873,104.8234,108.902
0.3212,89.0128,89.0568,90.3854,94.4501
0.3216,73.1789,73.2225,74.5437,78.5945
0.322,56.191,56.2341,57.548,61.5849
0.3224,38.3169,38.3595,39.6661,43.6893
0.3228,19.8385,19.8807,21.18,25.1894
0.3232,1.0472,1.089,2.3811,6.3768
0.3236,-17.7606,-17.7192,-16.4343,-12.4523
0.324,-36.2883,-36.2473,-34.9695,-31.0012
0.3244,-54.2437,-54.2031,-52.9324,-48.9777
0.3248,-71.3436,-71.3035,-70.0398,-66.0986
0.3252,-87.3184,-87.2787,-86.0221,-82.0944
0.3256,-101.9162,-101.8768,-100.6272,-96.713
0.326,-114.9067,-114.8677,-113.625,-109.7242
0.3264,-126.085,-126.0464,-124.8107,-120.9232
0.3268,-135.2749,-135.2367,-134.0078,-130.1337
0.3272,-142.3314,-142.2936,-141.0716,-137.2108
0.3276,-147.1433,-147.1058,-145.8906,-142.0431
0.328,-149.6346,-149.5975,-148.3891,-144.5548
0.3284,-149.7661,-149.7294,-148.5277,-144.7066
0.3288,-147.5357,-147.4994,-146.3043,-142.4964
0.3292,-142.9786,-142.9426,-141.7542,-137.9594
0.3296,-136.1666,-136.131,-134.9492,-131.1674
0.33,-127.2072,-127.1719,-125.9968,-122.228
0.3304,-116.2417,-116.2068,-115.0381,-111.2823
0.3308,-103.4429,-103.4084,-102.2462,-98.5034
0.3312,-89.0128,-88.9786,-87.823,-84.093
0.3316,-73.1789,-73.1451,-71.9959,-68.2788
0.332,-56.191,-56.1574,-55.0146,-51.3104
0.3324,-38.3169,-38.2836,-37.1472,-33.4557
0.3328,-19.8385,-19.8056,-18.6755,-14.9967
0.3332,-1.0472,-1.0146,0.1092,3.7752
0.3336,17.7606,17.7928,18.9104,22.5638
0.334,36.2883,36.3202,37.4315,41.0723
0.3344,54.2437,54.2753,55.3804,59.0086
0.3348,71.3436,71.3749,72.4739,76.0895
0.3352,87.3184,87.3494,88.4422,92.0454
0.3356,101.9162,101.9469,103.0336,106.6243
0.336,114.9067,114.937,116.0177,119.5959
0.3364,126.085,126.115,127.1897,130.7555
0.3368,135.2749,135.3046,136.3733,139.9268
0.3372,142.3314,142.3609,143.4235,146.9647
0.3376,147.1433,147.1724,148.2292,151.7581
0.338,149.6346,149.6635,150.7143,154.231
0.3384,149.7661,149.7947,150.8397,154.3442
0.3388,147.5357,147.564,148.6032,152.0955
0.3392,142.9786,143.0066,144.04,147.5202
0.3396,136.1666,136.1944,137.2219,140.6901
0.34,127.2072,127.2347,128.2565,131.7126
0.3404,116.2417,116.2689,117.285,120.7291
0.3408,103.4429,103.4699,104.4803,107.9124
0.3412,89.0128,89.0395,90.0443,93.4645
0.3416,73.1789,73.2053,74.2045,77.6128
0.342,56.191,56.2171,57.2107,60.6072
0.3424,38.3169,38.3427,39.3308,42.7154
0.3428,19.8385,19.8641,20.8466,24.2194
0.3432,1.0472,1.0725,2.0496,5.4107
0.3436,-17.7606,-17.7355,-16.7639,-13.4145
0.344,-36.2883,-36.2634,-35.2973,-31.9596
0.3444,-54.2437,-54.2191,-53.2583,-49.9322
0.3448,-71.3436,-71.3193,-70.3639,-67.0494
0.3452,-87.3184,-87.2943,-86.3443,-83.0413
0.3456,-101.9162,-101.8923,-100.9476,-97.6562
0.346,-114.9067,-114.883,-113.9436,-110.6636
0.3464,-126.085,-126.0616,-125.1274,-121.8589
0.3468,-135.2749,-135.2517,-134.3227,-131.0657
0.3472,-142.3314,-142.3085,-141.3847,-138.139
0.3476,-147.1433,-147.1206,-146.2019,-142.9676
0.348,-149.6346,-149.6121,-148.6986,-145.4756
0.3484,-149.7661,-149.7438,-148.8355,-145.6237
0.3488,-147.5357,-147.5137,-146.6104,-143.4099
0.3492,-142.9786,-142.9568,-142.0585,-138.8692
0.3496,-136.1666,-136.145,-135.2518,-132.0736
0.35,-127.2072,-127.1858,-126.2976,-123.1306
0.3504,-116.2417,-116.2205,-115.3372,-112.1813
0.3508,-103.4429,-103.422,-102.5436,-99.3988
0.3512,-89.0128,-88.9921,-88.1187,-84.9848
0.3516,-73.1789,-73.1584,-72.2899,-69.167
0.352,-56.191,-56.1706,-55.307,-52.1951
0.3524,-38.3169,-38.2967,-37.4379,-34.3369
0.3528,-19.8385,-19.8185,-18.9645,-15.8744
0.3532,-1.0472,-1.0274,-0.1782,2.9011
0.3536,17.7606,17.7801,18.6246,21.6931
0.354,36.2883,36.3076,37.1474,40.2051
0.3544,54.2437,54.2628,55.0979,58.1448
0.3548,71.3436,71.3626,72.193,75.2292
0.3552,87.3184,87.3372,88.1629,91.1885
0.3556,101.9162,101.9348,102.7559,105.7708
0.356,114.9067,114.9251,115.7416,118.7459
0.3564,126.085,126.1032,126.9151,129.9089
0.3568,135.2749,135.2929,136.1003,139.0835
0.3572,142.3314,142.3493,143.1521,146.1248
0.3576,147.1433,147.161,147.9593,150.9216
0.358,149.6346,149.6521,150.446,153.3978
0.3584,149.7661,149.7835,150.5729,153.5143
0.3588,147.5357,147.5529,148.3379,151.269
0.3592,142.9786,142.9956,143.7762,146.6969
0.3596,136.1666,136.1834,136.9597,139.8701
0.36,127.2072,127.2239,127.9957,130.8959
0.3604,116.2417,116.2582,117.0257,119.9157
0.3608,103.4429,103.4593,104.2225,107.1022
0.3612,89.0128,89.029,89.788,92.6575
0.3616,73.1789,73.195,73.9497,76.8091
0.362,56.191,56.2068,56.9573,59.8067
0.3624,38.3169,38.3326,39.0788,41.9181
0.3628,19.8385,19.854,20.5961,23.4253
0.3632,1.0472,1.0626,1.8005,4.6197
0.3636,-17.7606,-17.7454,-17.0116,-14.2023
0.364,-36.2883,-36.2732,-35.5435,-32.7442
0.3644,-54.2437,-54.2288,-53.5032,-50.7138
0.3648,-71.3436,-71.3289,-70.6074,-67.8278
0.3652,-87.3184,-87.3038,-86.5864,-83.8167
0.3656,-101.9162,-101.9017,-101.1883,-98.4284
0.366,-114.9067,-114.8923,-114.1829,-111.4328
0.3664,-126.085,-126.0708,-125.3654,-122.625
0.3668,-135.2749,-135.2608,-134.5593,-131.8287
0.3672,-142.3314,-142.3175,-141.6199,-138.899
0.3676,-147.1433,-147.1295,-146.4359,-143.7245
0.368,-149.6346,-149.621,-148.9312,-146.2295
0.3684,-149.7661,-149.7526,-149.0667,-146.3746
0.3688,-147.5357,-147.5224,-146.8403,-144.1578
0.3692,-142.9786,-142.9654,-142.2872,-139.6141
0.3696,-136.1666,-136.1535,-135.4791,-132.8156
0.37,-127.2072,-127.1942,-126.5237,-123.8695
0.3704,-116.2417,-116.2288,-115.562,-112.9173
0.3708,-103.4429,-103.4302,-102.7671,-100.1319
0.3712,-89.0128,-89.0002,-88.3409,-85.715
0.3716,-73.1789,-73.1665,-72.5108,-69.8943
0.372,-56.191,-56.1786,-55.5267,-52.9194
0.3724,-38.3169,-38.3046,-37.6563,-35.0583
0.3728,-19.8385,-19.8264,-19.1817,-16.5929
0.3732,-1.0472,-1.0352,-0.3942,2.1854
0.3736,17.7606,17.7725,18.4099,20.9803
0.374,36.2883,36.3,36.9339,39.4951
0.3744,54.2437,54.2553,54.8856,57.4377
0.3748,71.3436,71.3551,71.9819,74.5249
0.3752,87.3184,87.3298,87.9531,90.487
0.3756,101.9162,101.9275,102.5472,105.0721
0.376,114.9067,114.9178,115.5341,118.05
0.3764,126.085,126.096,126.7088,129.2157
0.3768,135.2749,135.2858,135.8952,138.3931
0.3772,142.3314,142.3422,142.9481,145.4372
0.3776,147.1433,147.154,147.7565,150.2367
0.378,149.6346,149.6452,150.2443,152.7157
0.3784,149.7661,149.7766,150.3724,152.8349
0.3788,147.5357,147.5461,148.1385,150.5922
0.3792,142.9786,142.9889,143.578,146.0229
0.3796,136.1666,136.1768,136.7626,139.1988
0.38,127.2072,127.2173,127.7998,130.2273
0.3804,116.2417,116.2517,116.8309,119.2497
0.3808,103.4429,103.4528,104.0288,106.4389
0.3812,89.0128,89.0226,89.5953,91.9969
0.3816,73.1789,73.1887,73.7581,76.1511
0.382,56.191,56.2006,56.7669,59.1512
0.3824,38.3169,38.3264,38.8895,41.2653
0.3828,19.8385,19.8479,20.4078,22.7751
0.3832,1.0472,1.0565,1.6133,3.9721
0.3836,-17.7606,-17.7514,-17.1977,-14.8473
0.384,-36.2883,-36.2791,-35.7286,-33.3866
0.3844,-54.2437,-54.2346,-53.6872,-51.3536
0.3848,-71.3436,-71.3347,-70.7903,-68.4651
0.3852,-87.3184,-87.3096,-86.7683,-84.4514
0.3856,-101.9162,-101.9074,-101.3692,-99.0606
0.386,-114.9067,-114.898,-114.3628,-112.0625
0.3864,-126.085,-126.0764,-125.5442,-123.2522
0.3868,-135.2749,-135.2664,-134.7372,-132.4534
0.3872,-142.3314,-142.323,-141.7968,-139.5211
0.3876,-147.1433,-147.1349,-146.6117,-144.3442
0.388,-149.6346,-149.6263,-149.106,-146.8467
0.3884,-149.7661,-149.7579,-149.2406,-146.9894
0.3888,-147.5357,-147.5276,-147.0132,-144.7701
0.3892,-142.9786,-142.9706,-142.459,-140.224
0.3896,-136.1666,-136.1587,-135.65,-133.423
0.39,-127.2072,-127.1993,-126.6935,-124.4746
0.3904,-116.2417,-116.2339,-115.7309,-113.5199
0.3908,-103.4429,-103.4352,-102.9351,-100.732
0.3912,-89.0128,-89.0052,-88.5079,-86.3128
0.3916,-73.1789,-73.1714,-72.6769,-70.4897
0.392,-56.191,-56.1835,-55.6918,-53.5124
0.3924,-38.3169,-38.3095,-37.8205,-35.649
0.3928,-19.8385,-19.8311,-19.3449,-17.1813
0.3932,-1.0472,-1.0399,-0.5565,1.5994
0.3936,17.7606,17.7678,18.2485,20.3966
0.394,36.2883,36.2954,36.7734,38.9138
0.3944,54.2437,54.2507,54.7261,56.8587
0.3948,71.3436,71.3506,71.8233,73.9482
0.3952,87.3184,87.3254,87.7953,89.9126
0.3956,101.9162,101.923,102.3904,104.5
0.396,114.9067,114.9134,115.3782,117.4802
0.3964,126.085,126.0917,126.5538,128.6482
0.3968,135.2749,135.2815,135.741,137.8279
0.3972,142.3314,142.338,142.7949,144.8742
0.3976,147.1433,147.1498,147.6041,149.6759
0.398,149.6346,149.6411,150.0928,152.1572
0.3984,149.7661,149.7725,150.2217,152.2786
0.3988,147.5357,147.542,147.9887,150.0382
0.3992,142.9786,142.9849,143.429,145.4711
0.3996,136.1666,136.1728,136.6145,138.6491
0.4,127.2072,127.2133,127.6525,129.6798
