time(s),300sample,320sample,340sample,360sample,380sample,400sample
0.0,127.2072,127.2072,127.2072,127.2072,127.2072,127.2072
0.0004,116.2417,116.2417,116.2417,116.2417,116.2417,116.2417
0.0008,103.4429,103.4429,103.4429,103.4429,103.4429,103.4429
0.0012,89.0128,89.0128,89.0128,89.0128,89.0128,89.0128
0.0016,73.1789,73.1789,73.1789,73.1789,73.1789,73.1789
0.002,56.191,56.191,56.191,56.191,56.191,56.191
0.0024,38.3169,38.3169,38.3169,38.3169,38.3169,38.3169
0.0028,19.8385,19.8385,19.8385,19.8385,19.8385,19.8385
0.0032,1.0472,1.0472,1.0472,1.0472,1.0472,1.0472
0.0036,-17.7606,-17.7606,-17.7606,-17.7606,-17.7606,-17.7606
0.004,-36.2883,-36.2883,-36.2883,-36.2883,-36.2883,-36.2883
0.0044,-54.2437,-54.2437,-54.2437,-54.2437,-54.2437,-54.2437
0.0048,-71.3436,-71.3436,-71.3436,-71.3436,-71.3436,-71.3436
0.0052,-87.3184,-87.3184,-87.3184,-87.3184,-87.3184,-87.3184
0.0056,-101.9162,-101.9162,-101.9162,-101.9162,-101.9162,-101.9162
0.006,-114.9067,-114.9067,-114.9067,-114.9067,-114.9067,-114.9067
0.0064,-126.085,-126.085,-126.085,-126.085,-126.085,-126.085
0.0068,-135.2749,-135.2749,-135.2749,-135.2749,-135.2749,-135.2749
0.0072,-142.3314,-142.3314,-142.3314,-142.3314,-142.3314,-142.3314
0.0076,-147.1433,-147.1433,-147.1433,-147.1433,-147.1433,-147.1433
0.008,-149.6346,-149.6346,-149.6346,-149.6346,-149.6346,-149.6346
0.0084,-149.7661,-149.7661,-149.7661,-149.7661,-149.7661,-149.7661
0.0088,-147.5357,-147.5357,-147.5357,-147.5357,-147.5357,-147.5357
0.0092,-142.9786,-142.9786,-142.9786,-142.9786,-142.9786,-142.9786
0.0096,-136.1666,-136.1666,-136.1666,-136.1666,-136.1666,-136.1666
0.01,-127.2072,-127.2072,-127.2072,-127.2072,-127.2072,-127.2072
0.0104,-116.2417,-116.2417,-116.2417,-116.2417,-116.2417,-116.2417
0.0108,-103.4429,-103.4429,-103.4429,-103.4429,-103.4429,-103.4429
0.0112,-89.0128,-89.0128,-89.0128,-89.0128,-89.0128,-89.0128
0.0116,-73.1789,-73.1789,-73.1789,-73.1789,-73.1789,-73.1789
0.012,-56.191,-56.191,-56.191,-56.191,-56.191,-56.191
0.0124,-38.3169,-38.3169,-38.3169,-38.3169,-38.3169,-38.3169
0.0128,-19.8385,-19.8385,-19.8385,-19.8385,-19.8385,-19.8385
0.0132,-1.0472,-1.0472,-1.0472,-1.0472,-1.0472,-1.0472
0.0136,17.7606,17.7606,17.7606,17.7606,17.7606,17.7606
0.014,36.2883,36.2883,36.2883,36.2883,36.2883,36.2883
0.0144,54.2437,54.2437,54.2437,54.2437,54.2437,54.2437
0.0148,71.3436,71.3436,71.3436,71.3436,71.3436,71.3436
0.0152,87.3184,87.3184,87.3184,87.3184,87.3184,87.3184
0.0156,101.9162,101.9162,101.9162,101.9162,101.9162,101.9162
0.016,114.9067,114.9067,114.9067,114.9067,114.9067,114.9067
0.0164,126.085,126.085,126.085,126.085,126.085,126.085
0.0168,135.2749,135.2749,135.2749,135.2749,135.2749,135.2749
0.0172,142.3314,142.3314,142.3314,142.3314,142.3314,142.3314
0.0176,147.1433,147.1433,147.1433,147.1433,147.1433,147.1433
0.018,149.6346,149.6346,149.6346,149.6346,149.6346,149.6346
0.0184,149.7661,149.7661,149.7661,149.7661,149.7661,149.7661
0.0188,147.5357,147.5357,147.5357,147.5357,147.5357,147.5357
0.0192,142.9786,142.9786,142.9786,142.9786,142.9786,142.9786
0.0196,136.1666,136.1666,136.1666,136.1666,136.1666,136.1666
0.02,127.2072,127.2072,127.2072,127.2072,127.2072,127.2072
0.0204,116.2417,116.2417,116.2417,116.2417,116.2417,116.2417
0.0208,103.4429,103.4429,103.4429,103.4429,103.4429,103.4429
0.0212,89.0128,89.0128,89.0128,89.0128,89.0128,89.0128
0.0216,73.1789,73.1789,73.1789,73.1789,73.1789,73.1789
0.022,56.191,56.191,56.191,56.191,56.191,56.191
0.0224,38.3169,38.3169,38.3169,38.3169,38.3169,38.3169
0.0228,19.8385,19.8385,19.8385,19.8385,19.8385,19.8385
0.0232,1.0472,1.0472,1.0472,1.0472,1.0472,1.0472
0.0236,-17.7606,-17.7606,-17.7606,-17.7606,-17.7606,-17.7606
0.024,-36.2883,-36.2883,-36.2883,-36.2883,-36.2883,-36.2883
0.0244,-54.2437,-54.2437,-54.2437,-54.2437,-54.2437,-54.2437
0.0248,-71.3436,-71.3436,-71.3436,-71.3436,-71.3436,-71.3436
0.0252,-87.3184,-87.3184,-87.3184,-87.3184,-87.3184,-87.3184
0.0256,-101.9162,-101.9162,-101.9162,-101.9162,-101.9162,-101.9162
0.026,-114.9067,-114.9067,-114.9067,-114.9067,-114.9067,-114.9067
0.0264,-126.085,-126.085,-126.085,-126.085,-126.085,-126.085
0.0268,-135.2749,-135.2749,-135.2749,-135.2749,-135.2749,-135.2749
0.0272,-142.3314,-142.3314,-142.3314,-142.3314,-142.3314,-142.3314
0.0276,-147.1433,-147.1433,-147.1433,-147.1433,-147.1433,-147.1433
0.028,-149.6346,-149.6346,-149.6346,-149.6346,-149.6346,-149.6346
0.0284,-149.7661,-149.7661,-149.7661,-149.7661,-149.7661,-149.7661
0.0288,-147.5357,-147.5357,-147.5357,-147.5357,-147.5357,-147.5357
0.0292,-142.9786,-142.9786,-142.9786,-142.9786,-142.9786,-142.9786
0.0296,-136.1666,-136.1666,-136.1666,-136.1666,-136.1666,-136.1666
0.03,-127.2072,-127.2072,-127.2072,-127.2072,-127.2072,-127.2072
0.0304,-116.2417,-116.2417,-116.2417,-116.2417,-116.2417,-116.2417
0.0308,-103.4429,-103.4429,-103.4429,-103.4429,-103.4429,-103.4429
0.0312,-89.0128,-89.0128,-89.0128,-89.0128,-89.0128,-89.0128
0.0316,-73.1789,-73.1789,-73.1789,-73.1789,-73.1789,-73.1789
0.032,-56.191,-56.191,-56.191,-56.191,-56.191,-56.191
0.0324,-38.3169,-38.3169,-38.3169,-38.3169,-38.3169,-38.3169
0.0328,-19.8385,-19.8385,-19.8385,-19.8385,-19.8385,-19.8385
0.0332,-1.0472,-1.0472,-1.0472,-1.0472,-1.0472,-1.0472
0.0336,17.7606,17.7606,17.7606,17.7606,17.7606,17.7606
0.034,36.2883,36.2883,36.2883,36.2883,36.2883,36.2883
0.0344,54.2437,54.2437,54.2437,54.2437,54.2437,54.2437
0.0348,71.3436,71.3436,71.3436,71.3436,71.3436,71.3436
0.0352,87.3184,87.3184,87.3184,87.3184,87.3184,87.3184
0.0356,101.9162,101.9162,101.9162,101.9162,101.9162,101.9162
0.036,114.9067,114.9067,114.9067,114.9067,114.9067,114.9067
0.0364,126.085,126.085,126.085,126.085,126.085,126.085
0.0368,135.2749,135.2749,135.2749,135.2749,135.2749,135.2749
0.0372,142.3314,142.3314,142.3314,142.3314,142.3314,142.3314
0.0376,147.1433,147.1433,147.1433,147.1433,147.1433,147.1433
0.038,149.6346,149.6346,149.6346,149.6346,149.6346,149.6346
0.0384,149.7661,149.7661,149.7661,149.7661,149.7661,149.7661
0.0388,147.5357,147.5357,147.5357,147.5357,147.5357,147.5357
0.0392,142.9786,142.9786,142.9786,142.9786,142.9786,142.9786
0.0396,136.1666,136.1666,136.1666,136.1666,136.1666,136.1666
0.04,127.2072,127.2072,127.2072,127.2072,127.2072,127.2072
0.0404,116.2417,116.2417,116.2417,116.2417,116.2417,116.2417
0.0408,103.4429,103.4429,103.4429,103.4429,103.4429,103.4429
0.0412,89.0128,89.0128,89.0128,89.0128,89.0128,89.0128
0.0416,73.1789,73.1789,73.1789,73.1789,73.1789,73.1789
0.042,56.191,56.191,56.191,56.191,56.191,56.191
0.0424,38.3169,38.3169,38.3169,38.3169,38.3169,38.3169
0.0428,19.8385,19.8385,19.8385,19.8385,19.8385,19.8385
0.0432,1.0472,1.0472,1.0472,1.0472,1.0472,1.0472
0.0436,-17.7606,-17.7606,-17.7606,-17.7606,-17.7606,-17.7606
0.044,-36.2883,-36.2883,-36.2883,-36.2883,-36.2883,-36.2883
0.0444,-54.2437,-54.2437,-54.2437,-54.2437,-54.2437,-54.2437
0.0448,-71.3436,-71.3436,-71.3436,-71.3436,-71.3436,-71.3436
0.0452,-87.3184,-87.3184,-87.3184,-87.3184,-87.3184,-87.3184
0.0456,-101.9162,-101.9162,-101.9162,-101.9162,-101.9162,-101.9162
0.046,-114.9067,-114.9067,-114.9067,-114.9067,-114.9067,-114.9067
0.0464,-126.085,-126.085,-126.085,-126.085,-126.085,-126.085
0.0468,-135.2749,-135.2749,-135.2749,-135.2749,-135.2749,-135.2749
0.0472,-142.3314,-142.3314,-142.3314,-142.3314,-142.3314,-142.3314
0.0476,-147.1433,-147.1433,-147.1433,-147.1433,-147.1433,-147.1433
0.048,-149.6346,-149.6346,-149.6346,-149.6346,-149.6346,-149.6346
0.0484,-149.7661,-149.7661,-149.7661,-149.7661,-149.7661,-149.7661
0.0488,-147.5357,-147.5357,-147.5357,-147.5357,-147.5357,-147.5357
0.0492,-142.9786,-142.9786,-142.9786,-142.9786,-142.9786,-142.9786
0.0496,-136.1666,-136.1666,-136.1666,-136.1666,-136.1666,-136.1666
0.05,-127.2072,-127.2072,-127.2072,-127.2072,-127.2072,-127.2072
0.0504,-116.2417,-116.2417,-116.2417,-116.2417,-116.2417,-116.2417
0.0508,-103.4429,-103.4429,-103.4429,-103.4429,-103.4429,-103.4429
0.0512,-89.0128,-89.0128,-89.0128,-89.0128,-89.0128,-89.0128
0.0516,-73.1789,-73.1789,-73.1789,-73.1789,-73.1789,-73.1789
0.052,-56.191,-56.191,-56.191,-56.191,-56.191,-56.191
0.0524,-38.3169,-38.3169,-38.3169,-38.3169,-38.3169,-38.3169
0.0528,-19.8385,-19.8385,-19.8385,-19.8385,-19.8385,-19.8385
0.0532,-1.0472,-1.0472,-1.0472,-1.0472,-1.0472,-1.0472
0.0536,17.7606,17.7606,17.7606,17.7606,17.7606,17.7606
0.054,36.2883,36.2883,36.2883,36.2883,36.2883,36.2883
0.0544,54.2437,54.2437,54.2437,54.2437,54.2437,54.2437
0.0548,71.3436,71.3436,71.3436,71.3436,71.3436,71.3436
0.0552,87.3184,87.3184,87.3184,87.3184,87.3184,87.3184
0.0556,101.9162,101.9162,101.9162,101.9162,101.9162,101.9162
0.056,114.9067,114.9067,114.9067,114.9067,114.9067,114.9067
0.0564,126.085,126.085,126.085,126.085,126.085,126.085
0.0568,135.2749,135.2749,135.2749,135.2749,135.2749,135.2749
0.0572,142.3314,142.3314,142.3314,142.3314,142.3314,142.3314
0.0576,147.1433,147.1433,147.1433,147.1433,147.1433,147.1433
0.058,149.6346,149.6346,149.6346,149.6346,149.6346,149.6346
0.0584,149.7661,149.7661,149.7661,149.7661,149.7661,149.7661
0.0588,147.5357,147.5357,147.5357,147.5357,147.5357,147.5357
0.0592,142.9786,142.9786,142.9786,142.9786,142.9786,142.9786
0.0596,136.1666,136.1666,136.1666,136.1666,136.1666,136.1666
0.06,127.2072,127.2072,127.2072,127.2072,127.2072,127.2072
0.0604,116.2417,116.2417,116.2417,116.2417,116.2417,116.2417
0.0608,103.4429,103.4429,103.4429,103.4429,103.4429,103.4429
0.0612,89.0128,89.0128,89.0128,89.0128,89.0128,89.0128
0.0616,73.1789,73.1789,73.1789,73.1789,73.1789,73.1789
0.062,56.191,56.191,56.191,56.191,56.191,56.191
0.0624,38.3169,38.3169,38.3169,38.3169,38.3169,38.3169
0.0628,19.8385,19.8385,19.8385,19.8385,19.8385,19.8385
0.0632,1.0472,1.0472,1.0472,1.0472,1.0472,1.0472
0.0636,-17.7606,-17.7606,-17.7606,-17.7606,-17.7606,-17.7606
0.064,-36.2883,-36.2883,-36.2883,-36.2883,-36.2883,-36.2883
0.0644,-54.2437,-54.2437,-54.2437,-54.2437,-54.2437,-54.2437
0.0648,-71.3436,-71.3436,-71.3436,-71.3436,-71.3436,-71.3436
0.0652,-87.3184,-87.3184,-87.3184,-87.3184,-87.3184,-87.3184
0.0656,-101.9162,-101.9162,-101.9162,-101.9162,-101.9162,-101.9162
0.066,-114.9067,-114.9067,-114.9067,-114.9067,-114.9067,-114.9067
0.0664,-126.085,-126.085,-126.085,-126.085,-126.085,-126.085
0.0668,-135.2749,-135.2749,-135.2749,-135.2749,-135.2749,-135.2749
0.0672,-142.3314,-142.3314,-142.3314,-142.3314,-142.3314,-142.3314
0.0676,-147.1433,-147.1433,-147.1433,-147.1433,-147.1433,-147.1433
0.068,-149.6346,-149.6346,-149.6346,-149.6346,-149.6346,-149.6346
0.0684,-149.7661,-149.7661,-149.7661,-149.7661,-149.7661,-149.7661
0.0688,-147.5357,-147.5357,-147.5357,-147.5357,-147.5357,-147.5357
0.0692,-142.9786,-142.9786,-142.9786,-142.9786,-142.9786,-142.9786
0.0696,-136.1666,-136.1666,-136.1666,-136.1666,-136.1666,-136.1666
0.07,-127.2072,-127.2072,-127.2072,-127.2072,-127.2072,-127.2072
0.0704,-116.2417,-116.2417,-116.2417,-116.2417,-116.2417,-116.2417
0.0708,-103.4429,-103.4429,-103.4429,-103.4429,-103.4429,-103.4429
0.0712,-89.0128,-89.0128,-89.0128,-89.0128,-89.0128,-89.0128
0.0716,-73.1789,-73.1789,-73.1789,-73.1789,-73.1789,-73.1789
0.072,-56.191,-56.191,-56.191,-56.191,-56.191,-56.191
0.0724,-38.3169,-38.3169,-38.3169,-38.3169,-38.3169,-38.3169
0.0728,-19.8385,-19.8385,-19.8385,-19.8385,-19.8385,-19.8385
0.0732,-1.0472,-1.0472,-1.0472,-1.0472,-1.0472,-1.0472
0.0736,17.7606,17.7606,17.7606,17.7606,17.7606,17.7606
0.074,36.2883,36.2883,36.2883,36.2883,36.2883,36.2883
0.0744,54.2437,54.2437,54.2437,54.2437,54.2437,54.2437
0.0748,71.3436,71.3436,71.3436,71.3436,71.3436,71.3436
0.0752,87.3184,87.3184,87.3184,87.3184,87.3184,87.3184
0.0756,101.9162,101.9162,101.9162,101.9162,101.9162,101.9162
0.076,114.9067,114.9067,114.9067,114.9067,114.9067,114.9067
0.0764,126.085,126.085,126.085,126.085,126.085,126.085
0.0768,135.2749,135.2749,135.2749,135.2749,135.2749,135.2749
0.0772,142.3314,142.3314,142.3314,142.3314,142.3314,142.3314
0.0776,147.1433,147.1433,147.1433,147.1433,147.1433,147.1433
0.078,149.6346,149.6346,149.6346,149.6346,149.6346,149.6346
0.0784,149.7661,149.7661,149.7661,149.7661,149.7661,149.7661
0.0788,147.5357,147.5357,147.5357,147.5357,147.5357,147.5357
0.0792,142.9786,142.9786,142.9786,142.9786,142.9786,142.9786
0.0796,136.1666,136.1666,136.1666,136.1666,136.1666,136.1666
0.08,127.2072,127.2072,127.2072,127.2072,127.2072,127.2072
0.0804,116.2417,116.2417,116.2417,116.2417,116.2417,116.2417
0.0808,103.4429,103.4429,103.4429,103.4429,103.4429,103.4429
0.0812,89.0128,89.0128,89.0128,89.0128,89.0128,89.0128
0.0816,73.1789,73.1789,73.1789,73.1789,73.1789,73.1789
0.082,56.191,56.191,56.191,56.191,56.191,56.191
0.0824,38.3169,38.3169,38.3169,38.3169,38.3169,38.3169
0.0828,19.8385,19.8385,19.8385,19.8385,19.8385,19.8385
0.0832,1.0472,1.0472,1.0472,1.0472,1.0472,1.0472
0.0836,-17.7606,-17.7606,-17.7606,-17.7606,-17.7606,-17.7606
0.084,-36.2883,-36.2883,-36.2883,-36.2883,-36.2883,-36.2883
0.0844,-54.2437,-54.2437,-54.2437,-54.2437,-54.2437,-54.2437
0.0848,-71.3436,-71.3436,-71.3436,-71.3436,-71.3436,-71.3436
0.0852,-87.3184,-87.3184,-87.3184,-87.3184,-87.3184,-87.3184
0.0856,-101.9162,-101.9162,-101.9162,-101.9162,-101.9162,-101.9162
0.086,-114.9067,-114.9067,-114.9067,-114.9067,-114.9067,-114.9067
0.0864,-126.085,-126.085,-126.085,-126.085,-126.085,-126.085
0.0868,-135.2749,-135.2749,-135.2749,-135.2749,-135.2749,-135.2749
0.0872,-142.3314,-142.3314,-142.3314,-142.3314,-142.3314,-142.3314
0.0876,-147.1433,-147.1433,-147.1433,-147.1433,-147.1433,-147.1433
0.088,-149.6346,-149.6346,-149.6346,-149.6346,-149.6346,-149.6346
0.0884,-149.7661,-149.7661,-149.7661,-149.7661,-149.7661,-149.7661
0.0888,-147.5357,-147.5357,-147.5357,-147.5357,-147.5357,-147.5357
0.0892,-142.9786,-142.9786,-142.9786,-142.9786,-142.9786,-142.9786
0.0896,-136.1666,-136.1666,-136.1666,-136.1666,-136.1666,-136.1666
0.09,-127.2072,-127.2072,-127.2072,-127.2072,-127.2072,-127.2072
0.0904,-116.2417,-116.2417,-116.2417,-116.2417,-116.2417,-116.2417
0.0908,-103.4429,-103.4429,-103.4429,-103.4429,-103.4429,-103.4429
0.0912,-89.0128,-89.0128,-89.0128,-89.0128,-89.0128,-89.0128
0.0916,-73.1789,-73.1789,-73.1789,-73.1789,-73.1789,-73.1789
0.092,-56.191,-56.191,-56.191,-56.191,-56.191,-56.191
0.0924,-38.3169,-38.3169,-38.3169,-38.3169,-38.3169,-38.3169
0.0928,-19.8385,-19.8385,-19.8385,-19.8385,-19.8385,-19.8385
0.0932,-1.0472,-1.0472,-1.0472,-1.0472,-1.0472,-1.0472
0.0936,17.7606,17.7606,17.7606,17.7606,17.7606,17.7606
0.094,36.2883,36.2883,36.2883,36.2883,36.2883,36.2883
0.0944,54.2437,54.2437,54.2437,54.2437,54.2437,54.2437
0.0948,71.3436,71.3436,71.3436,71.3436,71.3436,71.3436
0.0952,87.3184,87.3184,87.3184,87.3184,87.3184,87.3184
0.0956,101.9162,101.9162,101.9162,101.9162,101.9162,101.9162
0.096,114.9067,114.9067,114.9067,114.9067,114.9067,114.9067
0.0964,126.085,126.085,126.085,126.085,126.085,126.085
0.0968,135.2749,135.2749,135.2749,135.2749,135.2749,135.2749
0.0972,142.3314,142.3314,142.3314,142.3314,142.3314,142.3314
0.0976,147.1433,147.1433,147.1433,147.1433,147.1433,147.1433
0.098,149.6346,149.6346,149.6346,149.6346,149.6346,149.6346
0.0984,149.7661,149.7661,149.7661,149.7661,149.7661,149.7661
0.0988,147.5357,147.5357,147.5357,147.5357,147.5357,147.5357
0.0992,142.9786,142.9786,142.9786,142.9786,142.9786,142.9786
0.0996,136.1666,136.1666,136.1666,136.1666,136.1666,136.1666
0.1,127.2072,127.2072,127.2072,127.2072,127.2072,127.2072
0.1004,116.2417,116.2417,116.2417,116.2417,116.2417,116.2417
0.1008,103.4429,103.4429,103.4429,103.4429,103.4429,103.4429
0.1012,89.0128,89.0128,89.0128,89.0128,89.0128,89.0128
0.1016,73.1789,73.1789,73.1789,73.1789,73.1789,73.1789
0.102,56.191,56.191,56.191,56.191,56.191,56.191
0.1024,38.3169,38.3169,38.3169,38.3169,38.3169,38.3169
0.1028,19.8385,19.8385,19.8385,19.8385,19.8385,19.8385
0.1032,1.0472,1.0472,1.0472,1.0472,1.0472,1.0472
0.1036,-17.7606,-17.7606,-17.7606,-17.7606,-17.7606,-17.7606
0.104,-36.2883,-36.2883,-36.2883,-36.2883,-36.2883,-36.2883
0.1044,-54.2437,-54.2437,-54.2437,-54.2437,-54.2437,-54.2437
0.1048,-71.3436,-71.3436,-71.3436,-71.3436,-71.3436,-71.3436
0.1052,-87.3184,-87.3184,-87.3184,-87.3184,-87.3184,-87.3184
0.1056,-101.9162,-101.9162,-101.9162,-101.9162,-101.9162,-101.9162
0.106,-114.9067,-114.9067,-114.9067,-114.9067,-114.9067,-114.9067
0.1064,-126.085,-126.085,-126.085,-126.085,-126.085,-126.085
0.1068,-135.2749,-135.2749,-135.2749,-135.2749,-135.2749,-135.2749
0.1072,-142.3314,-142.3314,-142.3314,-142.3314,-142.3314,-142.3314
0.1076,-147.1433,-147.1433,-147.1433,-147.1433,-147.1433,-147.1433
0.108,-149.6346,-149.6346,-149.6346,-149.6346,-149.6346,-149.6346
0.1084,-149.7661,-149.7661,-149.7661,-149.7661,-149.7661,-149.7661
0.1088,-147.5357,-147.5357,-147.5357,-147.5357,-147.5357,-147.5357
0.1092,-142.9786,-142.9786,-142.9786,-142.9786,-142.9786,-142.9786
0.1096,-136.1666,-136.1666,-136.1666,-136.1666,-136.1666,-136.1666
0.11,-127.2072,-127.2072,-127.2072,-127.2072,-127.2072,-127.2072
0.1104,-116.2417,-116.2417,-116.2417,-116.2417,-116.2417,-116.2417
0.1108,-103.4429,-103.4429,-103.4429,-103.4429,-103.4429,-103.4429
0.1112,-89.0128,-89.0128,-89.0128,-89.0128,-89.0128,-89.0128
0.1116,-73.1789,-73.1789,-73.1789,-73.1789,-73.1789,-73.1789
0.112,-56.191,-56.191,-56.191,-56.191,-56.191,-56.191
0.1124,-38.3169,-38.3169,-38.3169,-38.3169,-38.3169,-38.3169
0.1128,-19.8385,-19.8385,-19.8385,-19.8385,-19.8385,-19.8385
0.1132,-1.0472,-1.0472,-1.0472,-1.0472,-1.0472,-1.0472
0.1136,17.7606,17.7606,17.7606,17.7606,17.7606,17.7606
0.114,36.2883,36.2883,36.2883,36.2883,36.2883,36.2883
0.1144,54.2437,54.2437,54.2437,54.2437,54.2437,54.2437
0.1148,71.3436,71.3436,71.3436,71.3436,71.3436,71.3436
0.1152,87.3184,87.3184,87.3184,87.3184,87.3184,87.3184
0.1156,101.9162,101.9162,101.9162,101.9162,101.9162,101.9162
0.116,114.9067,114.9067,114.9067,114.9067,114.9067,114.9067
0.1164,126.085,126.085,126.085,126.085,126.085,126.085
0.1168,135.2749,135.2749,135.2749,135.2749,135.2749,135.2749
0.1172,142.3314,142.3314,142.3314,142.3314,142.3314,142.3314
0.1176,147.1433,147.1433,147.1433,147.1433,147.1433,147.1433
0.118,149.6346,149.6346,149.6346,149.6346,149.6346,149.6346
0.1184,149.7661,149.7661,149.7661,149.7661,149.7661,149.7661
0.1188,147.5357,147.5357,147.5357,147.5357,147.5357,147.5357
0.1192,142.9786,142.9786,142.9786,142.9786,142.9786,142.9786
0.1196,136.1666,136.1666,136.1666,136.1666,136.1666,136.1666
0.12,123.4823,127.2072,127.2072,127.2072,127.2072,127.2072
0.1204,111.8052,116.2417,116.2417,116.2417,116.2417,116.2417
0.1208,98.3561,103.4429,103.4429,103.4429,103.4429,103.4429
0.1212,83.3484,89.0128,89.0128,89.0128,89.0128,89.0128
0.1216,67.0197,73.1789,73.1789,73.1789,73.1789,73.1789
0.122,49.6287,56.191,56.191,56.191,56.191,56.191
0.1224,31.4512,38.3169,38.3169,38.3169,38.3169,38.3169
0.1228,12.7751,19.8385,19.8385,19.8385,19.8385,19.8385
0.1232,-6.1037,1.0472,1.0472,1.0472,1.0472,1.0472
0.1236,-24.8859,-17.7606,-17.7606,-17.7606,-17.7606,-17.7606
0.124,-43.2738,-36.2883,-36.2883,-36.2883,-36.2883,-36.2883
0.1244,-60.976,-54.2437,-54.2437,-54.2437,-54.2437,-54.2437
0.1248,-77.7119,-71.3436,-71.3436,-71.3436,-71.3436,-71.3436
0.1252,-93.2163,-87.3184,-87.3184,-87.3184,-87.3184,-87.3184
0.1256,-107.2433,-101.9162,-101.9162,-101.9162,-101.9162,-101.9162
0.126,-119.5707,-114.9067,-114.9067,-114.9067,-114.9067,-114.9067
0.1264,-130.003,-126.085,-126.085,-126.085,-126.085,-126.085
0.1268,-138.3747,-135.2749,-135.2749,-135.2749,-135.2749,-135.2749
0.1272,-144.5532,-142.3314,-142.3314,-142.3314,-142.3314,-142.3314
0.1276,-148.4405,-147.1433,-147.1433,-147.1433,-147.1433,-147.1433
0.128,-149.9748,-149.9748,-149.6346,-149.6346,-149.6346,-149.6346
0.1284,-149.1318,-149.1318,-149.7661,-149.7661,-149.7661,-149.7661
0.1288,-145.9248,-145.9248,-147.5357,-147.5357,-147.5357,-147.5357
0.1292,-140.4046,-140.4046,-142.9786,-142.9786,-142.9786,-142.9786
0.1296,-132.6587,-132.6587,-136.1666,-136.1666,-136.1666,-136.1666
0.13,-122.8097,-122.8097,-127.2072,-127.2072,-127.2072,-127.2072
0.1304,-111.0138,-111.0138,-116.2417,-116.2417,-116.2417,-116.2417
0.1308,-97.4579,-97.4579,-103.4429,-103.4429,-103.4429,-103.4429
0.1312,-82.3569,-82.3569,-89.0128,-89.0128,-89.0128,-89.0128
0.1316,-65.9501,-65.9501,-73.1789,-73.1789,-73.1789,-73.1789
0.132,-48.4976,-48.4976,-56.191,-56.191,-56.191,-56.191
0.1324,-30.2762,-30.2762,-38.3169,-38.3169,-38.3169,-38.3169
0.1328,-11.5745,-11.5745,-19.8385,-19.8385,-19.8385,-19.8385
0.1332,7.3107,7.3107,-1.0472,-1.0472,-1.0472,-1.0472
0.1336,26.0803,26.0803,17.7606,17.7606,17.7606,17.7606
0.134,44.4364,44.4364,36.2883,36.2883,36.2883,36.2883
0.1344,62.0882,62.0882,54.2437,54.2437,54.2437,54.2437
0.1348,78.7557,78.7557,71.3436,71.3436,71.3436,71.3436
0.1352,94.1745,94.1745,87.3184,87.3184,87.3184,87.3184
0.1356,108.1003,108.1003,101.9162,101.9162,101.9162,101.9162
0.136,120.3121,120.3121,120.3121,114.9067,114.9067,114.9067
0.1364,130.6163,130.6163,130.6163,126.085,126.085,126.085
0.1368,138.8495,138.8495,138.8495,135.2749,135.2749,135.2749
0.1372,144.8809,144.8809,144.8809,142.3314,142.3314,142.3314
0.1376,148.615,148.615,148.615,147.1433,147.1433,147.1433
0.138,149.9925,149.9925,149.9925,149.6346,149.6346,149.6346
0.1384,148.9915,148.9915,148.9915,149.7661,149.7661,149.7661
0.1388,145.6277,145.6277,145.6277,147.5357,147.5357,147.5357
0.1392,139.9545,139.9545,139.9545,142.9786,142.9786,142.9786
0.1396,132.0618,132.0618,132.0618,136.1666,136.1666,136.1666
0.14,122.0747,122.0747,122.0747,127.2072,127.2072,127.2072
0.1404,110.1516,110.1516,110.1516,116.2417,116.2417,116.2417
0.1408,96.4814,96.4814,96.4814,103.4429,103.4429,103.4429
0.1412,81.281,81.281,81.281,89.0128,89.0128,89.0128
0.1416,64.7914,64.7914,64.7914,73.1789,73.1789,73.1789
0.142,47.274,47.274,47.274,56.191,56.191,56.191
0.1424,29.0067,29.0067,29.0067,38.3169,38.3169,38.3169
0.1428,10.2793,10.2793,10.2793,19.8385,19.8385,19.8385
0.1432,-8.6114,-8.6114,-8.6114,1.0472,1.0472,1.0472
0.1436,-27.3656,-27.3656,-27.3656,-17.7606,-17.7606,-17.7606
0.144,-45.686,-45.686,-45.686,-45.686,-36.2883,-36.2883
0.1444,-63.2818,-63.2818,-63.2818,-63.2818,-54.2437,-54.2437
0.1448,-79.874,-79.874,-79.874,-79.874,-71.3436,-71.3436
0.1452,-95.1994,-95.1994,-95.1994,-95.1994,-87.3184,-87.3184
0.1456,-109.0148,-109.0148,-109.0148,-109.0148,-101.9162,-101.9162
0.146,-121.101,-121.101,-121.101,-121.101,-114.9067,-114.9067
0.1464,-131.2664,-131.2664,-131.2664,-131.2664,-126.085,-126.085
0.1468,-139.3496,-139.3496,-139.3496,-139.3496,-135.2749,-135.2749
0.1472,-145.2223,-145.2223,-145.2223,-145.2223,-142.3314,-142.3314
0.1476,-148.7913,-148.7913,-148.7913,-148.7913,-147.1433,-147.1433
0.148,-149.9999,-149.9999,-149.9999,-149.9999,-149.6346,-149.6346
0.1484,-148.829,-148.829,-148.829,-148.829,-149.7661,-149.7661
0.1488,-145.2969,-145.2969,-145.2969,-145.2969,-147.5357,-147.5357
0.1492,-139.4598,-139.4598,-139.4598,-139.4598,-142.9786,-142.9786
0.1496,-131.4101,-131.4101,-131.4101,-131.4101,-136.1666,-136.1666
0.15,-121.2756,-121.2756,-121.2756,-121.2756,-127.2072,-127.2072
0.1504,-109.2168,-109.2168,-109.2168,-109.2168,-116.2417,-116.2417
0.1508,-95.4252,-95.4252,-95.4252,-95.4252,-103.4429,-103.4429
0.1512,-80.1195,-80.1195,-80.1195,-80.1195,-89.0128,-89.0128
0.1516,-63.5425,-63.5425,-63.5425,-63.5425,-73.1789,-73.1789
0.152,-45.9572,-45.9572,-45.9572,-45.9572,-45.9572,-56.191
0.1524,-27.6425,-27.6425,-27.6425,-27.6425,-27.6425,-38.3169
0.1528,-8.8891,-8.8891,-8.8891,-8.8891,-8.8891,-19.8385
0.1532,10.0055,10.0055,10.0055,10.0055,10.0055,-1.0472
0.1536,28.7414,28.7414,28.7414,28.7414,28.7414,17.7606
0.154,47.0215,47.0215,47.0215,47.0215,47.0215,36.2883
0.1544,64.5556,64.5556,64.5556,64.5556,64.5556,54.2437
0.1548,81.0655,81.0655,81.0655,81.0655,81.0655,71.3436
0.1552,96.2891,96.2891,96.2891,96.2891,96.2891,87.3184
0.1556,109.9848,109.9848,109.9848,109.9848,109.9848,101.9162
0.156,121.9354,121.9354,121.9354,121.9354,121.9354,114.9067
0.1564,131.951,131.951,131.951,131.951,131.951,126.085
0.1568,139.8727,139.8727,139.8727,139.8727,139.8727,135.2749
0.1572,145.5748,145.5748,145.5748,145.5748,145.5748,142.3314
0.1576,148.9667,148.9667,148.9667,148.9667,148.9667,147.1433
0.158,149.9944,149.9944,149.9944,149.9944,149.9944,149.6346
0.1584,148.6418,148.6418,148.6418,148.6418,148.6418,149.7661
0.1588,144.93,144.93,144.93,144.93,144.93,147.5357
0.1592,138.9181,138.9181,138.9181,138.9181,138.9181,142.9786
0.1596,130.7014,130.7014,130.7014,130.7014,130.7014,136.1666
0.16,120.4101,120.4101,120.4101,120.4101,120.4101,120.4101
0.1604,108.2077,108.2077,108.2077,108.2077,108.2077,108.2077
0.1608,94.2878,94.2878,94.2878,94.2878,94.2878,94.2878
0.1612,78.8711,78.8711,78.8711,78.8711,78.8711,78.8711
0.1616,62.2025,62.2025,62.2025,62.2025,62.2025,62.2025
0.162,44.5464,44.5464,44.5464,44.5464,44.5464,44.5464
0.1624,26.1831,26.1831,26.1831,26.1831,26.1831,26.1831
0.1628,7.4041,7.4041,7.4041,7.4041,7.4041,7.4041
0.1632,-11.4926,-11.4926,-11.4926,-11.4926,-11.4926,-11.4926
0.1636,-30.2071,-30.2071,-30.2071,-30.2071,-30.2071,-30.2071
0.164,-48.4421,-48.4421,-48.4421,-48.4421,-48.4421,-48.4421
0.1644,-65.9084,-65.9084,-65.9084,-65.9084,-65.9084,-65.9084
0.1648,-82.3285,-82.3285,-82.3285,-82.3285,-82.3285,-82.3285
0.1652,-97.4419,-97.4419,-97.4419,-97.4419,-97.4419,-97.4419
0.1656,-111.0084,-111.0084,-111.0084,-111.0084,-111.0084,-111.0084
0.166,-122.8128,-122.8128,-122.8128,-122.8128,-122.8128,-122.8128
0.1664,-132.6676,-132.6676,-132.6676,-132.6676,-132.6676,-132.6676
0.1668,-140.4163,-140.4163,-140.4163,-140.4163,-140.4163,-140.4163
0.1672,-145.9358,-145.9358,-145.9358,-145.9358,-145.9358,-145.9358
0.1676,-149.1385,-149.1385,-149.1385,-149.1385,-149.1385,-149.1385
0.168,-149.9733,-149.9733,-149.9733,-149.9733,-149.9733,-149.9733
0.1684,-148.4272,-148.4272,-148.4272,-148.4272,-148.4272,-148.4272
0.1688,-144.5244,-144.5244,-144.5244,-144.5244,-144.5244,-144.5244
0.1692,-138.327,-138.327,-138.327,-138.327,-138.327,-138.327
0.1696,-129.9332,-129.9332,-129.9332,-129.9332,-129.9332,-129.9332
0.17,-119.4763,-119.4763,-119.4763,-119.4763,-119.4763,-119.4763
0.1704,-107.1223,-107.1223,-107.1223,-107.1223,-107.1223,-107.1223
0.1708,-93.0673,-93.0673,-93.0673,-93.0673,-93.0673,-93.0673
0.1712,-77.5345,-77.5345,-77.5345,-77.5345,-77.5345,-77.5345
0.1716,-60.7703,-60.7703,-60.7703,-60.7703,-60.7703,-60.7703
0.172,-43.0411,-43.0411,-43.0411,-43.0411,-43.0411,-43.0411
0.1724,-24.6282,-24.6282,-24.6282,-24.6282,-24.6282,-24.6282
0.1728,-5.8242,-5.8242,-5.8242,-5.8242,-5.8242,-5.8242
0.1732,13.0725,13.0725,13.0725,13.0725,13.0725,13.0725
0.1736,31.7618,31.7618,31.7618,31.7618,31.7618,31.7618
0.174,49.9468,49.9468,49.9468,49.9468,49.9468,49.9468
0.1744,67.3388,67.3388,67.3388,67.3388,67.3388,67.3388
0.1748,83.6616,83.6616,83.6616,83.6616,83.6616,83.6616
0.1752,98.6558,98.6558,98.6558,98.6558,98.6558,98.6558
0.1756,112.0834,112.0834,112.0834,112.0834,112.0834,112.0834
0.176,123.731,123.731,123.731,123.731,123.731,123.731
0.1764,133.4137,133.4137,133.4137,133.4137,133.4137,133.4137
0.1768,140.9776,140.9776,140.9776,140.9776,140.9776,140.9776
0.1772,146.3025,146.3025,146.3025,146.3025,146.3025,146.3025
0.1776,149.3038,149.3038,149.3038,149.3038,149.3038,149.3038
0.178,149.9337,149.9337,149.9337,149.9337,149.9337,149.9337
0.1784,148.1823,148.1823,148.1823,148.1823,148.1823,148.1823
0.1788,144.0772,144.0772,144.0772,144.0772,144.0772,144.0772
0.1792,137.6837,137.6837,137.6837,137.6837,137.6837,137.6837
0.1796,129.1032,129.1032,129.1032,129.1032,129.1032,129.1032
0.18,118.4719,118.4719,118.4719,118.4719,118.4719,118.4719
0.1804,105.9587,105.9587,105.9587,105.9587,105.9587,105.9587
0.1808,91.7623,91.7623,91.7623,91.7623,91.7623,91.7623
0.1812,76.1082,76.1082,76.1082,76.1082,76.1082,76.1082
0.1816,59.2449,59.2449,59.2449,59.2449,59.2449,59.2449
0.182,41.4404,41.4404,41.4404,41.4404,41.4404,41.4404
0.1824,22.9775,22.9775,22.9775,22.9775,22.9775,22.9775
0.1828,4.1494,4.1494,4.1494,4.1494,4.1494,4.1494
0.1832,-14.7448,-14.7448,-14.7448,-14.7448,-14.7448,-14.7448
0.1836,-33.4049,-33.4049,-33.4049,-33.4049,-33.4049,-33.4049
0.184,-51.5344,-51.5344,-51.5344,-51.5344,-51.5344,-51.5344
0.1844,-68.8454,-68.8454,-68.8454,-68.8454,-68.8454,-68.8454
0.1848,-85.0627,-85.0627,-85.0627,-85.0627,-85.0627,-85.0627
0.1852,-99.9288,-99.9288,-99.9288,-99.9288,-99.9288,-99.9288
0.1856,-113.2073,-113.2073,-113.2073,-113.2073,-113.2073,-113.2073
0.186,-124.6874,-124.6874,-124.6874,-124.6874,-124.6874,-124.6874
0.1864,-134.1865,-134.1865,-134.1865,-134.1865,-134.1865,-134.1865
0.1868,-141.5537,-141.5537,-141.5537,-141.5537,-141.5537,-141.5537
0.1872,-146.6718,-146.6718,-146.6718,-146.6718,-146.6718,-146.6718
0.1876,-149.4596,-149.4596,-149.4596,-149.4596,-149.4596,-149.4596
0.188,-149.8726,-149.8726,-149.8726,-149.8726,-149.8726,-149.8726
0.1884,-147.9042,-147.9042,-147.9042,-147.9042,-147.9042,-147.9042
0.1888,-143.5857,-143.5857,-143.5857,-143.5857,-143.5857,-143.5857
0.1892,-136.9856,-136.9856,-136.9856,-136.9856,-136.9856,-136.9856
0.1896,-128.2087,-128.2087,-128.2087,-128.2087,-128.2087,-128.2087
0.19,-117.3945,-117.3945,-117.3945,-117.3945,-117.3945,-117.3945
0.1904,-104.7147,-104.7147,-104.7147,-104.7147,-104.7147,-104.7147
0.1908,-90.3708,-90.3708,-90.3708,-90.3708,-90.3708,-90.3708
0.1912,-74.5908,-74.5908,-74.5908,-74.5908,-74.5908,-74.5908
0.1916,-57.6252,-57.6252,-57.6252,-57.6252,-57.6252,-57.6252
0.192,-39.7438,-39.7438,-39.7438,-39.7438,-39.7438,-39.7438
0.1924,-21.2306,-21.2306,-21.2306,-21.2306,-21.2306,-21.2306
0.1928,-2.3798,-2.3798,-2.3798,-2.3798,-2.3798,-2.3798
0.1932,16.5089,16.5089,16.5089,16.5089,16.5089,16.5089
0.1936,35.1354,35.1354,35.1354,35.1354,35.1354,35.1354
0.194,53.2036,53.2036,53.2036,53.2036,53.2036,53.2036
0.1944,70.4264,70.4264,70.4264,70.4264,70.4264,70.4264
0.1948,86.53,86.53,86.53,86.53,86.53,86.53
0.1952,101.2585,101.2585,101.2585,101.2585,101.2585,101.2585
0.1956,114.3777,114.3777,114.3777,114.3777,114.3777,114.3777
0.196,125.6791,125.6791,125.6791,125.6791,125.6791,125.6791
0.1964,134.983,134.983,134.983,134.983,134.983,134.983
0.1968,142.1414,142.1414,142.1414,142.1414,142.1414,142.1414
0.1972,147.0406,147.0406,147.0406,147.0406,147.0406,147.0406
0.1976,149.6026,149.6026,149.6026,149.6026,149.6026,149.6026
0.198,149.7866,149.7866,149.7866,149.7866,149.7866,149.7866
0.1984,147.5897,147.5897,147.5897,147.5897,147.5897,147.5897
0.1988,143.0466,143.0466,143.0466,143.0466,143.0466,143.0466
0.1992,136.2297,136.2297,136.2297,136.2297,136.2297,136.2297
0.1996,127.2471,127.2471,127.2471,127.2471,127.2471,127.2471
0.2,116.2417,116.2417,116.2417,116.2417,116.2417,116.2417
0.2004,103.3883,103.3883,103.3883,103.3883,103.3883,103.3883
0.2008,88.8912,88.8912,88.8912,88.8912,88.8912,88.8912
0.2012,72.9808,72.9808,72.9808,72.9808,72.9808,72.9808
0.2016,55.9101,55.9101,55.9101,55.9101,55.9101,55.9101
0.202,37.9504,37.9504,37.9504,37.9504,37.9504,37.9504
0.2024,19.3873,19.3873,19.3873,19.3873,19.3873,19.3873
0.2028,0.5157,0.5157,0.5157,0.5157,0.5157,0.5157
0.2032,-18.3642,-18.3642,-18.3642,-18.3642,-18.3642,-18.3642
0.2036,-36.9523,-36.9523,-36.9523,-36.9523,-36.9523,-36.9523
0.204,-54.953,-54.953,-54.953,-54.953,-54.953,-54.953
0.2044,-72.0801,-72.0801,-72.0801,-72.0801,-72.0801,-72.0801
0.2048,-88.0613,-88.0613,-88.0613,-88.0613,-88.0613,-88.0613
0.2052,-102.6425,-102.6425,-102.6425,-102.6425,-102.6425,-102.6425
0.2056,-115.5917,-115.5917,-115.5917,-115.5917,-115.5917,-115.5917
0.206,-126.7031,-126.7031,-126.7031,-126.7031,-126.7031,-126.7031
0.2064,-135.8,-135.8,-135.8,-135.8,-135.8,-135.8
0.2068,-142.7375,-142.7375,-142.7375,-142.7375,-142.7375,-142.7375
0.2072,-147.4054,-147.4054,-147.4054,-147.4054,-147.4054,-147.4054
0.2076,-149.7293,-149.7293,-149.7293,-149.7293,-149.7293,-149.7293
0.208,-149.6724,-149.6724,-149.6724,-149.6724,-149.6724,-149.6724
0.2084,-147.2353,-147.2353,-147.2353,-147.2353,-147.2353,-147.2353
0.2088,-142.4569,-142.4569,-142.4569,-142.4569,-142.4569,-142.4569
0.2092,-135.413,-135.413,-135.413,-135.413,-135.413,-135.413
0.2096,-126.2156,-126.2156,-126.2156,-126.2156,-126.2156,-126.2156
0.21,-115.0109,-115.0109,-115.0109,-115.0109,-115.0109,-115.0109
0.2104,-101.9771,-101.9771,-101.9771,-101.9771,-101.9771,-101.9771
0.2108,-87.3214,-87.3214,-87.3214,-87.3214,-87.3214,-87.3214
0.2112,-71.2769,-71.2769,-71.2769,-71.2769,-71.2769,-71.2769
0.2116,-54.0986,-54.0986,-54.0986,-54.0986,-54.0986,-54.0986
0.212,-36.0598,-36.0598,-36.0598,-36.0598,-36.0598,-36.0598
0.2124,-17.4474,-17.4474,-17.4474,-17.4474,-17.4474,-17.4474
0.2128,1.4427,1.4427,1.4427,1.4427,1.4427,1.4427
0.2132,20.31,20.31,20.31,20.31,20.31,20.31
0.2136,38.8544,38.8544,38.8544,38.8544,38.8544,38.8544
0.214,56.781,56.781,56.781,56.781,56.781,56.781
0.2144,73.8046,73.8046,73.8046,73.8046,73.8046,73.8046
0.2148,89.6543,89.6543,89.6543,89.6543,89.6543,89.6543
0.2152,104.0781,104.0781,104.0781,104.0781,104.0781,104.0781
0.2156,116.8465,116.8465,116.8465,116.8465,116.8465,116.8465
0.216,127.7564,127.7564,127.7564,127.7564,127.7564,127.7564
0.2164,136.6341,136.6341,136.6341,136.6341,136.6341,136.6341
0.2168,143.3384,143.3384,143.3384,143.3384,143.3384,143.3384
0.2172,147.7626,147.7626,147.7626,147.7626,147.7626,147.7626
0.2176,149.8363,149.8363,149.8363,149.8363,149.8363,149.8363
0.218,149.5264,149.5264,149.5264,149.5264,149.5264,149.5264
0.2184,146.8377,146.8377,146.8377,146.8377,146.8377,146.8377
0.2188,141.8131,141.8131,141.8131,141.8131,141.8131,141.8131
0.2192,134.5324,134.5324,134.5324,134.5324,134.5324,134.5324
0.2196,125.1113,125.1113,125.1113,125.1113,125.1113,125.1113
0.22,113.6997,113.6997,113.6997,113.6997,113.6997,113.6997
0.2204,100.4791,100.4791,100.4791,100.4791,100.4791,100.4791
0.2208,85.6597,85.6597,85.6597,85.6597,85.6597,85.6597
0.2212,69.4775,69.4775,69.4775,69.4775,69.4775,69.4775
0.2216,52.1897,52.1897,52.1897,52.1897,52.1897,52.1897
0.222,34.0713,34.0713,34.0713,34.0713,34.0713,34.0713
0.2224,15.4108,15.4108,15.4108,15.4108,15.4108,15.4108
0.2228,-3.4952,-3.4952,-3.4952,-3.4952,-3.4952,-3.4952
0.2232,-22.3456,-22.3456,-22.3456,-22.3456,-22.3456,-22.3456
0.2236,-40.8407,-40.8407,-40.8407,-40.8407,-40.8407,-40.8407
0.224,-58.686,-58.686,-58.686,-58.686,-58.686,-58.686
0.2244,-75.5977,-75.5977,-75.5977,-75.5977,-75.5977,-75.5977
0.2248,-91.3065,-91.3065,-91.3065,-91.3065,-91.3065,-91.3065
0.2252,-105.5626,-105.5626,-105.5626,-105.5626,-105.5626,-105.5626
0.2256,-118.139,-118.139,-118.139,-118.139,-118.139,-118.139
0.226,-128.8355,-128.8355,-128.8355,-128.8355,-128.8355,-128.8355
0.2264,-137.4819,-137.4819,-137.4819,-137.4819,-137.4819,-137.4819
0.2268,-143.9405,-143.9405,-143.9405,-143.9405,-143.9405,-143.9405
0.2272,-148.1086,-148.1086,-148.1086,-148.1086,-148.1086,-148.1086
0.2276,-149.9196,-149.9196,-149.9196,-149.9196,-149.9196,-149.9196
0.228,-149.3448,-149.3448,-149.3448,-149.3448,-149.3448,-149.3448
0.2284,-146.3932,-146.3932,-146.3932,-146.3932,-146.3932,-146.3932
0.2288,-141.1118,-141.1118,-141.1118,-141.1118,-141.1118,-141.1118
0.2292,-133.5845,-133.5845,-133.5845,-133.5845,-133.5845,-133.5845
0.2296,-123.9311,-123.9311,-123.9311,-123.9311,-123.9311,-123.9311
0.23,-112.3052,-112.3052,-112.3052,-112.3052,-112.3052,-112.3052
0.2304,-98.8917,-98.8917,-98.8917,-98.8917,-98.8917,-98.8917
0.2308,-83.9042,-83.9042,-83.9042,-83.9042,-83.9042,-83.9042
0.2312,-67.5811,-67.5811,-67.5811,-67.5811,-67.5811,-67.5811
0.2316,-50.1822,-50.1822,-50.1822,-50.1822,-50.1822,-50.1822
0.232,-31.9844,-31.9844,-31.9844,-31.9844,-31.9844,-31.9844
0.2324,-13.2774,-13.2774,-13.2774,-13.2774,-13.2774,-13.2774
0.2328,5.6411,5.6411,5.6411,5.6411,5.6411,5.6411
0.2332,24.47,24.47,24.47,24.47,24.47,24.47
0.2336,42.9095,42.9095,42.9095,42.9095,42.9095,42.9095
0.234,60.6661,60.6661,60.6661,60.6661,60.6661,60.6661
0.2344,77.4571,77.4571,77.4571,77.4571,77.4571,77.4571
0.2348,93.0153,93.0153,93.0153,93.0153,93.0153,93.0153
0.2352,107.0929,107.0929,107.0929,107.0929,107.0929,107.0929
0.2356,119.4658,119.4658,119.4658,119.4658,119.4658,119.4658
0.236,129.9369,129.9369,129.9369,129.9369,129.9369,129.9369
0.2364,138.3396,138.3396,138.3396,138.3396,138.3396,138.3396
0.2368,144.5399,144.5399,144.5399,144.5399,144.5399,144.5399
0.2372,148.4392,148.4392,148.4392,148.4392,148.4392,148.4392
0.2376,149.9754,149.9754,149.9754,149.9754,149.9754,149.9754
0.238,149.1238,149.1238,149.1238,149.1238,149.1238,149.1238
0.2384,145.898,145.898,145.898,145.898,145.898,145.898
0.2388,140.3494,140.3494,140.3494,140.3494,140.3494,140.3494
0.2392,132.5661,132.5661,132.5661,132.5661,132.5661,132.5661
0.2396,122.6721,122.6721,122.6721,122.6721,122.6721,122.6721
0.24,110.8248,110.8248,110.8248,110.8248,110.8248,110.8248
0.2404,97.2128,97.2128,97.2128,97.2128,97.2128,97.2128
0.2408,82.0529,82.0529,82.0529,82.0529,82.0529,82.0529
0.2412,65.5863,65.5863,65.5863,65.5863,65.5863,65.5863
0.2416,48.0753,48.0753,48.0753,48.0753,48.0753,48.0753
0.242,29.7987,29.7987,29.7987,29.7987,29.7987,29.7987
0.2424,11.0474,11.0474,11.0474,11.0474,11.0474,11.0474
0.2428,-7.88,-7.88,-7.88,-7.88,-7.88,-7.88
0.2432,-26.6821,-26.6821,-26.6821,-26.6821,-26.6821,-26.6821
0.2436,-45.0594,-45.0594,-45.0594,-45.0594,-45.0594,-45.0594
0.244,-62.7193,-62.7193,-62.7193,-62.7193,-62.7193,-62.7193
0.2444,-79.3805,-79.3805,-79.3805,-79.3805,-79.3805,-79.3805
0.2448,-94.7777,-94.7777,-94.7777,-94.7777,-94.7777,-94.7777
0.2452,-108.6658,-108.6658,-108.6658,-108.6658,-108.6658,-108.6658
0.2456,-120.8233,-120.8233,-120.8233,-120.8233,-120.8233,-120.8233
0.246,-131.0568,-131.0568,-131.0568,-131.0568,-131.0568,-131.0568
0.2464,-139.2031,-139.2031,-139.2031,-139.2031,-139.2031,-139.2031
0.2468,-145.1325,-145.1325,-145.1325,-145.1325,-145.1325,-145.1325
0.2472,-148.7505,-148.7505,-148.7505,-148.7505,-148.7505,-148.7505
0.2476,-149.9994,-149.9994,-149.9994,-149.9994,-149.9994,-149.9994
0.248,-148.8592,-148.8592,-148.8592,-148.8592,-148.8592,-148.8592
0.2484,-145.3482,-145.3482,-145.3482,-145.3482,-145.3482,-145.3482
0.2488,-139.522,-139.522,-139.522,-139.522,-139.522,-139.522
0.2492,-131.4736,-131.4736,-131.4736,-131.4736,-131.4736,-131.4736
0.2496,-121.331,-121.331,-121.331,-121.331,-121.331,-121.331
0.25,-109.2556,-109.2556,-109.2556,-109.2556,-109.2556,-109.2556
0.2504,-95.44,-95.44,-95.44,-95.44,-95.44,-95.44
0.2508,-80.1039,-80.1039,-80.1039,-80.1039,-80.1039,-80.1039
0.2512,-63.4918,-63.4918,-63.4918,-63.4918,-63.4918,-63.4918
0.2516,-45.8681,-45.8681,-45.8681,-45.8681,-45.8681,-45.8681
0.252,-27.5136,-27.5136,-27.5136,-27.5136,-27.5136,-27.5136
0.2524,-8.7208,-8.7208,-8.7208,-8.7208,-8.7208,-8.7208
0.2528,10.2112,10.2112,10.2112,10.2112,10.2112,10.2112
0.2532,28.9806,28.9806,28.9806,28.9806,28.9806,28.9806
0.2536,47.2886,47.2886,47.2886,47.2886,47.2886,47.2886
0.254,64.8433,64.8433,64.8433,64.8433,64.8433,64.8433
0.2544,81.3651,81.3651,81.3651,81.3651,81.3651,81.3651
0.2548,96.5908,96.5908,96.5908,96.5908,96.5908,96.5908
0.2552,110.2778,110.2778,110.2778,110.2778,110.2778,110.2778
0.2556,122.2079,122.2079,122.2079,122.2079,122.2079,122.2079
0.256,132.1912,132.1912,132.1912,132.1912,132.1912,132.1912
0.2564,140.0684,140.0684,140.0684,140.0684,140.0684,140.0684
0.2568,145.7139,145.7139,145.7139,145.7139,145.7139,145.7139
0.2572,149.0379,149.0379,149.0379,149.0379,149.0379,149.0379
0.2576,149.9873,149.9873,149.9873,149.9873,149.9873,149.9873
0.258,148.5469,148.5469,148.5469,148.5469,148.5469,148.5469
0.2584,144.7396,144.7396,144.7396,144.7396,144.7396,144.7396
0.2588,138.626,138.626,138.626,138.626,138.626,138.626
0.2592,130.3035,130.3035,130.3035,130.3035,130.3035,130.3035
0.2596,119.9046,119.9046,119.9046,119.9046,119.9046,119.9046
0.26,107.595,107.595,107.595,107.595,107.595,107.595
0.2604,93.5707,93.5707,93.5707,93.5707,93.5707,93.5707
0.2608,78.0553,78.0553,78.0553,78.0553,78.0553,78.0553
0.2612,61.296,61.296,61.296,61.296,61.296,61.296
0.2616,43.5597,43.5597,43.5597,43.5597,43.5597,43.5597
0.262,25.1291,25.1291,25.1291,25.1291,25.1291,25.1291
0.2624,6.2979,6.2979,6.2979,6.2979,6.2979,6.2979
0.2628,-12.6338,-12.6338,-12.6338,-12.6338,-12.6338,-12.6338
0.2632,-31.3644,-31.3644,-31.3644,-31.3644,-31.3644,-31.3644
0.2636,-49.5952,-49.5952,-49.5952,-49.5952,-49.5952,-49.5952
0.264,-67.0357,-67.0357,-67.0357,-67.0357,-67.0357,-67.0357
0.2644,-83.4081,-83.4081,-83.4081,-83.4081,-83.4081,-83.4081
0.2648,-98.4512,-98.4512,-98.4512,-98.4512,-98.4512,-98.4512
0.2652,-111.9253,-111.9253,-111.9253,-111.9253,-111.9253,-111.9253
0.2656,-123.6157,-123.6157,-123.6157,-123.6157,-123.6157,-123.6157
0.266,-133.3359,-133.3359,-133.3359,-133.3359,-133.3359,-133.3359
0.2664,-140.931,-140.931,-140.931,-140.931,-140.931,-140.931
0.2668,-146.2798,-146.2798,-146.2798,-146.2798,-146.2798,-146.2798
0.2672,-149.2971,-149.2971,-149.2971,-149.2971,-149.2971,-149.2971
0.2676,-149.9348,-149.9348,-149.9348,-149.9348,-149.9348,-149.9348
0.268,-148.1825,-148.1825,-148.1825,-148.1825,-148.1825,-148.1825
0.2684,-144.0682,-144.0682,-144.0682,-144.0682,-144.0682,-144.0682
0.2688,-137.6574,-137.6574,-137.6574,-137.6574,-137.6574,-137.6574
0.2692,-129.0522,-129.0522,-129.0522,-129.0522,-129.0522,-129.0522
0.2696,-118.3897,-118.3897,-118.3897,-118.3897,-118.3897,-118.3897
0.27,-105.8399,-105.8399,-105.8399,-105.8399,-105.8399,-105.8399
0.2704,-91.6028,-91.6028,-91.6028,-91.6028,-91.6028,-91.6028
0.2708,-75.9053,-75.9053,-75.9053,-75.9053,-75.9053,-75.9053
0.2712,-58.9977,-58.9977,-58.9977,-58.9977,-58.9977,-58.9977
0.2716,-41.1493,-41.1493,-41.1493,-41.1493,-41.1493,-41.1493
0.272,-22.6448,-22.6448,-22.6448,-22.6448,-22.6448,-22.6448
0.2724,-3.7792,-3.7792,-3.7792,-3.7792,-3.7792,-3.7792
0.2728,15.1469,15.1469,15.1469,15.1469,15.1469,15.1469
0.2732,33.8316,33.8316,33.8316,33.8316,33.8316,33.8316
0.2736,51.9771,51.9771,51.9771,51.9771,51.9771,51.9771
0.274,69.2941,69.2941,69.2941,69.2941,69.2941,69.2941
0.2744,85.5063,85.5063,85.5063,85.5063,85.5063,85.5063
0.2748,100.3554,100.3554,100.3554,100.3554,100.3554,100.3554
0.2752,113.6045,113.6045,113.6045,113.6045,113.6045,113.6045
0.2756,125.0423,125.0423,125.0423,125.0423,125.0423,125.0423
0.276,134.4865,134.4865,134.4865,134.4865,134.4865,134.4865
0.2764,141.7864,141.7864,141.7864,141.7864,141.7864,141.7864
0.2768,146.8254,146.8254,146.8254,146.8254,146.8254,146.8254
0.2772,149.5234,149.5234,149.5234,149.5234,149.5234,149.5234
0.2776,149.837,149.837,149.837,149.837,149.837,149.837
0.278,147.7614,147.7614,147.7614,147.7614,147.7614,147.7614
0.2784,143.3295,143.3295,143.3295,143.3295,143.3295,143.3295
0.2788,136.612,136.612,136.612,136.612,136.612,136.612
0.2792,127.7158,127.7158,127.7158,127.7158,127.7158,127.7158
0.2796,116.783,116.783,116.783,116.783,116.783,116.783
0.28,103.9876,103.9876,103.9876,103.9876,103.9876,103.9876
0.2804,89.5339,89.5339,89.5339,89.5339,89.5339,89.5339
0.2808,73.6521,73.6521,73.6521,73.6521,73.6521,73.6521
0.2812,56.5956,56.5956,56.5956,56.5956,56.5956,56.5956
0.2816,38.6363,38.6363,38.6363,38.6363,38.6363,38.6363
0.282,20.0608,20.0608,20.0608,20.0608,20.0608,20.0608
0.2824,1.1651,1.1651,1.1651,1.1651,1.1651,1.1651
0.2828,-17.7493,-17.7493,-17.7493,-17.7493,-17.7493,-17.7493
0.2832,-36.3807,-36.3807,-36.3807,-36.3807,-36.3807,-36.3807
0.2836,-54.4321,-54.4321,-54.4321,-54.4321,-54.4321,-54.4321
0.284,-71.6154,-71.6154,-71.6154,-71.6154,-71.6154,-71.6154
0.2844,-87.6566,-87.6566,-87.6566,-87.6566,-87.6566,-87.6566
0.2848,-102.2997,-102.2997,-102.2997,-102.2997,-102.2997,-102.2997
0.2852,-115.3113,-115.3113,-115.3113,-115.3113,-115.3113,-115.3113
0.2856,-126.4836,-126.4836,-126.4836,-126.4836,-126.4836,-126.4836
0.286,-135.6384,-135.6384,-135.6384,-135.6384,-135.6384,-135.6384
0.2864,-142.6297,-142.6297,-142.6297,-142.6297,-142.6297,-142.6297
0.2868,-147.3459,-147.3459,-147.3459,-147.3459,-147.3459,-147.3459
0.2872,-149.7117,-149.7117,-149.7117,-149.7117,-149.7117,-149.7117
0.2876,-149.6893,-149.6893,-149.6893,-149.6893,-149.6893,-149.6893
0.288,-147.279,-147.279,-147.279,-147.279,-147.279,-147.279
0.2884,-142.5192,-142.5192,-142.5192,-142.5192,-142.5192,-142.5192
0.2888,-135.4857,-135.4857,-135.4857,-135.4857,-135.4857,-135.4857
0.2892,-126.2908,-126.2908,-126.2908,-126.2908,-126.2908,-126.2908
0.2896,-115.081,-115.081,-115.081,-115.081,-115.081,-115.081
0.29,-102.0352,-102.0352,-102.0352,-102.0352,-102.0352,-102.0352
0.2904,-87.3615,-87.3615,-87.3615,-87.3615,-87.3615,-87.3615
0.2908,-71.2938,-71.2938,-71.2938,-71.2938,-71.2938,-71.2938
0.2912,-54.0886,-54.0886,-54.0886,-54.0886,-54.0886,-54.0886
0.2916,-36.0202,-36.0202,-36.0202,-36.0202,-36.0202,-36.0202
0.292,-17.377,-17.377,-17.377,-17.377,-17.377,-17.377
0.2924,1.5435,1.5435,1.5435,1.5435,1.5435,1.5435
0.2928,20.4396,20.4396,20.4396,20.4396,20.4396,20.4396
0.2932,39.0098,39.0098,39.0098,39.0098,39.0098,39.0098
0.2936,56.9576,56.9576,56.9576,56.9576,56.9576,56.9576
0.294,73.9967,73.9967,73.9967,73.9967,73.9967,73.9967
0.2944,89.8553,89.8553,89.8553,89.8553,89.8553,89.8553
0.2948,104.2802,104.2802,104.2802,104.2802,104.2802,104.2802
0.2952,117.0412,117.0412,117.0412,117.0412,117.0412,117.0412
0.2956,127.9347,127.9347,127.9347,127.9347,127.9347,127.9347
0.296,136.7867,136.7867,136.7867,136.7867,136.7867,136.7867
0.2964,143.4561,143.4561,143.4561,143.4561,143.4561,143.4561
0.2968,147.8362,147.8362,147.8362,147.8362,147.8362,147.8362
0.2972,149.8571,149.8571,149.8571,149.8571,149.8571,149.8571
0.2976,149.4866,149.4866,149.4866,149.4866,149.4866,149.4866
0.298,146.7305,146.7305,146.7305,146.7305,146.7305,146.7305
0.2984,141.6326,141.6326,141.6326,141.6326,141.6326,141.6326
0.2988,134.2744,134.2744,134.2744,134.2744,134.2744,134.2744
0.2992,124.7732,124.7732,124.7732,124.7732,124.7732,124.7732
0.2996,113.2806,113.2806,113.2806,113.2806,113.2806,113.2806
0.3,99.9799,99.9799,99.9799,99.9799,99.9799,99.9799
0.3004,85.0834,85.0834,85.0834,85.0834,85.0834,85.0834
0.3008,68.8288,68.8288,68.8288,68.8288,68.8288,68.8288
0.3012,51.4755,51.4755,51.4755,51.4755,51.4755,51.4755
0.3016,33.3005,33.3005,33.3005,33.3005,33.3005,33.3005
0.302,14.5939,14.5939,14.5939,14.5939,14.5939,14.5939
0.3024,-4.3459,-4.3459,-4.3459,-4.3459,-4.3459,-4.3459
0.3028,-23.2164,-23.2164,-23.2164,-23.2164,-23.2164,-23.2164
0.3032,-41.7165,-41.7165,-41.7165,-41.7165,-41.7165,-41.7165
0.3036,-59.5509,-59.5509,-59.5509,-59.5509,-59.5509,-59.5509
0.304,-76.4348,-76.4348,-76.4348,-76.4348,-76.4348,-76.4348
0.3044,-92.0987,-92.0987,-92.0987,-92.0987,-92.0987,-92.0987
0.3048,-106.2926,-106.2926,-106.2926,-106.2926,-106.2926,-106.2926
0.3052,-118.7899,-118.7899,-118.7899,-118.7899,-118.7899,-118.7899
0.3056,-129.3909,-129.3909,-129.3909,-129.3909,-129.3909,-129.3909
0.306,-137.9264,-137.9264,-137.9264,-137.9264,-137.9264,-137.9264
0.3064,-144.2602,-144.2602,-144.2602,-144.2602,-144.2602,-144.2602
0.3068,-148.291,-148.291,-148.291,-148.291,-148.291,-148.291
0.3072,-149.9544,-149.9544,-149.9544,-149.9544,-149.9544,-149.9544
0.3076,-149.2238,-149.2238,-149.2238,-149.2238,-149.2238,-149.2238
0.308,-146.1109,-146.1109,-146.1109,-146.1109,-146.1109,-146.1109
0.3084,-140.6653,-140.6653,-140.6653,-140.6653,-140.6653,-140.6653
0.3088,-132.9738,-132.9738,-132.9738,-132.9738,-132.9738,-132.9738
0.3092,-123.1592,-123.1592,-123.1592,-123.1592,-123.1592,-123.1592
0.3096,-111.3782,-111.3782,-111.3782,-111.3782,-111.3782,-111.3782
0.31,-97.8187,-97.8187,-97.8187,-97.8187,-97.8187,-97.8187
0.3104,-82.6974,-82.6974,-82.6974,-82.6974,-82.6974,-82.6974
0.3108,-66.2555,-66.2555,-66.2555,-66.2555,-66.2555,-66.2555
0.3112,-48.7556,-48.7556,-48.7556,-48.7556,-48.7556,-48.7556
0.3116,-30.477,-30.477,-30.477,-30.477,-30.477,-30.477
0.312,-11.7117,-11.7117,-11.7117,-11.7117,-11.7117,-11.7117
0.3124,7.2409,7.2409,7.2409,7.2409,7.2409,7.2409
0.3128,26.0779,26.0779,26.0779,26.0779,26.0779,26.0779
0.3132,44.4986,44.4986,44.4986,44.4986,44.4986,44.4986
0.3136,62.209,62.209,62.209,62.209,62.209,62.209
0.314,78.926,78.926,78.926,78.926,78.926,78.926
0.3144,94.3828,94.3828,94.3828,94.3828,94.3828,94.3828
0.3148,108.3326,108.3326,108.3326,108.3326,108.3326,108.3326
0.3152,120.5523,120.5523,120.5523,120.5523,120.5523,120.5523
0.3156,130.847,130.847,130.847,130.847,130.847,130.847
0.316,139.0521,139.0521,139.0521,139.0521,139.0521,139.0521
0.3164,145.0366,145.0366,145.0366,145.0366,145.0366,145.0366
0.3168,148.7048,148.7048,148.7048,148.7048,148.7048,148.7048
0.3172,149.9981,149.9981,149.9981,149.9981,149.9981,149.9981
0.3176,148.8957,148.8957,148.8957,148.8957,148.8957,148.8957
0.318,145.4153,145.4153,145.4153,145.4153,145.4153,145.4153
0.3184,139.6123,139.6123,139.6123,139.6123,139.6123,139.6123
0.3188,131.5794,131.5794,131.5794,131.5794,131.5794,131.5794
0.3192,121.4449,121.4449,121.4449,121.4449,121.4449,121.4449
0.3196,109.3705,109.3705,109.3705,109.3705,109.3705,109.3705
0.32,95.549,95.549,95.549,95.549,95.549,95.549
0.3204,80.2013,80.2013,80.2013,80.2013,80.2013,80.2013
0.3208,63.5724,63.5724,63.5724,63.5724,63.5724,63.5724
0.3212,45.9278,45.9278,45.9278,45.9278,45.9278,45.9278
0.3216,27.5495,27.5495,27.5495,27.5495,27.5495,27.5495
0.322,8.731,8.731,8.731,8.731,8.731,8.731
0.3224,-10.2272,-10.2272,-10.2272,-10.2272,-10.2272,-10.2272
0.3228,-29.0221,-29.0221,-29.0221,-29.0221,-29.0221,-29.0221
0.3232,-47.3535,-47.3535,-47.3535,-47.3535,-47.3535,-47.3535
0.3236,-64.9287,-64.9287,-64.9287,-64.9287,-64.9287,-64.9287
0.324,-81.4667,-81.4667,-81.4667,-81.4667,-81.4667,-81.4667
0.3244,-96.7034,-96.7034,-96.7034,-96.7034,-96.7034,-96.7034
0.3248,-110.3953,-110.3953,-110.3953,-110.3953,-110.3953,-110.3953
0.3252,-122.3236,-122.3236,-122.3236,-122.3236,-122.3236,-122.3236
0.3256,-132.2978,-132.2978,-132.2978,-132.2978,-132.2978,-132.2978
0.326,-140.1584,-140.1584,-140.1584,-140.1584,-140.1584,-140.1584
0.3264,-145.7798,-145.7798,-145.7798,-145.7798,-145.7798,-145.7798
0.3268,-149.0721,-149.0721,-149.0721,-149.0721,-149.0721,-149.0721
0.3272,-149.9827,-149.9827,-149.9827,-149.9827,-149.9827,-149.9827
0.3276,-148.4969,-148.4969,-148.4969,-148.4969,-148.4969,-148.4969
0.328,-144.6385,-144.6385,-144.6385,-144.6385,-144.6385,-144.6385
0.3284,-138.4691,-138.4691,-138.4691,-138.4691,-138.4691,-138.4691
0.3288,-130.0871,-130.0871,-130.0871,-130.0871,-130.0871,-130.0871
0.3292,-119.6264,-119.6264,-119.6264,-119.6264,-119.6264,-119.6264
0.3296,-107.2542,-107.2542,-107.2542,-107.2542,-107.2542,-107.2542
0.33,-93.1681,-93.1681,-93.1681,-93.1681,-93.1681,-93.1681
0.3304,-77.5931,-77.5931,-77.5931,-77.5931,-77.5931,-77.5931
0.3308,-60.778,-60.778,-60.778,-60.778,-60.778,-60.778
0.3312,-42.9917,-42.9917,-42.9917,-42.9917,-42.9917,-42.9917
0.3316,-24.5182,-24.5182,-24.5182,-24.5182,-24.5182,-24.5182
0.332,-5.6527,-5.6527,-5.6527,-5.6527,-5.6527,-5.6527
0.3324,13.3033,13.3033,13.3033,13.3033,13.3033,13.3033
0.3328,32.0468,32.0468,32.0468,32.0468,32.0468,32.0468
0.3332,50.2783,50.2783,50.2783,50.2783,50.2783,50.2783
0.3336,67.7064,67.7064,67.7064,67.7064,67.7064,67.7064
0.334,84.0527,84.0527,84.0527,84.0527,84.0527,84.0527
0.3344,99.0557,99.0557,99.0557,99.0557,99.0557,99.0557
0.3348,112.4758,112.4758,112.4758,112.4758,112.4758,112.4758
0.3352,124.0983,124.0983,124.0983,124.0983,124.0983,124.0983
0.3356,133.7375,133.7375,133.7375,133.7375,133.7375,133.7375
0.336,141.2394,141.2394,141.2394,141.2394,141.2394,141.2394
0.3364,146.4838,146.4838,146.4838,146.4838,146.4838,146.4838
0.3368,149.387,149.387,149.387,149.387,149.387,149.387
0.3372,149.9024,149.9024,149.9024,149.9024,149.9024,149.9024
0.3376,148.0219,148.0219,148.0219,148.0219,148.0219,148.0219
0.338,143.7753,143.7753,143.7753,143.7753,143.7753,143.7753
0.3384,137.2306,137.2306,137.2306,137.2306,137.2306,137.2306
0.3388,128.4923,128.4923,128.4923,128.4923,128.4923,128.4923
0.3392,117.6999,117.6999,117.6999,117.6999,117.6999,117.6999
0.3396,105.026,105.026,105.026,105.026,105.026,105.026
0.34,90.6732,90.6732,90.6732,90.6732,90.6732,90.6732
0.3404,74.8708,74.8708,74.8708,74.8708,74.8708,74.8708
0.3408,57.8713,57.8713,57.8713,57.8713,57.8713,57.8713
0.3412,39.9466,39.9466,39.9466,39.9466,39.9466,39.9466
0.3416,21.3832,21.3832,21.3832,21.3832,21.3832,21.3832
0.342,2.4778,2.4778,2.4778,2.4778,2.4778,2.4778
0.3424,-16.4674,-16.4674,-16.4674,-16.4674,-16.4674,-16.4674
0.3428,-35.1495,-35.1495,-35.1495,-35.1495,-35.1495,-35.1495
0.3432,-53.2698,-53.2698,-53.2698,-53.2698,-53.2698,-53.2698
0.3436,-70.5385,-70.5385,-70.5385,-70.5385,-70.5385,-70.5385
0.344,-86.6797,-86.6797,-86.6797,-86.6797,-86.6797,-86.6797
0.3444,-101.4351,-101.4351,-101.4351,-101.4351,-101.4351,-101.4351
0.3448,-114.5688,-114.5688,-114.5688,-114.5688,-114.5688,-114.5688
0.3452,-125.8709,-125.8709,-125.8709,-125.8709,-125.8709,-125.8709
0.3456,-135.1605,-135.1605,-135.1605,-135.1605,-135.1605,-135.1605
0.346,-142.2891,-142.2891,-142.2891,-142.2891,-142.2891,-142.2891
0.3464,-147.1426,-147.1426,-147.1426,-147.1426,-147.1426,-147.1426
0.3468,-149.6434,-149.6434,-149.6434,-149.6434,-149.6434,-149.6434
0.3472,-149.7515,-149.7515,-149.7515,-149.7515,-149.7515,-149.7515
0.3476,-147.465,-147.465,-147.465,-147.465,-147.465,-147.465
0.348,-142.8204,-142.8204,-142.8204,-142.8204,-142.8204,-142.8204
0.3484,-135.8921,-135.8921,-135.8921,-135.8921,-135.8921,-135.8921
0.3488,-126.7906,-126.7906,-126.7906,-126.7906,-126.7906,-126.7906
0.3492,-115.6615,-115.6615,-115.6615,-115.6615,-115.6615,-115.6615
0.3496,-102.6828,-102.6828,-102.6828,-102.6828,-102.6828,-102.6828
0.35,-88.0619,-88.0619,-88.0619,-88.0619,-88.0619,-88.0619
0.3504,-72.0325,-72.0325,-72.0325,-72.0325,-72.0325,-72.0325
0.3508,-54.8511,-54.8511,-54.8511,-54.8511,-54.8511,-54.8511
0.3512,-36.7924,-36.7924,-36.7924,-36.7924,-36.7924,-36.7924
0.3516,-18.1451,-18.1451,-18.1451,-18.1451,-18.1451,-18.1451
0.352,0.7925,0.7925,0.7925,0.7925,0.7925,0.7925
0.3524,19.7176,19.7176,19.7176,19.7176,19.7176,19.7176
0.3528,38.3275,38.3275,38.3275,38.3275,38.3275,38.3275
0.3532,56.3246,56.3246,56.3246,56.3246,56.3246,56.3246
0.3536,73.4209,73.4209,73.4209,73.4209,73.4209,73.4209
0.354,89.3431,89.3431,89.3431,89.3431,89.3431,89.3431
0.3544,103.8364,103.8364,103.8364,103.8364,103.8364,103.8364
0.3548,116.669,116.669,116.669,116.669,116.669,116.669
0.3552,127.6355,127.6355,127.6355,127.6355,127.6355,127.6355
0.3556,136.5606,136.5606,136.5606,136.5606,136.5606,136.5606
0.356,143.3014,143.3014,143.3014,143.3014,143.3014,143.3014
0.3564,147.7501,147.7501,147.7501,147.7501,147.7501,147.7501
0.3568,149.8353,149.8353,149.8353,149.8353,149.8353,149.8353
0.3572,149.5238,149.5238,149.5238,149.5238,149.5238,149.5238
0.3576,146.8205,146.8205,146.8205,146.8205,146.8205,146.8205
0.358,141.7684,141.7684,141.7684,141.7684,141.7684,141.7684
0.3584,134.4485,134.4485,134.4485,134.4485,134.4485,134.4485
0.3588,124.9777,124.9777,124.9777,124.9777,124.9777,124.9777
0.3592,113.5074,113.5074,113.5074,113.5074,113.5074,113.5074
0.3596,100.2213,100.2213,100.2213,100.2213,100.2213,100.2213
0.36,85.3317,85.3317,85.3317,85.3317,85.3317,85.3317
0.3604,69.0768,69.0768,69.0768,69.0768,69.0768,69.0768
0.3608,51.7166,51.7166,51.7166,51.7166,51.7166,51.7166
0.3612,33.5289,33.5289,33.5289,33.5289,33.5289,33.5289
0.3616,14.8046,14.8046,14.8046,14.8046,14.8046,14.8046
0.362,-4.1566,-4.1566,-4.1566,-4.1566,-4.1566,-4.1566
0.3624,-23.0516,-23.0516,-23.0516,-23.0516,-23.0516,-23.0516
0.3628,-41.5778,-41.5778,-41.5778,-41.5778,-41.5778,-41.5778
0.3632,-59.439,-59.439,-59.439,-59.439,-59.439,-59.439
0.3636,-76.3492,-76.3492,-76.3492,-76.3492,-76.3492,-76.3492
0.364,-92.038,-92.038,-92.038,-92.038,-92.038,-92.038
0.3644,-106.2542,-106.2542,-106.2542,-106.2542,-106.2542,-106.2542
0.3648,-118.7703,-118.7703,-118.7703,-118.7703,-118.7703,-118.7703
0.3652,-129.386,-129.386,-129.386,-129.386,-129.386,-129.386
0.3656,-137.9315,-137.9315,-137.9315,-137.9315,-137.9315,-137.9315
0.366,-144.2699,-144.2699,-144.2699,-144.2699,-144.2699,-144.2699
0.3664,-148.2997,-148.2997,-148.2997,-148.2997,-148.2997,-148.2997
0.3668,-149.9563,-149.9563,-149.9563,-149.9563,-149.9563,-149.9563
0.3672,-149.2134,-149.2134,-149.2134,-149.2134,-149.2134,-149.2134
0.3676,-146.0825,-146.0825,-146.0825,-146.0825,-146.0825,-146.0825
0.368,-140.6139,-140.6139,-140.6139,-140.6139,-140.6139,-140.6139
0.3684,-132.8949,-132.8949,-132.8949,-132.8949,-132.8949,-132.8949
0.3688,-123.0491,-123.0491,-123.0491,-123.0491,-123.0491,-123.0491
0.3692,-111.2339,-111.2339,-111.2339,-111.2339,-111.2339,-111.2339
0.3696,-97.6385,-97.6385,-97.6385,-97.6385,-97.6385,-97.6385
0.37,-82.4803,-82.4803,-82.4803,-82.4803,-82.4803,-82.4803
0.3704,-66.0019,-66.0019,-66.0019,-66.0019,-66.0019,-66.0019
0.3708,-48.467,-48.467,-48.467,-48.467,-48.467,-48.467
0.3712,-30.1563,-30.1563,-30.1563,-30.1563,-30.1563,-30.1563
0.3716,-11.3628,-11.3628,-11.3628,-11.3628,-11.3628,-11.3628
0.372,7.6128,7.6128,7.6128,7.6128,7.6128,7.6128
0.3724,26.4666,26.4666,26.4666,26.4666,26.4666,26.4666
0.3728,44.897,44.897,44.897,44.897,44.897,44.897
0.3732,62.6089,62.6089,62.6089,62.6089,62.6089,62.6089
0.3736,79.3188,79.3188,79.3188,79.3188,79.3188,79.3188
0.374,94.7591,94.7591,94.7591,94.7591,94.7591,94.7591
0.3744,108.6828,108.6828,108.6828,108.6828,108.6828,108.6828
0.3748,120.8668,120.8668,120.8668,120.8668,120.8668,120.8668
0.3752,131.1161,131.1161,131.1161,131.1161,131.1161,131.1161
0.3756,139.2666,139.2666,139.2666,139.2666,139.2666,139.2666
0.376,145.1878,145.1878,145.1878,145.1878,145.1878,145.1878
0.3764,148.7848,148.7848,148.7848,148.7848,148.7848,148.7848
0.3768,150.0,150.0,150.0,150.0,150.0,150.0
0.3772,148.8138,148.8138,148.8138,148.8138,148.8138,148.8138
0.3776,145.2452,145.2452,145.2452,145.2452,145.2452,145.2452
0.378,139.3514,139.3514,139.3514,139.3514,139.3514,139.3514
0.3784,131.2265,131.2265,131.2265,131.2265,131.2265,131.2265
0.3788,121.0006,121.0006,121.0006,121.0006,121.0006,121.0006
0.3792,108.8374,108.8374,108.8374,108.8374,108.8374,108.8374
0.3796,94.9315,94.9315,94.9315,94.9315,94.9315,94.9315
0.38,79.5057,79.5057,79.5057,79.5057,79.5057,79.5057
0.3804,62.8067,62.8067,62.8067,62.8067,62.8067,62.8067
0.3808,45.102,45.102,45.102,45.102,45.102,45.102
0.3812,26.675,26.675,26.675,26.675,26.675,26.675
0.3816,7.8207,7.8207,7.8207,7.8207,7.8207,7.8207
0.382,-11.1589,-11.1589,-11.1589,-11.1589,-11.1589,-11.1589
0.3824,-29.96,-29.96,-29.96,-29.96,-29.96,-29.96
0.3828,-48.2815,-48.2815,-48.2815,-48.2815,-48.2815,-48.2815
0.3832,-65.83,-65.83,-65.83,-65.83,-65.83,-65.83
0.3836,-82.3246,-82.3246,-82.3246,-82.3246,-82.3246,-82.3246
0.384,-97.501,-97.501,-97.501,-97.501,-97.501,-97.501
0.3844,-111.1161,-111.1161,-111.1161,-111.1161,-111.1161,-111.1161
0.3848,-122.952,-122.952,-122.952,-122.952,-122.952,-122.952
0.3852,-132.8191,-132.8191,-132.8191,-132.8191,-132.8191,-132.8191
0.3856,-140.5592,-140.5592,-140.5592,-140.5592,-140.5592,-140.5592
0.386,-146.0484,-146.0484,-146.0484,-146.0484,-146.0484,-146.0484
0.3864,-149.1987,-149.1987,-149.1987,-149.1987,-149.1987,-149.1987
0.3868,-149.9596,-149.9596,-149.9596,-149.9596,-149.9596,-149.9596
0.3872,-148.3188,-148.3188,-148.3188,-148.3188,-148.3188,-148.3188
0.3876,-144.3027,-144.3027,-144.3027,-144.3027,-144.3027,-144.3027
0.388,-137.9754,-137.9754,-137.9754,-137.9754,-137.9754,-137.9754
0.3884,-129.4382,-129.4382,-129.4382,-129.4382,-129.4382,-129.4382
0.3888,-118.8278,-118.8278,-118.8278,-118.8278,-118.8278,-118.8278
0.3892,-106.3142,-106.3142,-106.3142,-106.3142,-106.3142,-106.3142
0.3896,-92.0976,-92.0976,-92.0976,-92.0976,-92.0976,-92.0976
0.39,-76.4058,-76.4058,-76.4058,-76.4058,-76.4058,-76.4058
0.3904,-59.49,-59.49,-59.49,-59.49,-59.49,-59.49
0.3908,-41.6213,-41.6213,-41.6213,-41.6213,-41.6213,-41.6213
0.3912,-23.0857,-23.0857,-23.0857,-23.0857,-23.0857,-23.0857
0.3916,-4.1801,-4.1801,-4.1801,-4.1801,-4.1801,-4.1801
0.392,14.7925,14.7925,14.7925,14.7925,14.7925,14.7925
0.3924,33.5283,33.5283,33.5283,33.5283,33.5283,33.5283
0.3928,51.7272,51.7272,51.7272,51.7272,51.7272,51.7272
0.3932,69.0976,69.0976,69.0976,69.0976,69.0976,69.0976
0.3936,85.3613,85.3613,85.3613,85.3613,85.3613,85.3613
0.394,100.2576,100.2576,100.2576,100.2576,100.2576,100.2576
0.3944,113.548,113.548,113.548,113.548,113.548,113.548
0.3948,125.0194,125.0194,125.0194,125.0194,125.0194,125.0194
0.3952,134.488,134.488,134.488,134.488,134.488,134.488
0.3956,141.8021,141.8021,141.8021,141.8021,141.8021,141.8021
0.396,146.8445,146.8445,146.8445,146.8445,146.8445,146.8445
0.3964,149.5343,149.5343,149.5343,149.5343,149.5343,149.5343
0.3968,149.8284,149.8284,149.8284,149.8284,149.8284,149.8284
0.3972,147.722,147.722,147.722,147.722,147.722,147.722
0.3976,143.2488,143.2488,143.2488,143.2488,143.2488,143.2488
0.398,136.4804,136.4804,136.4804,136.4804,136.4804,136.4804
0.3984,127.5252,127.5252,127.5252,127.5252,127.5252,127.5252
0.3988,116.5266,116.5266,116.5266,116.5266,116.5266,116.5266
0.3992,103.6609,103.6609,103.6609,103.6609,103.6609,103.6609
0.3996,89.1341,89.1341,89.1341,89.1341,89.1341,89.1341
0.4,73.1789,73.1789,73.1789,73.1789,73.1789,73.1789
