time(s),0.0Hz,0.25Hz,0.5Hz,0.75Hz,1.0Hz,1.25Hz,1.5Hz,1.75Hz,2.0Hz
0.0,139.9279,139.9279,139.9279,139.9279,139.9279,139.9279,139.9279,139.9279,139.9279
0.0004,127.9968,127.9968,127.9968,127.9968,127.9968,127.9967,127.9967,127.9967,127.9966
0.0008,114.0872,114.0872,114.0871,114.0871,114.087,114.087,114.0869,114.0868,114.0866
0.0012,98.4141,98.4141,98.414,98.4139,98.4138,98.4137,98.4135,98.4133,98.4131
0.0016,81.2198,81.2198,81.2197,81.2196,81.2194,81.2192,81.219,81.2187,81.2183
0.002,62.7701,62.7701,62.77,62.7698,62.7696,62.7694,62.7691,62.7687,62.7683
0.0024,43.3501,43.3501,43.35,43.3499,43.3497,43.3494,43.3491,43.3488,43.3483
0.0028,23.2601,23.2601,23.26,23.2599,23.2598,23.2596,23.2594,23.2591,23.2588
0.0032,2.8105,2.8105,2.8105,2.8105,2.8105,2.8105,2.8104,2.8104,2.8103
0.0036,-17.6825,-17.6824,-17.6824,-17.6822,-17.6821,-17.6818,-17.6815,-17.6812,-17.6808
0.004,-37.9022,-37.9021,-37.9019,-37.9015,-37.9011,-37.9005,-37.8997,-37.8988,-37.8978
0.0044,-57.536,-57.5359,-57.5355,-57.5349,-57.534,-57.5329,-57.5315,-57.5299,-57.528
0.0048,-76.2805,-76.2803,-76.2797,-76.2787,-76.2773,-76.2755,-76.2734,-76.2708,-76.2679
0.0052,-93.8459,-93.8456,-93.8447,-93.8433,-93.8413,-93.8388,-93.8356,-93.8319,-93.8277
0.0056,-109.9607,-109.9603,-109.9591,-109.9572,-109.9545,-109.951,-109.9468,-109.9417,-109.9359
0.006,-124.3758,-124.3753,-124.3738,-124.3713,-124.3678,-124.3633,-124.3577,-124.3512,-124.3437
0.0064,-136.8684,-136.8678,-136.8659,-136.8628,-136.8584,-136.8527,-136.8458,-136.8377,-136.8282
0.0068,-147.2455,-147.2447,-147.2424,-147.2386,-147.2333,-147.2264,-147.218,-147.2081,-147.1966
0.0072,-155.3465,-155.3456,-155.3429,-155.3384,-155.3321,-155.3239,-155.314,-155.3023,-155.2888
0.0076,-161.0463,-161.0453,-161.0422,-161.037,-161.0297,-161.0203,-161.0088,-160.9953,-160.9796
0.008,-164.2568,-164.2557,-164.2521,-164.2462,-164.238,-164.2274,-164.2144,-164.1991,-164.1814
0.0084,-164.9284,-164.9271,-164.9232,-164.9167,-164.9075,-164.8958,-164.8814,-164.8645,-164.8449
0.0088,-163.0506,-163.0492,-163.045,-163.0379,-163.028,-163.0152,-162.9997,-162.9813,-162.9601
0.0092,-158.6526,-158.651,-158.6465,-158.639,-158.6285,-158.6149,-158.5984,-158.5788,-158.5563
0.0096,-151.8022,-151.8006,-151.7959,-151.788,-151.7771,-151.763,-151.7457,-151.7254,-151.7019
0.01,-142.6053,-142.6037,-142.5989,-142.591,-142.5798,-142.5654,-142.5478,-142.5271,-142.5031
0.0104,-131.2042,-131.2027,-131.1979,-131.1899,-131.1788,-131.1645,-131.147,-131.1263,-131.1025
0.0108,-117.7751,-117.7736,-117.7689,-117.7612,-117.7505,-117.7366,-117.7197,-117.6997,-117.6766
0.0112,-102.5255,-102.524,-102.5197,-102.5125,-102.5024,-102.4895,-102.4736,-102.4549,-102.4333
0.0116,-85.6911,-85.6898,-85.686,-85.6795,-85.6704,-85.6588,-85.6446,-85.6278,-85.6085
0.012,-67.5322,-67.5311,-67.5279,-67.5224,-67.5148,-67.505,-67.493,-67.4789,-67.4625
0.0124,-48.3295,-48.3286,-48.3261,-48.322,-48.3161,-48.3086,-48.2995,-48.2887,-48.2762
0.0128,-28.3796,-28.3791,-28.3776,-28.375,-28.3713,-28.3666,-28.3609,-28.3541,-28.3463
0.0132,-7.9912,-7.991,-7.9906,-7.9898,-7.9887,-7.9873,-7.9856,-7.9835,-7.9812
0.0136,12.5208,12.5206,12.5198,12.5185,12.5167,12.5143,12.5115,12.5081,12.5042
0.014,32.8393,32.8385,32.8364,32.8328,32.8277,32.8212,32.8133,32.804,32.7932
0.0144,52.6501,52.6489,52.6452,52.6391,52.6305,52.6195,52.6061,52.5902,52.572
0.0148,71.6472,71.6454,71.6401,71.6313,71.619,71.6032,71.5839,71.5611,71.5348
0.0152,89.5367,89.5344,89.5274,89.5158,89.4996,89.4788,89.4533,89.4233,89.3887
0.0156,106.0423,106.0394,106.0307,106.0163,105.996,105.97,105.9383,105.9008,105.8577
0.016,120.9088,120.9053,120.8949,120.8775,120.8533,120.8221,120.784,120.7391,120.6874
0.0164,133.9063,133.9023,133.8902,133.87,133.8418,133.8055,133.7612,133.709,133.6487
0.0168,144.8341,144.8295,144.8158,144.7929,144.7608,144.7196,144.6694,144.6101,144.5418
0.0172,153.5231,153.518,153.5027,153.4773,153.4417,153.396,153.3401,153.2743,153.1984
0.0176,159.8391,159.8336,159.8169,159.7892,159.7504,159.7005,159.6397,159.5679,159.4852
0.018,163.6844,163.6785,163.6607,163.6309,163.5894,163.536,163.4708,163.3939,163.3054
0.0184,164.9997,164.9934,164.9746,164.9433,164.8996,164.8433,164.7747,164.6937,164.6005
0.0188,163.7645,163.758,163.7385,163.7061,163.6607,163.6025,163.5314,163.4475,163.351
0.0192,159.998,159.9914,159.9715,159.9385,159.8923,159.8329,159.7605,159.675,159.5767
0.0196,153.7583,153.7517,153.7318,153.6987,153.6525,153.593,153.5205,153.435,153.3365
0.02,145.142,145.1355,145.116,145.0835,145.038,144.9796,144.9083,144.8242,144.7275
0.0204,134.2822,134.276,134.2572,134.2259,134.1821,134.1259,134.0573,133.9764,133.8833
0.0208,121.3468,121.3409,121.3233,121.2939,121.2527,121.1999,121.1355,121.0595,120.9721
0.0212,106.5357,106.5303,106.5142,106.4874,106.4499,106.4018,106.343,106.2738,106.194
0.0216,90.0779,90.0732,90.059,90.0355,90.0026,89.9603,89.9088,89.848,89.7781
0.022,72.2277,72.2238,72.212,72.1924,72.1651,72.1299,72.087,72.0365,71.9784
0.0224,53.2611,53.2581,53.2491,53.2341,53.2132,53.1863,53.1536,53.1149,53.0705
0.0228,33.4712,33.4692,33.4634,33.4536,33.44,33.4225,33.4012,33.3761,33.3471
0.0232,13.1639,13.1631,13.1608,13.1568,13.1512,13.1441,13.1354,13.1252,13.1134
0.0236,-7.3468,-7.3463,-7.345,-7.3427,-7.3395,-7.3354,-7.3303,-7.3244,-7.3176
0.024,-27.744,-27.7422,-27.7368,-27.7279,-27.7154,-27.6993,-27.6797,-27.6567,-27.6301
0.0244,-47.7123,-47.7091,-47.6996,-47.6837,-47.6614,-47.6329,-47.5981,-47.5571,-47.51
0.0248,-66.9431,-66.9385,-66.9247,-66.9016,-66.8694,-66.8281,-66.7776,-66.7183,-66.65
0.0252,-85.1392,-85.1331,-85.115,-85.0847,-85.0424,-84.9881,-84.9219,-84.844,-84.7544
0.0256,-102.0193,-102.0118,-101.9893,-101.9519,-101.8996,-101.8324,-101.7506,-101.6543,-101.5435
0.026,-117.3224,-117.3135,-117.2869,-117.2425,-117.1804,-117.1008,-117.0038,-116.8895,-116.7582
0.0264,-130.8121,-130.8019,-130.7712,-130.7202,-130.6489,-130.5574,-130.4459,-130.3146,-130.1637
0.0268,-142.2798,-142.2683,-142.234,-142.1768,-142.0968,-141.9943,-141.8694,-141.7222,-141.5532
0.0272,-151.5482,-151.5356,-151.4979,-151.4352,-151.3475,-151.235,-151.098,-150.9366,-150.7512
0.0276,-158.4741,-158.4606,-158.42,-158.3525,-158.2581,-158.137,-157.9895,-157.8158,-157.6163
0.028,-162.9505,-162.9362,-162.8932,-162.8218,-162.7219,-162.5938,-162.4377,-162.254,-162.0429
0.0284,-164.9081,-164.8932,-164.8485,-164.7741,-164.6701,-164.5367,-164.3743,-164.1831,-163.9635
0.0288,-164.3167,-164.3015,-164.2556,-164.1794,-164.0728,-163.9362,-163.7698,-163.574,-163.3491
0.0292,-161.1855,-161.1701,-161.1239,-161.047,-160.9395,-160.8018,-160.6341,-160.4367,-160.21
0.0296,-155.5627,-155.5475,-155.5016,-155.4254,-155.3189,-155.1823,-155.016,-154.8203,-154.5956
0.03,-147.5354,-147.5206,-147.4759,-147.4016,-147.2979,-147.1649,-147.0029,-146.8123,-146.5936
0.0304,-137.2277,-137.2135,-137.1708,-137.0999,-137.0008,-136.8738,-136.7191,-136.5372,-136.3284
0.0308,-124.7987,-124.7855,-124.7457,-124.6795,-124.587,-124.4684,-124.3241,-124.1543,-123.9595
0.0312,-110.4408,-110.4287,-110.3926,-110.3325,-110.2485,-110.1409,-110.0098,-109.8557,-109.6789
0.0316,-94.3757,-94.3652,-94.3335,-94.2808,-94.2072,-94.1128,-93.998,-93.863,-93.7081
0.032,-76.8519,-76.8431,-76.8166,-76.7726,-76.7111,-76.6324,-76.5365,-76.4238,-76.2946
0.0324,-58.1401,-58.1333,-58.1128,-58.0786,-58.031,-57.9699,-57.8956,-57.8082,-57.7081
0.0328,-38.5297,-38.525,-38.5111,-38.4879,-38.4556,-38.4141,-38.3637,-38.3043,-38.2363
0.0332,-18.3237,-18.3214,-18.3146,-18.3033,-18.2876,-18.2674,-18.2428,-18.2139,-18.1808
0.0336,2.1655,2.1653,2.1644,2.1631,2.1612,2.1587,2.1558,2.1523,2.1483
0.034,22.6213,22.6184,22.6096,22.595,22.5746,22.5484,22.5166,22.4793,22.4364
0.0344,42.7274,42.7217,42.7047,42.6765,42.637,42.5865,42.525,42.4528,42.3701
0.0348,62.173,62.1646,62.1393,62.0972,62.0385,61.9632,61.8718,61.7643,61.6412
0.0352,80.6577,80.6465,80.6129,80.557,80.4791,80.3792,80.2579,80.1153,79.952
0.0356,97.8956,97.8817,97.84,97.7706,97.6739,97.55,97.3993,97.2224,97.0198
0.036,113.6203,113.6038,113.5543,113.472,113.3572,113.2101,113.0314,112.8216,112.5812
0.0364,127.5887,127.5698,127.513,127.4185,127.2867,127.118,126.9129,126.672,126.3963
0.0368,139.585,139.5638,139.5003,139.3947,139.2473,139.0587,138.8294,138.5603,138.2522
0.0372,149.4237,149.4006,149.3311,149.2156,149.0544,148.8481,148.5974,148.3031,147.9663
0.0376,156.9528,156.9279,156.8533,156.7294,156.5564,156.3351,156.0662,155.7506,155.3895
0.038,162.0558,162.0295,161.9509,161.8202,161.6378,161.4045,161.121,160.7884,160.4078
0.0384,164.6538,164.6266,164.5451,164.4094,164.2203,163.9782,163.6842,163.3393,162.9447
0.0388,164.7068,164.679,164.5957,164.4572,164.2641,164.017,163.7168,163.3647,162.962
0.0392,162.2139,162.186,162.1022,161.963,161.7689,161.5205,161.2189,160.8651,160.4606
0.0396,157.2136,157.186,157.1032,156.9655,156.7735,156.5279,156.2297,155.8801,155.4802
0.04,149.7833,149.7564,149.6759,149.5421,149.3555,149.1168,148.8271,148.4873,148.099
0.0404,140.0377,140.0121,139.9353,139.8077,139.6297,139.4022,139.126,138.8021,138.432
0.0408,128.1275,128.1036,128.032,127.9129,127.7469,127.5346,127.2769,126.9749,126.6298
0.0412,114.2369,114.2151,114.15,114.0418,113.8908,113.6979,113.4637,113.1893,112.8758
0.0416,98.5804,98.5613,98.504,98.4088,98.276,98.1063,97.9004,97.6591,97.3835
0.042,81.4002,81.3841,81.3359,81.2558,81.1441,81.0013,80.828,80.625,80.3933
0.0424,62.9618,62.9491,62.9111,62.8479,62.7599,62.6474,62.5108,62.3509,62.1684
0.0428,43.5502,43.5412,43.5144,43.4699,43.4079,43.3286,43.2324,43.1198,42.9912
0.0432,23.4654,23.4605,23.4457,23.4213,23.3873,23.3438,23.291,23.2292,23.1587
0.0436,3.0179,3.0172,3.0153,3.0121,3.0076,3.0019,2.995,2.9869,2.9777
0.044,-17.4763,-17.4725,-17.4611,-17.4423,-17.416,-17.3824,-17.3416,-17.294,-17.2396
0.0444,-37.7003,-37.692,-37.667,-37.6256,-37.5678,-37.494,-37.4046,-37.2999,-37.1806
0.0448,-57.3416,-57.3287,-57.2901,-57.2259,-57.1364,-57.0222,-56.8838,-56.7218,-56.5371
0.0452,-76.0965,-76.0791,-76.0269,-75.9402,-75.8194,-75.6652,-75.4783,-75.2596,-75.0103
0.0456,-93.6753,-93.6534,-93.588,-93.4794,-93.3281,-93.1349,-92.9008,-92.627,-92.315
0.046,-109.806,-109.78,-109.702,-109.5724,-109.392,-109.1616,-108.8825,-108.5561,-108.1842
0.0464,-124.2395,-124.2095,-124.1197,-123.9705,-123.7629,-123.4977,-123.1766,-122.8011,-122.3733
0.0468,-136.7525,-136.719,-136.6184,-136.4514,-136.2189,-135.9221,-135.5627,-135.1425,-134.6639
0.0472,-147.1518,-147.1151,-147.005,-146.8223,-146.5678,-146.2431,-145.8499,-145.3903,-144.8669
0.0476,-155.2765,-155.2371,-155.119,-154.9229,-154.6499,-154.3015,-153.8797,-153.3868,-152.8256
0.048,-161.0011,-160.9595,-160.835,-160.6283,-160.3405,-159.9733,-159.5287,-159.0094,-158.4182
0.0484,-164.2371,-164.1939,-164.0648,-163.8504,-163.552,-163.1712,-162.7104,-162.1721,-161.5596
0.0488,-164.9344,-164.8903,-164.7585,-164.5397,-164.235,-163.8465,-163.3763,-162.8271,-162.2023
0.0492,-163.0823,-163.038,-162.9055,-162.6856,-162.3795,-161.9891,-161.5167,-160.9652,-160.3378
0.0496,-158.7094,-158.6656,-158.5346,-158.3171,-158.0144,-157.6284,-157.1614,-156.6163,-155.9963
0.05,-151.8833,-151.8407,-151.7133,-151.5018,-151.2075,-150.8323,-150.3784,-149.8486,-149.2463
0.0504,-142.7095,-142.6689,-142.5472,-142.3453,-142.0644,-141.7063,-141.2732,-140.7678,-140.1933
0.0508,-131.3299,-131.2919,-131.1781,-130.9894,-130.7268,-130.3921,-129.9874,-129.5153,-128.9787
0.0512,-117.9202,-117.8856,-117.7818,-117.6097,-117.3703,-117.0651,-116.6962,-116.2658,-115.7769
0.0516,-102.6879,-102.6572,-102.5655,-102.4132,-102.2015,-101.9317,-101.6055,-101.2252,-100.7931
0.052,-85.8682,-85.8422,-85.7643,-85.635,-85.4553,-85.2262,-84.9494,-84.6266,-84.2601
0.0524,-67.7213,-67.7005,-67.6381,-67.5346,-67.3907,-67.2073,-66.9857,-66.7274,-66.4342
0.0528,-48.5277,-48.5125,-48.4671,-48.3918,-48.2871,-48.1537,-47.9926,-47.8048,-47.5917
0.0532,-28.5839,-28.5748,-28.5477,-28.5026,-28.4401,-28.3603,-28.264,-28.1518,-28.0245
0.0536,-8.1983,-8.1956,-8.1877,-8.1746,-8.1564,-8.1332,-8.1052,-8.0725,-8.0355
0.054,12.3141,12.31,12.298,12.278,12.2502,12.2149,12.1722,12.1225,12.0661
0.0544,32.636,32.6252,32.5928,32.5391,32.4644,32.3693,32.2546,32.1209,31.9694
0.0548,52.4536,52.4359,52.3831,52.2955,52.1737,52.0187,51.8316,51.6138,51.3669
0.0552,71.4603,71.4359,71.3629,71.2418,71.0735,70.8593,70.6008,70.3,69.9591
0.0556,89.3625,89.3315,89.2389,89.0852,88.8718,88.6001,88.2724,87.891,87.4589
0.056,105.8834,105.8462,105.7348,105.5501,105.2936,104.9673,104.5735,104.1155,103.5967
0.0564,120.7676,120.7245,120.5957,120.3821,120.0854,119.708,119.2527,118.7232,118.1237
0.0568,133.7851,133.7367,133.592,133.352,133.0187,132.5948,132.0836,131.4892,130.8163
0.0572,144.7346,144.6816,144.5228,144.2595,143.894,143.4291,142.8685,142.2169,141.4794
0.0576,153.447,153.39,153.2193,152.9363,152.5434,152.0438,151.4415,150.7415,149.9495
0.058,159.7875,159.7273,159.5471,159.2483,158.8336,158.3063,157.6707,156.9323,156.097
0.0584,163.6582,163.5956,163.4085,163.0983,162.6678,162.1204,161.4609,160.6947,159.8283
0.0588,164.9991,164.9352,164.744,164.427,163.987,163.4278,162.7542,161.9718,161.0873
0.0592,163.7897,163.7254,163.5329,163.214,162.7714,162.209,161.5315,160.7449,159.856
0.0596,160.0485,159.9848,159.7942,159.4784,159.0402,158.4834,157.8128,157.0344,156.155
0.06,153.8334,153.7714,153.5857,153.2781,152.8514,152.3092,151.6564,150.8988,150.0431
0.0604,145.2405,145.1811,145.0035,144.7093,144.3011,143.7825,143.1583,142.4341,141.6164
0.0608,134.4026,134.3469,134.1804,133.9045,133.5218,133.0358,132.4509,131.7724,131.0065
0.0612,121.4872,121.4362,121.2837,121.0311,120.6807,120.2358,119.7004,119.0795,118.3789
0.0616,106.694,106.6486,106.5129,106.2882,105.9765,105.5808,105.1047,104.5528,103.9302
0.062,90.2515,90.2126,90.0964,89.9038,89.6368,89.2979,88.8902,88.4177,87.8848
0.0624,72.4141,72.3825,72.288,72.1315,71.9145,71.6392,71.308,70.9243,70.4918
0.0628,53.4573,53.4336,53.363,53.246,53.0838,52.878,52.6306,52.344,52.0209
0.0632,33.6742,33.6591,33.614,33.5394,33.436,33.3047,33.147,32.9643,32.7584
0.0636,13.3706,13.3645,13.3464,13.3164,13.2748,13.2221,13.1587,13.0853,13.0026
0.064,-7.1397,-7.1364,-7.1266,-7.1104,-7.0879,-7.0594,-7.0251,-6.9855,-6.9408
0.0644,-27.5396,-27.5268,-27.4885,-27.4252,-27.3374,-27.2261,-27.0924,-26.9377,-26.7635
0.0648,-47.5138,-47.4914,-47.4246,-47.314,-47.1607,-46.9663,-46.733,-46.4629,-46.1591
0.0652,-66.7536,-66.7218,-66.6267,-66.4694,-66.2514,-65.9751,-65.6434,-65.2597,-64.8281
0.0656,-84.9615,-84.9206,-84.7981,-84.5954,-84.3147,-83.9589,-83.5317,-83.0379,-82.4824
0.066,-101.8562,-101.8065,-101.6579,-101.412,-101.0714,-100.6398,-100.1218,-99.5231,-98.8499
0.0664,-117.1765,-117.1186,-116.9456,-116.6593,-116.2628,-115.7605,-115.1578,-114.4613,-113.6785
0.0668,-130.6856,-130.6203,-130.425,-130.1018,-129.6544,-129.0877,-128.4079,-127.6224,-126.7399
0.0672,-142.1747,-142.1027,-141.8877,-141.532,-141.0396,-140.4159,-139.6679,-138.8039,-137.8336
0.0676,-151.4661,-151.3885,-151.1567,-150.7733,-150.2426,-149.5705,-148.7647,-147.8342,-146.7895
0.068,-158.4163,-158.3342,-158.0889,-157.6832,-157.1217,-156.4108,-155.5586,-154.5748,-153.4706
0.0684,-162.9178,-162.8324,-162.5772,-162.1551,-161.5709,-160.8316,-159.9454,-158.9227,-157.7753
0.0688,-164.9011,-164.8136,-164.5523,-164.1201,-163.5221,-162.7653,-161.8585,-160.8122,-159.6388
0.0692,-164.3355,-164.2473,-163.9838,-163.5481,-162.9454,-162.1828,-161.2692,-160.2154,-159.034
0.0696,-161.2297,-161.1422,-160.8807,-160.4484,-159.8503,-159.0938,-158.1877,-157.1429,-155.972
0.07,-155.6317,-155.5463,-155.291,-154.8689,-154.2852,-153.5468,-152.6628,-151.6437,-150.5019
0.0704,-147.6282,-147.5462,-147.3013,-146.8964,-146.3365,-145.6284,-144.7808,-143.804,-142.71
0.0708,-137.3427,-137.2656,-137.0351,-136.6542,-136.1275,-135.4616,-134.6647,-133.7465,-132.7186
0.0712,-124.9343,-124.8633,-124.6513,-124.301,-123.8166,-123.2043,-122.4716,-121.6279,-120.6835
0.0716,-110.5947,-110.5312,-110.3415,-110.0279,-109.5944,-109.0465,-108.3911,-107.6366,-106.7923
0.072,-94.5457,-94.4908,-94.3268,-94.0557,-93.6811,-93.2077,-92.6416,-91.99,-91.2612
0.0724,-77.0353,-76.9901,-76.8549,-76.6316,-76.3231,-75.9333,-75.4672,-74.9309,-74.3314
0.0728,-58.3341,-58.2995,-58.196,-58.0251,-57.7889,-57.4906,-57.1341,-56.7239,-56.2655
0.0732,-38.7313,-38.708,-38.6386,-38.5239,-38.3654,-38.1652,-37.9261,-37.651,-37.3437
0.0736,-18.5297,-18.5185,-18.4849,-18.4294,-18.3528,-18.256,-18.1405,-18.0076,-17.8592
0.074,1.9582,1.957,1.9534,1.9475,1.9393,1.929,1.9166,1.9025,1.8866
0.0744,22.4159,22.402,22.3605,22.2919,22.1973,22.0778,21.9351,21.7712,21.5883
0.0748,42.5271,42.5004,42.4208,42.2894,42.1079,41.8789,41.6055,41.2915,40.9413
0.0752,61.9809,61.9417,61.8244,61.6308,61.3636,61.0264,60.624,60.162,59.6468
0.0756,80.4767,80.4252,80.2714,80.0173,79.6668,79.2245,78.6969,78.0913,77.4162
0.076,97.7286,97.6654,97.4766,97.1649,96.7347,96.1923,95.5453,94.8028,93.9756
0.0764,113.4698,113.3956,113.1741,112.8085,112.304,111.6678,110.9092,110.0391,109.0699
0.0768,127.4572,127.3729,127.1215,126.7066,126.1341,125.4124,124.5521,123.5655,122.4671
0.0772,139.4744,139.3812,139.1033,138.6445,138.0117,137.2142,136.2636,135.174,133.9613
0.0776,149.3357,149.2349,148.9342,148.438,147.7537,146.8914,145.8638,144.6864,143.3764
0.078,156.8887,156.7818,156.4626,155.936,155.2099,154.295,153.2053,151.9569,150.5686
0.0784,162.0166,161.9051,161.5721,161.0228,160.2655,159.3115,158.1755,156.8745,155.4284
0.0788,164.6403,164.5258,164.184,163.6202,162.8429,161.8642,160.6989,159.3648,157.8825
0.0792,164.7191,164.6033,164.2579,163.6882,162.9029,161.9143,160.7375,159.3908,157.895
0.0796,162.2517,162.1366,161.7929,161.2261,160.4451,159.4619,158.292,156.9536,155.4676
0.08,157.2765,157.1637,156.8273,156.2724,155.5079,154.5458,153.4013,152.0924,150.6398
0.0804,149.8701,149.7616,149.4378,148.9039,148.1683,147.2429,146.1422,144.8839,143.4881
0.0808,140.1472,140.0448,139.739,139.2348,138.5403,137.6667,136.6281,135.4411,134.1249
0.0812,128.2581,128.1634,127.8807,127.4148,126.7732,125.9662,125.0071,123.9113,122.6967
0.0816,114.3864,114.3011,114.0466,113.627,113.0493,112.3229,111.4598,110.4741,109.3819
0.082,98.7466,98.6723,98.4504,98.0847,97.5813,96.9484,96.1966,95.3383,94.3878
0.0824,81.5805,81.5185,81.3334,81.0284,80.6085,80.0809,79.4542,78.7391,77.9474
0.0828,63.1534,63.1049,62.9603,62.7219,62.3938,61.9816,61.4922,60.9339,60.3161
0.0832,43.7501,43.7162,43.615,43.4483,43.2189,42.9308,42.5887,42.1987,41.7672
0.0836,23.6706,23.6521,23.5968,23.5057,23.3805,23.2232,23.0365,22.8237,22.5884
0.084,3.2252,3.2226,3.215,3.2025,3.1853,3.1636,3.138,3.1087,3.0764
0.0844,-17.2701,-17.2563,-17.2152,-17.1476,-17.0545,-16.9376,-16.799,-16.6412,-16.4668
0.0848,-37.4984,-37.4682,-37.3782,-37.2299,-37.0259,-36.7699,-36.4664,-36.1208,-35.7393
0.0852,-57.1471,-57.1007,-56.9621,-56.734,-56.4203,-56.0268,-55.5603,-55.0293,-54.4433
0.0856,-75.9125,-75.8502,-75.6645,-75.3586,-74.9382,-74.4108,-73.7859,-73.0748,-72.2903
0.086,-93.5045,-93.427,-93.1961,-92.8159,-92.2934,-91.6381,-90.8618,-89.9789,-89.0053
0.0864,-109.6512,-109.5595,-109.2862,-108.8363,-108.218,-107.4428,-106.5249,-105.4811,-104.3307
0.0868,-124.1029,-123.9982,-123.686,-123.1722,-122.4662,-121.5812,-120.5336,-119.3428,-118.031
0.0872,-136.6364,-136.5201,-136.1732,-135.6024,-134.8182,-133.8354,-132.6724,-131.351,-129.8958
0.0876,-147.0579,-146.9315,-146.5548,-145.9349,-145.0835,-144.0166,-142.7546,-141.3211,-139.7434
0.088,-155.2063,-155.0717,-154.6705,-154.0104,-153.1039,-151.9683,-150.6253,-149.1006,-147.4231
0.0884,-160.9556,-160.8148,-160.3949,-159.7042,-158.7559,-157.5683,-156.1642,-154.5707,-152.8183
0.0888,-164.217,-164.072,-163.6398,-162.9289,-161.953,-160.731,-159.2868,-157.6484,-155.8475
0.0892,-164.9401,-164.7931,-164.3552,-163.6348,-162.6461,-161.4084,-159.9461,-158.2878,-156.466
0.0896,-163.1137,-162.967,-162.5301,-161.8114,-160.8252,-159.591,-158.1333,-156.4808,-154.6662
0.09,-158.766,-158.622,-158.1929,-157.4872,-156.5191,-155.3078,-153.8776,-152.2569,-150.4781
0.0904,-151.9642,-151.8251,-151.4108,-150.7295,-149.795,-148.626,-147.2461,-145.6831,-143.9685
0.0908,-142.8135,-142.6817,-142.2888,-141.643,-140.7573,-139.6497,-138.3426,-136.8627,-135.24
0.0912,-131.4553,-131.3329,-130.9681,-130.3685,-129.5464,-128.5185,-127.3059,-125.9335,-124.4294
0.0916,-118.0652,-117.9543,-117.6238,-117.0807,-116.336,-115.4053,-114.3077,-113.066,-111.7058
0.092,-102.8501,-102.7526,-102.4623,-101.9851,-101.331,-100.5136,-99.5501,-98.4604,-97.2673
0.0924,-86.0452,-85.963,-85.718,-85.3153,-84.7636,-84.0742,-83.2619,-82.3436,-81.3386
0.0928,-67.9104,-67.8449,-67.6499,-67.3294,-66.8903,-66.3419,-65.6958,-64.9657,-64.1672
0.0932,-48.7258,-48.6784,-48.5373,-48.3054,-47.9878,-47.5911,-47.124,-46.5964,-46.0196
0.0936,-28.7881,-28.7598,-28.6757,-28.5376,-28.3484,-28.1122,-27.8341,-27.5201,-27.177
0.094,-8.4054,-8.397,-8.3723,-8.3316,-8.2759,-8.2064,-8.1246,-8.0323,-7.9314
0.0944,12.1073,12.0952,12.0592,12.0002,11.9193,11.8184,11.6996,11.5657,11.4195
0.0948,32.4328,32.4001,32.303,32.1434,31.925,31.6526,31.3322,30.9708,30.5766
0.0952,52.2569,52.2039,52.0461,51.7869,51.4321,50.9897,50.4696,49.8834,49.244
0.0956,71.2734,71.2005,70.9833,70.6269,70.1392,69.5312,68.8165,68.0113,67.1337
0.096,89.1881,89.0961,88.8222,88.3725,87.7573,86.9906,86.0897,85.0751,83.9699
0.0964,105.7243,105.6143,105.2869,104.7495,104.0145,103.0986,102.0229,100.8119,99.4934
0.0968,120.6262,120.4997,120.123,119.5049,118.6597,117.6068,116.3705,114.9793,113.4654
0.0972,133.6636,133.5223,133.1015,132.4111,131.4671,130.2915,128.9116,127.3596,125.6715
0.0976,144.635,144.4808,144.0217,143.2686,142.2391,140.9574,139.4535,137.7627,135.9247
0.098,153.3707,153.2058,152.7151,151.9101,150.8099,149.4406,147.8344,146.0294,144.0683
0.0984,159.7357,159.5626,159.0474,158.2023,157.0476,155.6107,153.9259,152.0335,149.9784
0.0988,163.6317,163.4529,162.9208,162.0483,160.8563,159.3734,157.6353,155.6837,153.5657
0.0992,164.9984,164.8166,164.2758,163.389,162.1778,160.6714,158.9064,156.9256,154.7769
0.0996,163.8146,163.6327,163.0915,162.2042,160.9924,159.4858,157.7212,155.7416,153.5955
0.1,160.0988,159.9196,159.3865,158.5125,157.3191,155.8359,154.0992,152.1519,150.0419
0.1004,153.9083,153.7346,153.218,152.3713,151.2154,149.7791,148.098,146.2138,144.1733
0.1008,145.3388,145.1735,144.6818,143.876,142.7762,141.41,139.8115,138.0208,136.0826
0.1012,134.5228,134.3686,133.9099,133.1583,132.1327,130.859,129.3693,127.7012,125.8967
0.1016,121.6274,121.4869,121.0689,120.3841,119.4499,118.29,116.9339,115.4161,113.7751
0.102,106.852,106.7276,106.3576,105.7513,104.9245,103.8982,102.6987,101.3568,99.9068
0.1024,90.425,90.3189,90.0033,89.4864,88.7814,87.9067,86.8848,85.742,84.5079
0.1028,72.6003,72.5144,72.2591,71.8409,71.2707,70.5635,69.7374,68.8142,67.8177
0.1032,53.6534,53.5894,53.3993,53.0879,52.6634,52.137,51.5225,50.8359,50.0954
0.1036,33.8771,33.8365,33.7155,33.5174,33.2474,32.9127,32.5221,32.0859,31.6157
0.104,13.5773,13.5608,13.512,13.432,13.323,13.1879,13.0303,12.8544,12.6649
0.1044,-6.9325,-6.924,-6.8989,-6.8578,-6.8017,-6.7322,-6.6513,-6.5609,-6.4636
0.1048,-27.3351,-27.3015,-27.2016,-27.0382,-26.8155,-26.5398,-26.2183,-25.8599,-25.4741
0.1052,-47.3152,-47.2566,-47.0824,-46.7974,-46.4092,-45.9286,-45.3686,-44.7444,-44.073
0.1056,-66.5639,-66.4808,-66.2339,-65.83,-65.2801,-64.5992,-63.8063,-62.9229,-61.9733
0.106,-84.7837,-84.6771,-84.3603,-83.842,-83.1365,-82.2634,-81.2469,-80.1149,-78.899
0.1064,-101.693,-101.5642,-101.1813,-100.5551,-99.7029,-98.6486,-97.4214,-96.0557,-94.5894
0.1068,-117.0305,-116.8811,-116.4372,-115.7112,-114.7236,-113.502,-112.0808,-110.4998,-108.8034
0.1072,-130.5589,-130.3911,-129.8922,-129.0764,-127.9668,-126.5948,-124.9992,-123.2251,-121.3227
0.1076,-142.0693,-141.8853,-141.3384,-140.4443,-139.2284,-137.7254,-135.9782,-134.0364,-131.9555
0.108,-151.3837,-151.1862,-150.5992,-149.6395,-148.3349,-146.7226,-144.8491,-142.7681,-140.5392
0.1084,-158.3582,-158.15,-157.5314,-156.5204,-155.1461,-153.4484,-151.4763,-149.2868,-146.9433
0.1088,-162.8848,-162.6691,-162.0282,-160.9809,-159.5575,-157.7997,-155.7585,-153.4936,-151.0708
0.1092,-164.8938,-164.6738,-164.0203,-162.9524,-161.5016,-159.7103,-157.6312,-155.3253,-152.8602
0.1096,-164.3539,-164.133,-163.477,-162.405,-160.949,-159.1519,-157.0668,-154.7554,-152.2861
0.11,-161.2736,-161.0553,-160.4069,-159.3476,-157.9091,-156.1341,-154.0756,-151.7948,-149.3596
0.1104,-155.7005,-155.4882,-154.8576,-153.8278,-152.4295,-150.7047,-148.7052,-146.4909,-144.1283
0.1108,-147.7207,-147.5178,-146.9153,-145.9313,-144.5957,-142.9487,-141.0402,-138.9277,-136.6751
0.1112,-137.4575,-137.2674,-136.7027,-135.7807,-134.5295,-132.987,-131.2004,-129.2238,-127.1175
0.1116,-125.0696,-124.8954,-124.3779,-123.5332,-122.3871,-120.9746,-119.3392,-117.5309,-115.6052
0.112,-110.7485,-110.5931,-110.1317,-109.3785,-108.3568,-107.0981,-105.6413,-104.0313,-102.3179
0.1124,-94.7156,-94.5817,-94.1843,-93.5357,-92.6561,-91.5728,-90.3194,-88.9351,-87.4627
0.1128,-77.2186,-77.1087,-76.7824,-76.25,-75.5281,-74.6393,-73.6115,-72.4768,-71.2707
0.1132,-58.528,-58.4441,-58.1951,-57.7888,-57.238,-56.5601,-55.7764,-54.9118,-53.9934
0.1136,-38.9328,-38.8766,-38.7098,-38.4376,-38.0688,-37.6151,-37.0907,-36.5125,-35.8987
0.114,-18.7358,-18.7085,-18.6277,-18.4958,-18.3172,-18.0974,-17.8437,-17.5639,-17.2672
0.1144,1.7509,1.7483,1.7407,1.7283,1.7115,1.6908,1.667,1.6407,1.6128
0.1148,22.2105,22.1777,22.0806,21.9221,21.7076,21.4438,21.1395,20.8044,20.4494
0.1152,42.3267,42.2639,42.0775,41.7735,41.362,40.8563,40.273,39.631,38.9515
0.1156,61.7887,61.6964,61.4224,60.9757,60.371,59.6283,58.7719,57.83,56.8335
0.116,80.2957,80.1748,79.8163,79.2319,78.4411,77.47,76.3508,75.1205,73.8199
0.1164,97.5614,97.4136,96.975,96.2603,95.2933,94.1062,92.7386,91.2361,89.6489
0.1168,113.3192,113.1463,112.6334,111.7978,110.6674,109.2802,107.6828,105.9288,104.0771
0.1172,127.3254,127.1298,126.5496,125.6045,124.3263,122.7583,120.9534,118.9727,116.8831
0.1176,139.3635,139.1479,138.5086,137.4673,136.0594,134.3328,132.3463,130.1675,127.8705
0.118,149.2474,149.015,148.3257,147.2032,145.686,143.8259,141.6868,139.3418,136.8714
0.1184,156.8244,156.5785,155.8494,154.6622,153.0579,151.0918,148.8317,146.3555,143.7487
0.1188,161.9773,161.7216,160.9636,159.7294,158.062,156.0192,153.672,151.1019,148.3982
0.1192,164.6265,164.3649,163.5893,162.3268,160.6216,158.5332,156.1346,153.5097,150.7503
0.1196,164.731,164.4675,163.6863,162.4149,160.6979,158.5959,156.1828,153.5435,150.7709
0.12,162.2893,162.028,161.2532,159.9926,158.2906,156.2077,153.8175,151.2048,148.4621
0.1204,157.339,157.084,156.328,155.0979,153.4377,151.4065,149.0768,146.5317,143.8618
0.1208,149.9568,149.7121,148.9868,147.8069,146.2149,144.2678,142.0356,139.5983,137.0435
0.1212,140.2566,140.0262,139.3434,138.2329,136.7347,134.903,132.8041,130.5137,128.1146
0.1216,128.3884,128.1761,127.5471,126.524,125.1443,123.458,121.5265,119.42,117.2153
0.122,114.5357,114.3451,113.7803,112.8619,111.6235,110.1106,108.3784,106.4905,104.5158
0.1224,98.9127,98.747,98.256,97.4579,96.382,95.068,93.5642,91.9263,90.2143
0.1228,81.7607,81.6228,81.2144,80.5505,79.6558,78.5635,77.3141,75.9539,74.5334
0.1232,63.3449,63.2374,62.9189,62.4014,61.704,60.853,59.88,58.8213,57.7165
0.1236,43.95,43.8749,43.6526,43.2912,42.8045,42.2107,41.5321,40.7943,40.0248
0.124,23.8758,23.8347,23.7131,23.5156,23.2496,22.9253,22.5547,22.1521,21.7325
0.1244,3.4325,3.4265,3.4089,3.3804,3.3419,3.295,3.2415,3.1833,3.1228
0.1248,-17.0639,-17.0342,-16.9462,-16.8033,-16.6109,-16.3765,-16.109,-15.8186,-15.5165
0.1252,-37.2965,-37.2311,-37.0376,-36.7233,-36.3004,-35.7852,-35.1975,-34.5601,-33.8974
0.1256,-56.9526,-56.8521,-56.5547,-56.0719,-55.4223,-54.6312,-53.7293,-52.7516,-51.736
0.126,-75.7284,-75.594,-75.196,-74.55,-73.6813,-72.6236,-71.4184,-70.1127,-68.7574
0.1264,-93.3336,-93.1669,-92.6733,-91.8724,-90.7954,-89.4848,-87.992,-86.3757,-84.6994
0.1268,-109.4961,-109.2993,-108.7167,-107.7713,-106.5006,-104.9546,-103.1947,-101.2903,-99.3168
0.1272,-123.9662,-123.742,-123.0783,-122.0015,-120.5545,-118.7948,-116.7924,-114.6271,-112.385
0.1276,-136.5201,-136.2716,-135.5362,-134.3432,-132.7405,-130.7921,-128.5762,-126.1815,-123.7037
0.128,-146.9637,-146.6946,-145.898,-144.6061,-142.8708,-140.7622,-138.3652,-135.7763,-133.0999
0.1284,-155.1358,-154.8499,-154.0038,-152.6319,-150.7897,-148.552,-146.0094,-143.265,-140.4301
0.1288,-160.9098,-160.6115,-159.7286,-158.2971,-156.3755,-154.0421,-151.3921,-148.5337,-145.5834
0.1292,-164.1967,-163.8904,-162.9839,-161.5145,-159.5425,-157.1489,-154.4318,-151.5029,-148.4823
0.1296,-164.9455,-164.6359,-163.7197,-162.2349,-160.2428,-157.8255,-155.083,-152.1286,-149.0842
0.13,-163.1448,-162.8366,-161.925,-160.4477,-158.4662,-156.0628,-153.3374,-150.4032,-147.3822
0.1304,-158.8223,-158.5205,-157.6276,-156.181,-154.2412,-151.8892,-149.2235,-146.3554,-143.4049
0.1308,-152.0449,-151.7541,-150.8942,-149.5012,-147.6338,-145.3705,-142.8065,-140.0497,-137.2161
0.1312,-142.9172,-142.6423,-141.8291,-140.5121,-138.747,-136.6086,-134.1873,-131.5855,-128.9135
0.1316,-131.5805,-131.3258,-130.5727,-129.3531,-127.719,-125.74,-123.5004,-121.0955,-118.6277
0.132,-118.2099,-117.9797,-117.2991,-116.1971,-114.7209,-112.9339,-110.9125,-108.7434,-106.5195
0.1324,-103.0121,-102.8103,-102.2136,-101.2478,-99.9543,-98.3891,-96.6195,-94.7218,-92.7778
0.1328,-86.2221,-86.0522,-85.5498,-84.7366,-83.6481,-82.3313,-80.8433,-79.2487,-77.6166
0.1332,-68.0993,-67.9643,-67.5651,-66.9192,-66.0548,-65.0095,-63.8289,-62.5646,-61.2716
0.1336,-48.9239,-48.8263,-48.5378,-48.0712,-47.4467,-46.692,-45.84,-44.9282,-43.9965
0.134,-28.9922,-28.934,-28.7621,-28.484,-28.1119,-27.6624,-27.1553,-26.6128,-26.0591
0.1344,-8.6124,-8.595,-8.5437,-8.4606,-8.3495,-8.2153,-8.0639,-7.9022,-7.7372
0.1348,11.9005,11.8763,11.8049,11.6895,11.5351,11.3487,11.1387,10.9143,10.6857
0.1352,32.2294,32.1636,31.9691,31.6546,31.2343,30.7271,30.1557,29.5459,28.925
0.1356,52.0602,51.9533,51.6372,51.1264,50.4439,49.6205,48.6935,47.7047,46.6989
0.136,71.0863,70.9394,70.5054,69.804,68.867,67.7372,66.4658,65.1107,63.7335
0.1364,89.0136,88.8286,88.2819,87.3987,86.2193,84.7976,83.1986,81.4955,79.7662
0.1368,105.565,105.3443,104.6923,103.639,102.2328,100.5385,98.634,96.6069,94.5503
0.1372,120.4846,120.2313,119.4828,118.274,116.6607,114.7175,112.5344,110.2124,107.8588
0.1376,133.5419,133.2595,132.4252,131.0779,129.2804,127.1162,124.6861,122.1031,119.4876
0.138,144.5351,144.2276,143.3195,141.8532,139.8975,137.5439,134.9025,132.0969,129.2585
0.1384,153.2941,152.9661,151.9974,150.4338,148.3488,145.8405,143.0271,140.041,137.0227
0.1388,159.6836,159.34,158.3252,156.6875,154.5043,151.879,148.9359,145.8143,142.6621
0.1392,163.6049,163.2508,162.2052,160.5181,158.2697,155.5671,152.539,149.3296,146.0918
0.1396,164.9973,164.6381,163.5777,161.867,159.5878,156.8492,153.7826,150.5346,147.261
0.14,163.8393,163.4806,162.4218,160.7138,158.4389,155.7068,152.6489,149.4127,146.1539
0.1404,160.1488,159.7962,158.7554,157.0769,154.8419,152.1587,149.1573,145.9831,142.7899
0.1408,153.9829,153.6419,152.6356,151.013,148.8531,146.2611,143.3634,140.3011,137.2233
0.1412,145.4368,145.113,144.1572,142.6164,140.566,138.1065,135.3583,132.4562,129.5423
0.1416,134.6427,134.3412,133.4515,132.0173,130.1095,127.822,125.2674,122.5717,119.8676
0.142,121.7674,121.4932,120.6841,119.3802,117.6461,115.5677,113.248,110.802,108.3508
0.1424,107.0099,106.7676,106.0526,104.9006,103.369,101.5341,99.4873,97.3307,95.1716
0.1428,90.5984,90.3921,89.7834,88.8029,87.4997,85.9391,84.1992,82.3674,80.5352
0.1432,72.7864,72.6198,72.1281,71.3362,70.2839,69.0244,67.6211,66.1446,64.6693
0.1436,53.8494,53.7254,53.3597,52.7707,51.9884,51.0523,50.0099,48.914,47.8202
0.144,34.08,34.0011,33.7684,33.3937,32.8961,32.301,31.6387,30.9429,30.2491
0.1444,13.7839,13.7518,13.6571,13.5048,13.3026,13.0608,12.7918,12.5095,12.2283
0.1448,-6.7253,-6.7096,-6.6632,-6.5884,-6.4893,-6.3708,-6.2391,-6.1009,-5.9634
0.1452,-27.1306,-27.0667,-26.8784,-26.5754,-26.1734,-25.6933,-25.1598,-24.6007,-24.0448
0.1456,-47.1165,-47.005,-46.6762,-46.1472,-45.4457,-44.6081,-43.6781,-42.704,-41.7367
0.146,-66.3741,-66.2161,-65.7504,-65.0015,-64.0084,-62.8232,-61.508,-60.1316,-58.7662
0.1464,-84.6058,-84.4033,-83.8065,-82.8469,-81.5748,-80.0574,-78.3746,-76.6148,-74.8708
0.1468,-101.5297,-101.2854,-100.5654,-99.4078,-97.874,-96.045,-94.0178,-91.8997,-89.8027
0.1472,-116.8842,-116.6014,-115.7681,-114.4287,-112.6543,-110.5396,-108.197,-105.7512,-103.3323
0.1476,-130.432,-130.1148,-129.1799,-127.6776,-125.6881,-123.3179,-120.6939,-117.9565,-115.2521
0.148,-141.9638,-141.6166,-140.5937,-138.9502,-136.7744,-134.1835,-131.3168,-128.3285,-125.3796
0.1484,-151.3011,-150.9291,-149.8332,-148.0727,-145.7427,-142.9694,-139.9028,-136.7087,-133.5599
0.1488,-158.2998,-157.9085,-156.7558,-154.9045,-152.4552,-149.5411,-146.3208,-142.9692,-139.6688
0.1492,-162.8516,-162.4469,-161.2549,-159.3407,-156.809,-153.7983,-150.4731,-147.0152,-143.6138
0.1496,-164.8862,-164.4742,-163.261,-161.3131,-158.7377,-155.6763,-152.2973,-148.7862,-145.3362
0.15,-164.3721,-163.9593,-162.7434,-160.7919,-158.2124,-155.1476,-151.7668,-148.2568,-144.8116
0.1504,-161.3173,-160.91,-159.7105,-157.7856,-155.2423,-152.2216,-148.8916,-145.4372,-142.0503
0.1508,-155.769,-155.3736,-154.2094,-152.3414,-149.874,-146.945,-143.7179,-140.373,-137.0971
0.1512,-147.8129,-147.4357,-146.3252,-144.5439,-142.1916,-139.4005,-136.3272,-133.1444,-130.0307
0.1516,-137.5721,-137.2192,-136.1803,-134.5141,-132.3146,-129.706,-126.8355,-123.8651,-120.9624
0.152,-125.2048,-124.8819,-123.9315,-122.4076,-120.3966,-118.0126,-115.3909,-112.6802,-110.0343
0.1524,-110.9021,-110.6146,-109.7685,-108.412,-106.6225,-104.5021,-102.1717,-99.7642,-97.4169
0.1528,-94.8853,-94.638,-93.9104,-92.7441,-91.206,-89.3843,-87.3835,-85.3182,-83.3068
0.1532,-77.4018,-77.199,-76.6024,-75.6463,-74.3859,-72.8938,-71.2559,-69.5667,-67.9236
0.1536,-58.7218,-58.5672,-58.1123,-57.3834,-56.4228,-55.2862,-54.0393,-52.7544,-51.5059
0.154,-39.1342,-39.0307,-38.7259,-38.2378,-37.5947,-36.8341,-36.0003,-35.1418,-34.3086
0.1544,-18.9417,-18.8913,-18.7431,-18.5057,-18.193,-17.8234,-17.4184,-17.0018,-16.598
0.1548,1.5435,1.5394,1.5273,1.5078,1.4822,1.452,1.4189,1.3849,1.3519
0.1552,22.005,21.9458,21.7719,21.4934,21.1269,20.694,20.2203,19.7339,19.2634
0.1556,42.1263,42.0125,41.6778,41.1421,40.4372,39.6052,38.6953,37.7618,36.86
0.156,61.5964,61.4291,60.9373,60.1503,59.1151,57.8936,56.5587,55.1903,53.8701
0.1564,80.1145,79.8958,79.2529,78.2243,76.8719,75.2769,73.5349,71.7508,70.0315
0.1568,97.3942,97.1269,96.3415,95.0851,93.4337,91.4869,89.3623,87.188,85.0954
0.1572,113.1684,112.8564,111.9391,110.4723,108.5449,106.2739,103.7971,101.2646,98.8301
0.1576,127.1934,126.8409,125.8048,124.1484,121.9727,119.4102,116.6172,113.7641,111.0248
0.158,139.2524,138.8645,137.7246,135.9025,133.51,130.6936,127.6259,124.4949,121.4925
0.1584,149.1588,148.7413,147.5143,145.5534,142.9794,139.9509,136.6544,133.2928,130.0733
0.1588,156.7598,156.3187,155.0228,152.9523,150.2354,147.0402,143.5645,140.0235,136.6363
0.1592,161.9376,161.4797,160.1345,157.9855,155.1666,151.8531,148.2512,144.5848,141.0821
0.1596,164.6124,164.1446,162.7704,160.5758,157.6979,154.3167,150.6436,146.9082,143.3441
0.16,164.7427,164.2722,162.8902,160.6836,157.791,154.3941,150.7065,146.9598,143.3894
0.1604,162.3266,161.8607,160.4923,158.3079,155.4455,152.0857,148.4407,144.7407,141.2194
0.1608,157.4014,156.9473,155.614,153.4861,150.6986,147.4283,143.8829,140.2873,136.8697
0.1612,150.0431,149.6082,148.3311,146.2932,143.6246,140.4955,137.1053,133.6703,130.4097
0.1616,140.3657,139.9568,138.7562,136.841,134.3339,131.3956,128.2143,124.9939,121.941
0.162,128.5186,128.1423,127.0378,125.2762,122.9709,120.2705,117.3488,114.3939,111.5964
0.1624,114.6849,114.3475,113.3572,111.778,109.7121,107.2933,104.6781,102.0358,99.5374
0.1628,99.0785,98.7856,97.926,96.5554,94.7631,92.6657,90.3996,88.1121,85.952
0.1632,81.9407,81.6973,80.9829,79.8443,78.3558,76.6147,74.7349,72.8392,71.0515
0.1636,63.5363,63.3466,62.7901,61.9032,60.7441,59.3892,57.9272,56.4543,55.0671
0.164,44.1498,44.0174,43.6288,43.0097,42.201,41.256,40.2371,39.2115,38.247
0.1644,24.0809,24.0083,23.7954,23.4562,23.0132,22.4959,21.9385,21.378,20.8516
0.1648,3.6398,3.6287,3.5964,3.5449,3.4777,3.3992,3.3147,3.2298,3.1502
0.1652,-16.8576,-16.8063,-16.6558,-16.4162,-16.1036,-15.7388,-15.3463,-14.9524,-14.5835
0.1656,-37.0945,-36.981,-36.6483,-36.1187,-35.4279,-34.6223,-33.7562,-32.8877,-32.0754
0.166,-56.7579,-56.5835,-56.072,-55.2581,-54.1967,-52.9597,-51.6305,-50.2992,-49.0557
0.1664,-75.5441,-75.3108,-74.6269,-73.5387,-72.1202,-70.4678,-68.6937,-66.9184,-65.2626
0.1668,-93.1625,-92.8735,-92.0261,-90.6781,-88.9217,-86.8767,-84.6826,-82.4892,-80.4463
0.1672,-109.3409,-109.0001,-108.0009,-106.4119,-104.342,-101.9333,-99.3509,-96.7719,-94.3732
0.1676,-123.8292,-123.4414,-122.3045,-120.497,-118.1434,-115.4058,-112.473,-109.547,-106.8295
0.168,-136.4035,-135.9742,-134.7161,-132.7163,-130.1132,-127.087,-123.8474,-120.6185,-117.624
0.1684,-146.8694,-146.405,-145.044,-142.8813,-140.0672,-136.7974,-133.2995,-129.8168,-126.5915
0.1688,-155.065,-154.5724,-153.1289,-150.8355,-147.8524,-144.3881,-140.6848,-137.0013,-133.5951
0.1692,-160.8638,-160.3504,-158.846,-156.4564,-153.3493,-149.743,-145.8907,-142.0629,-138.5285
0.1696,-164.1761,-163.6496,-162.1072,-159.6578,-156.4741,-152.7808,-148.8385,-144.9252,-141.3172
0.17,-164.9507,-164.4193,-162.8625,-160.3908,-157.1794,-153.4559,-149.4842,-145.5459,-141.9202
0.1704,-163.1757,-162.6475,-161.1004,-158.6447,-155.4552,-151.7592,-147.8197,-143.9174,-140.3301
0.1708,-158.8784,-158.3617,-156.8485,-154.4471,-151.3294,-147.7183,-143.8724,-140.0667,-136.5735
0.1712,-152.1253,-151.6282,-150.1728,-147.8636,-144.8666,-141.3973,-137.705,-134.0552,-130.7102
0.1716,-143.0207,-142.5513,-141.1767,-138.9964,-136.1677,-132.895,-129.4145,-125.9777,-122.8328
0.172,-131.7055,-131.2712,-129.9996,-127.9832,-125.3681,-122.3442,-119.1307,-115.9609,-113.0647
0.1724,-118.3545,-117.9624,-116.8146,-114.9948,-112.6356,-109.9091,-107.0139,-104.161,-101.5584
0.1728,-103.174,-102.8306,-101.8256,-100.2324,-98.1679,-95.7831,-93.2527,-90.762,-88.4933
0.1732,-86.3988,-86.1099,-85.2645,-83.9247,-82.1891,-80.1854,-78.061,-75.9722,-74.0725
0.1736,-68.2881,-68.0587,-67.3875,-66.3241,-64.947,-63.3581,-61.6747,-60.0213,-58.52
0.174,-49.1218,-48.9561,-48.4711,-47.7029,-46.7085,-45.5618,-44.3478,-43.1568,-42.077
0.1744,-29.1963,-29.0973,-28.8078,-28.3493,-27.756,-27.0722,-26.3488,-25.6399,-24.9982
0.1748,-8.8195,-8.7894,-8.7016,-8.5625,-8.3826,-8.1754,-7.9563,-7.7419,-7.5481
0.1752,11.6937,11.6537,11.5367,11.3515,11.112,10.8364,10.5452,10.2605,10.0036
0.1756,32.0261,31.916,31.5942,31.0849,30.4266,29.6691,28.8698,28.0889,27.3856
0.176,51.8634,51.6844,51.1609,50.3327,49.2626,48.0321,46.7344,45.4681,44.3295
0.1764,70.8991,70.6533,69.9345,68.7976,67.3293,65.6416,63.8633,62.1301,60.5741
0.1768,88.8389,88.5295,87.6249,86.1944,84.3476,82.2261,79.9925,77.8179,75.869
0.1772,105.4056,105.0367,103.9587,102.2544,100.0551,97.53,94.8735,92.2901,89.9787
0.1776,120.3429,119.9199,118.6837,116.7299,114.2095,111.3174,108.2773,105.3242,102.6864
0.178,133.4201,132.949,131.5725,129.3975,126.5928,123.3763,119.9979,116.7199,113.7969
0.1784,144.4349,143.9227,142.4261,140.0618,137.0143,133.5214,129.8554,126.3026,123.1399
0.1788,153.2173,152.6715,151.077,148.5587,145.3139,141.5969,137.6991,133.9258,130.5727
0.1792,159.6313,159.0601,157.3917,154.7572,151.3642,147.4795,143.4091,139.4733,135.982
0.1796,163.5779,162.99,161.2729,158.5623,155.0726,151.0796,146.899,142.8614,139.2859
0.18,164.996,164.4004,162.661,159.9158,156.3829,152.3428,148.1164,144.0393,140.4352
0.1804,163.8637,163.2696,161.5347,158.7973,155.2758,151.2512,147.0443,142.9908,139.4139
0.1808,160.1986,159.6152,157.9118,155.2249,151.7696,147.8229,143.7009,139.7339,136.2396
0.1812,154.0573,153.4938,151.8487,149.2543,145.9195,142.1125,138.1397,134.3208,130.9631
0.1816,145.5347,145.0,143.4393,140.9786,137.8168,134.2096,130.4483,126.837,123.6676
0.182,134.7625,134.2652,132.8139,130.5262,127.5879,124.2375,120.747,117.3998,114.4674
0.1824,121.9073,121.4555,120.137,118.0593,115.3917,112.3518,109.1874,106.1565,103.5063
0.1828,107.1677,106.7688,105.6048,103.771,101.4176,98.7373,95.9495,93.2825,90.9548
0.1832,90.7716,90.4323,89.4422,87.8828,85.8823,83.6053,81.239,78.978,77.0083
0.1836,72.9725,72.6985,71.8992,70.6406,69.0267,67.1907,65.2844,63.4651,61.8832
0.184,54.0454,53.8416,53.2471,52.3113,51.1117,49.7479,48.3331,46.9845,45.8141
0.1844,34.2829,34.1531,33.7744,33.1784,32.4148,31.5472,30.6478,29.7916,29.05
0.1848,13.9905,13.9373,13.7821,13.5379,13.2252,12.8701,12.5023,12.1526,11.8503
0.1852,-6.5182,-6.4933,-6.4207,-6.3065,-6.1602,-5.9943,-5.8226,-5.6596,-5.5189
0.1856,-26.9261,-26.8228,-26.5216,-26.048,-25.4419,-24.7545,-24.0438,-23.3697,-22.7892
0.186,-46.9178,-46.737,-46.2101,-45.3816,-44.3218,-43.1205,-41.8796,-40.7042,-39.6939
0.1864,-66.1842,-65.9282,-65.1818,-64.0085,-62.5084,-60.8089,-59.0549,-57.3956,-55.9722
0.1868,-84.4277,-84.0997,-83.1435,-81.6411,-79.7208,-77.5467,-75.3048,-73.1866,-71.3732
0.1872,-101.3661,-100.9706,-99.8179,-98.0071,-95.6936,-93.0759,-90.3788,-87.8339,-85.6596
0.1876,-116.7378,-116.2803,-114.9474,-112.8539,-110.1803,-107.1572,-104.045,-101.1122,-98.6116
0.188,-130.3049,-129.7922,-128.2982,-125.9524,-122.9579,-119.5738,-116.0933,-112.8176,-110.0303
0.1884,-141.858,-141.2974,-139.6643,-137.1007,-133.8295,-130.1351,-126.3387,-122.7703,-119.7403
0.1888,-151.2183,-150.6182,-148.8702,-146.127,-142.6281,-138.6789,-134.6243,-130.8182,-127.593
0.1892,-158.2412,-157.6106,-155.7739,-152.8924,-149.2185,-145.0744,-140.8235,-136.8384,-133.4685
0.1896,-162.8181,-162.1665,-160.2691,-157.2929,-153.4999,-149.2242,-144.8421,-140.7395,-137.2776
0.19,-164.8784,-164.2158,-162.2865,-159.2612,-155.4072,-151.0655,-146.6197,-142.463,-138.963
0.1904,-164.3901,-163.7266,-161.7953,-158.7675,-154.912,-150.5712,-146.1305,-141.9841,-138.5001
0.1908,-161.3607,-160.7068,-158.8034,-155.8201,-152.023,-147.7506,-143.3838,-139.3118,-135.8978
0.1912,-155.8372,-155.2031,-153.3574,-150.4654,-146.786,-142.6486,-138.4236,-134.4893,-131.1978
0.1916,-147.9049,-147.3006,-145.5418,-142.7866,-139.2829,-135.3455,-131.3284,-127.5927,-124.4743
0.192,-137.6865,-137.1215,-135.4776,-132.9032,-129.6307,-125.9554,-122.2093,-118.7303,-115.8326
0.1924,-125.3397,-124.8233,-123.3208,-120.9685,-117.9796,-114.6249,-111.2087,-108.0405,-105.4075
0.1928,-111.0556,-110.5961,-109.2596,-107.1675,-104.5105,-101.5302,-98.498,-95.6899,-93.3614
0.1932,-95.0548,-94.66,-93.5114,-91.7141,-89.4324,-86.8748,-84.275,-81.8707,-79.8815
0.1936,-77.5848,-77.2612,-76.32,-74.8476,-72.9791,-70.886,-68.7604,-66.7974,-65.177
0.194,-58.9156,-58.6688,-57.9512,-56.829,-55.4055,-53.8119,-52.1951,-50.704,-49.476
0.1944,-39.3356,-39.1702,-38.6892,-37.9372,-36.9837,-35.9169,-34.8356,-33.8398,-33.0216
0.1948,-19.1477,-19.0668,-18.8318,-18.4644,-17.9987,-17.4781,-16.9508,-16.466,-16.0686
0.1952,1.3362,1.3305,1.3141,1.2883,1.2557,1.2193,1.1825,1.1486,1.1209
0.1956,21.7995,21.7067,21.4369,21.0155,20.482,19.8862,19.284,18.7317,18.2812
0.196,41.9258,41.7466,41.2258,40.4124,39.3829,38.2341,37.074,36.0118,35.1473
0.1964,61.404,61.1405,60.3747,59.1791,57.6665,55.9796,54.2779,52.722,51.4588
0.1968,79.9331,79.5887,78.588,77.0259,75.0505,72.8491,70.6304,68.6047,66.9641
0.1972,97.2267,96.806,95.5841,93.6771,91.2667,88.5823,85.8793,83.4152,81.4244
0.1976,113.0174,112.5265,111.1005,108.8758,106.065,102.9368,99.79,96.9255,94.6169
0.198,127.0612,126.507,124.8977,122.3875,119.2174,115.6916,112.1484,108.9278,106.3388
0.1984,139.141,138.5317,136.7625,134.0038,130.5214,126.6508,122.7649,119.238,116.41
0.1988,149.0701,148.4147,146.5119,143.5457,139.8031,135.646,131.4765,127.698,124.676
0.1992,156.6949,156.0033,153.9954,150.8663,146.9199,142.5395,138.1503,134.1786,131.0103
0.1996,161.8977,161.1803,159.0977,155.8532,151.763,147.226,142.6845,138.5812,135.3163
0.2,164.5981,163.8657,161.7403,158.4299,154.2586,149.6346,145.0106,140.8393,137.5289
0.2004,164.7542,164.0182,161.8826,158.5573,154.3691,149.7295,145.0945,140.9197,137.6152
0.2008,162.3636,161.6355,159.5228,156.2341,152.0939,147.5106,142.9364,138.8227,135.5753
0.2012,157.4634,156.7544,154.6977,151.497,147.4693,143.0137,138.5713,134.5824,131.442
0.2016,150.1293,149.4506,147.4823,144.4198,140.568,136.3097,132.0684,128.266,125.2805
0.202,140.4746,139.8371,137.9883,135.1127,131.4975,127.5035,123.5296,119.9725,117.1873
0.2024,128.6485,128.0624,126.3628,123.7201,120.3991,116.7327,113.0885,109.8316,107.2885
0.2028,114.8339,114.3087,112.7858,110.4186,107.4452,104.1649,100.9076,98.0012,95.7381
0.2032,99.2443,98.7886,97.4675,95.4145,92.837,89.9953,87.1766,84.6655,82.7157
0.2036,82.1206,81.7421,80.6448,78.9401,76.8009,74.4441,72.1086,70.0314,68.4231
0.204,63.7276,63.4327,62.578,61.2505,59.5854,57.7522,55.9375,54.3261,53.0821
0.2044,44.3496,44.1435,43.5465,42.6195,41.4572,40.1785,38.914,37.793,36.93
0.2048,24.286,24.1728,23.8446,23.3352,22.6968,21.995,21.3017,20.6881,20.2171
0.2052,3.8471,3.829,3.7769,3.6959,3.5945,3.483,3.3731,3.2759,3.2016
0.2056,-16.6514,-16.5731,-16.3464,-15.9947,-15.5545,-15.0711,-14.5945,-14.1742,-13.8534
0.206,-36.8924,-36.7184,-36.2142,-35.4324,-34.454,-33.3806,-32.3235,-31.3926,-30.6844
0.2064,-56.5632,-56.2953,-55.5195,-54.3167,-52.8122,-51.1627,-49.5402,-48.1136,-47.0317
0.2068,-75.3597,-75.0014,-73.964,-72.356,-70.3456,-68.1431,-65.9788,-64.0792,-62.6429
0.2072,-92.9913,-92.5475,-91.2627,-89.2717,-86.7836,-84.0598,-81.3861,-79.0432,-77.2773
0.2076,-109.1856,-108.6625,-107.1483,-104.8027,-101.8728,-98.6675,-95.5246,-92.7754,-90.7096
0.208,-123.6921,-123.0973,-121.3756,-118.7093,-115.3805,-111.7413,-108.1769,-105.0642,-102.7328
0.2084,-136.2867,-135.6288,-133.7249,-130.7772,-127.0987,-123.0802,-119.1485,-115.7211,-113.1621
0.2088,-146.7748,-146.0635,-144.0055,-140.8202,-136.8473,-132.5101,-128.2712,-124.5825,-121.8372
0.2092,-154.9941,-154.2401,-152.0589,-148.684,-144.4764,-139.8864,-135.4054,-131.5127,-128.6251
0.2096,-160.8176,-160.0323,-157.7609,-154.2474,-149.8692,-145.0965,-140.4422,-136.4062,-133.422
0.21,-164.1553,-163.3507,-161.0238,-157.4253,-152.9434,-148.0612,-143.3054,-139.1886,-136.1548
0.2104,-164.9557,-164.1441,-161.7973,-158.1692,-153.6525,-148.7362,-143.9523,-139.8185,-136.7825
0.2108,-163.2063,-162.4003,-160.0699,-156.4684,-151.9869,-147.1124,-142.3744,-138.2878,-135.2965
0.2112,-158.9342,-158.1464,-155.8688,-152.3498,-147.9732,-143.2163,-138.5978,-134.6214,-131.7207
0.2116,-152.2054,-151.4481,-149.2591,-145.8779,-141.6748,-137.1097,-132.6824,-128.8776,-126.1117
0.212,-143.124,-142.4092,-140.3434,-137.1534,-133.1899,-128.8883,-124.7212,-121.1465,-118.557
0.2124,-131.8303,-131.1694,-129.2597,-126.3118,-122.6508,-118.6804,-114.8385,-111.5489,-109.1742
0.2128,-118.4989,-117.9026,-116.1799,-113.5213,-110.2213,-106.6451,-103.1885,-100.2343,-98.1094
0.2132,-103.3358,-102.8139,-101.3062,-98.9802,-96.0944,-92.9694,-89.9524,-87.3787,-85.5341
0.2136,-86.5754,-86.1365,-84.8688,-82.9138,-80.4893,-77.8658,-75.3359,-73.1817,-71.6435
0.214,-68.4768,-68.1284,-67.1221,-65.5707,-63.6478,-61.5685,-59.5657,-57.8636,-56.6527
0.2144,-49.3197,-49.0679,-48.3406,-47.2195,-45.8307,-44.3301,-42.8864,-41.6618,-40.7937
0.2148,-29.4004,-29.2497,-28.8146,-28.1441,-27.3139,-26.4176,-25.5563,-24.827,-24.3121
0.2152,-9.0265,-8.9801,-8.846,-8.6395,-8.3839,-8.1082,-7.8435,-7.6199,-7.4626
0.2156,11.4868,11.4275,11.2563,10.9927,10.6665,10.315,9.9779,9.6936,9.4944
0.216,31.8226,31.6577,31.1817,30.449,29.543,28.5671,27.6325,26.8458,26.2968
0.2164,51.6666,51.3978,50.6223,49.4288,47.9538,46.3663,44.8477,43.572,42.6851
0.2168,70.7119,70.3427,69.2776,67.6389,65.6148,63.4378,61.3579,59.6141,58.4065
0.2172,88.6642,88.1996,86.8594,84.798,82.2532,79.5182,76.9084,74.7245,73.2184
0.2176,105.2459,104.6925,103.096,100.6414,97.6125,94.3598,91.2596,88.6707,86.8925
0.218,120.2009,119.5665,117.7369,114.9245,111.4559,107.7339,104.1907,101.2377,99.2179
0.2184,133.298,132.5918,130.5558,127.427,123.5702,119.4348,115.5029,112.2325,110.0049
0.2188,144.3346,143.5672,141.3549,137.9563,133.7691,129.2829,125.0225,121.4862,119.0876
0.2192,153.1402,152.3231,149.9676,146.3503,141.8958,137.1269,132.6036,128.8568,126.3263
0.2196,159.5787,158.7241,156.2611,152.4798,147.8257,142.8472,138.1306,134.2319,131.6101
0.22,163.5506,162.6716,160.1385,156.2509,151.4684,146.3564,141.5195,137.5295,134.8582
0.2204,164.9944,164.1044,161.5402,157.6059,152.7685,147.6019,142.7193,138.7001,136.0212
0.2208,163.8879,163.0007,160.4449,156.5248,151.7072,146.5659,141.7132,137.7269,135.0819
0.2212,160.2481,159.3776,156.8699,153.0248,148.3019,143.2657,138.518,134.6263,132.0558
0.2216,154.1314,153.2911,150.8708,147.161,142.6065,137.7538,133.1848,129.4476,126.9904
0.222,145.6322,144.8354,142.5408,139.0246,134.7101,130.1167,125.7973,122.2719,119.9648
0.2224,134.882,134.1413,132.0088,128.7421,124.7358,120.4739,116.4712,113.2114,111.0882
0.2228,122.0469,121.3743,119.4381,116.4731,112.8387,108.9755,105.3519,102.4072,100.4984
0.2232,107.3253,106.7317,105.0233,102.4079,99.2036,95.8004,92.6123,90.0272,88.3597
0.2236,90.9447,90.44,88.9874,86.7643,84.0421,81.1533,78.4505,76.2638,74.8601
0.224,73.1584,72.7509,71.5784,69.7846,67.5893,65.2614,63.0862,61.3302,60.2087
0.2244,54.2412,53.9381,53.0658,51.7318,50.1,48.371,46.7576,45.458,44.6322
0.2248,34.4857,34.2923,33.7358,32.8851,31.8449,30.7438,29.7176,28.8929,28.3714
0.2252,14.1971,14.1172,13.8873,13.536,13.1067,12.6527,12.23,11.8911,11.678
0.2256,-6.311,-6.2753,-6.1728,-6.0162,-5.8249,-5.6227,-5.4347,-5.2844,-5.1903
0.226,-26.7215,-26.57,-26.1345,-25.4692,-24.6572,-23.7996,-23.0035,-22.3681,-21.9727
0.2264,-46.7189,-46.4532,-45.6892,-44.5225,-43.0992,-41.5974,-40.205,-39.0963,-38.41
0.2268,-65.9943,-65.6175,-64.5347,-62.8817,-60.8662,-58.7413,-56.7737,-55.2107,-54.2485
0.2272,-84.2495,-83.7669,-82.3799,-80.2633,-77.6839,-74.9667,-72.4541,-70.4627,-69.2436
0.2276,-101.2025,-100.6207,-98.9491,-96.399,-93.2928,-90.0235,-87.0044,-84.6173,-83.1641
0.228,-116.5911,-115.9186,-113.9864,-111.0397,-107.4524,-103.6798,-100.2006,-97.4563,-95.7952
0.2284,-130.1776,-129.4241,-127.2596,-123.9596,-119.9445,-115.7255,-111.8398,-108.7823,-106.9423
0.2288,-141.752,-140.9286,-138.5638,-134.9597,-130.5769,-125.9754,-121.7431,-118.421,-116.4335
0.2292,-151.1352,-150.2543,-147.7247,-143.8705,-139.1862,-134.2722,-129.7588,-126.2246,-124.1228
0.2296,-158.1823,-157.2572,-154.6008,-150.555,-145.6403,-140.4891,-135.7641,-132.0734,-129.8918
0.23,-162.7844,-161.8291,-159.0864,-154.9105,-149.8406,-144.5312,-139.6678,-135.8784,-133.6522
0.2304,-164.8703,-163.8994,-161.1124,-156.8705,-151.7232,-146.3374,-141.4108,-137.5817,-135.3462
0.2308,-164.4077,-163.4362,-160.648,-156.4055,-151.2603,-145.8812,-140.9676,-137.1583,-134.9484
0.2312,-161.4039,-160.4469,-157.7006,-153.5234,-148.4601,-143.1712,-138.3466,-134.6158,-132.4653
0.2316,-155.9053,-154.9777,-152.3163,-148.2695,-143.367,-138.2505,-133.5897,-129.9947,-127.936
0.232,-147.9967,-147.1132,-144.5786,-140.7258,-136.0609,-131.1966,-126.7717,-123.3674,-121.431
0.2324,-137.8006,-136.9751,-134.6074,-131.0096,-126.6558,-122.1198,-117.9993,-114.8375,-113.0511
0.2328,-125.4745,-124.7203,-122.5574,-119.2718,-115.298,-111.1616,-107.4094,-104.5378,-102.9263
0.2332,-111.2088,-110.5381,-108.6149,-105.6944,-102.1641,-98.4925,-95.1668,-92.6282,-91.2135
0.2336,-95.2243,-94.648,-92.9959,-90.4879,-87.458,-84.3095,-81.4616,-79.2935,-78.0939
0.234,-77.7678,-77.2955,-75.9419,-73.8878,-71.4075,-68.8324,-66.5066,-64.7407,-63.7706
0.2344,-59.1092,-58.7491,-57.7169,-56.1511,-54.2615,-52.3014,-50.5336,-49.195,-48.465
0.2348,-39.537,-39.2953,-38.6027,-37.5523,-36.2855,-34.9725,-33.7901,-32.8971,-32.4138
0.2352,-19.3536,-19.2349,-18.8948,-18.3792,-17.7576,-17.114,-16.5352,-16.0993,-15.8651
0.2356,1.1289,1.1219,1.102,1.0719,1.0355,0.9979,0.9642,0.9388,0.9253
0.236,21.5939,21.4606,21.0786,20.5,19.8033,19.0832,18.4374,17.9538,17.6981
0.2364,41.7252,41.4667,40.7263,39.6051,38.2557,36.8623,35.6147,34.6829,34.1941
0.2368,61.2115,60.831,59.7414,58.0918,56.1078,54.0608,52.2307,50.8678,50.1585
0.2372,79.7517,79.2542,77.8301,75.6748,73.084,70.4133,68.0291,66.2587,65.345
0.2376,97.0591,96.4517,94.713,92.0825,88.9223,85.6676,82.7664,80.6183,79.5189
0.238,112.8663,112.1576,110.1293,107.0617,103.3786,99.5887,96.2155,93.7252,92.4616
0.2384,126.9288,126.1292,123.841,120.3815,116.2301,111.9623,108.1695,105.3775,103.9733
0.2388,139.0295,138.1507,135.6364,131.8364,127.2791,122.5982,118.4446,115.396,113.8764
0.2392,148.9811,148.0362,145.3336,141.2501,136.3557,131.3331,126.8832,123.6267,122.0181
0.2396,156.6299,155.6332,152.7829,148.4778,143.3206,138.0332,133.3559,129.9433,128.2731
0.24,161.8576,160.8243,157.8696,153.4083,148.0672,142.5963,137.764,134.249,132.545
0.2404,164.5835,163.5293,160.5154,155.9664,150.5233,144.9531,140.0407,136.4783,134.7679
0.2408,164.7654,163.7066,160.6799,156.1132,150.6521,145.0686,140.1522,136.5978,134.908
0.2412,162.4004,161.3534,158.3608,153.8472,148.4527,142.9424,138.098,134.6065,132.9633
0.2416,157.5253,156.5063,153.5945,149.2043,143.9602,138.6087,133.9112,130.5362,128.964
0.242,150.2152,149.2404,146.4551,142.257,137.2454,132.1359,127.6579,124.4507,122.9723
0.2424,140.5832,139.6679,137.0531,133.1134,128.413,123.6252,119.4358,116.4449,115.0809
0.2428,128.7782,127.937,125.5344,121.9156,117.6005,113.2095,109.3733,106.6433,105.4119
0.2432,114.9827,114.2292,112.0773,108.8372,104.9762,101.0508,97.6269,95.1982,94.1149
0.2436,99.4098,98.7563,96.8901,94.0812,90.7359,87.338,84.3791,82.2871,81.3645
0.244,82.3004,81.7576,80.2078,77.876,75.1005,72.2842,69.8355,68.11,67.3579
0.2444,63.9188,63.4959,62.2885,60.4726,58.3124,56.1225,54.2217,52.8866,52.3116
0.2448,44.5493,44.2535,43.4095,42.1404,40.6316,39.1035,37.7793,36.8524,36.458
0.2452,24.4911,24.328,23.8625,23.163,22.3318,21.4907,20.7631,20.2554,20.0422
0.2456,4.0543,4.0273,3.95,3.8338,3.696,3.5566,3.4362,3.3525,3.3178
0.246,-16.4451,-16.3348,-16.0204,-15.5481,-14.9876,-14.4216,-13.9335,-13.5953,-13.4569
0.2464,-36.6903,-36.4436,-35.7399,-34.6833,-33.4302,-32.166,-31.0776,-30.3261,-30.0227
0.2468,-56.3684,-55.9881,-54.9037,-53.2762,-51.347,-49.4025,-47.7314,-46.5816,-46.1237
0.2472,-75.1752,-74.6664,-73.2158,-71.0394,-68.4613,-65.8652,-63.6378,-62.1107,-61.5112
0.2476,-92.82,-92.1898,-90.3933,-87.6989,-84.509,-81.3001,-78.5516,-76.6738,-75.9474
0.248,-109.03,-108.2874,-106.1708,-102.9974,-99.2428,-95.4694,-92.2428,-90.0465,-89.2095
0.2484,-123.5548,-122.7106,-120.3048,-116.6991,-112.4355,-108.1549,-104.5008,-102.0225,-101.0926
0.2488,-136.1698,-135.2364,-132.5769,-128.5925,-123.884,-119.1614,-115.1369,-112.4174,-111.413
0.2492,-146.6799,-145.6713,-142.798,-138.4947,-133.4124,-128.32,-123.9878,-121.0712,-120.0115
0.2496,-154.9228,-153.8541,-150.8103,-146.2531,-140.8743,-135.4902,-130.9177,-127.8509,-126.7552
0.25,-160.7711,-159.6585,-156.4903,-151.7486,-146.1555,-140.5624,-135.8208,-132.6525,-131.54
0.2504,-164.1342,-162.9948,-159.7506,-154.8971,-149.1754,-143.4595,-138.6223,-135.4025,-134.2918
0.2508,-164.9604,-163.8116,-160.5413,-155.6506,-149.8886,-144.1381,-139.2803,-136.0592,-134.9683
0.2512,-163.2367,-162.0963,-158.8506,-153.9983,-148.2851,-142.5891,-137.7857,-134.6131,-133.559
0.2516,-158.9898,-157.8756,-154.7049,-149.9665,-144.3909,-138.8376,-134.163,-131.0875,-130.0855
0.252,-152.2854,-151.2149,-148.1688,-143.6184,-138.2673,-132.9431,-128.4692,-125.5375,-124.6015
0.2524,-143.2271,-142.2171,-139.3437,-135.0529,-130.0101,-124.9978,-120.7936,-118.0496,-117.1917
0.2528,-131.9549,-131.0215,-128.3664,-124.403,-119.748,-115.1258,-111.2557,-108.7402,-107.9705
0.2532,-118.643,-117.8012,-115.4069,-111.8341,-107.6405,-103.4807,-100.0041,-97.7536,-97.0803
0.2536,-103.4973,-102.7606,-100.6659,-97.5411,-93.8757,-90.2436,-87.2136,-85.2602,-84.6893
0.254,-86.7518,-86.1324,-84.3714,-81.7455,-78.6671,-75.6199,-73.0825,-71.4534,-70.9887
0.2544,-68.6654,-68.1736,-66.7756,-64.6918,-62.2505,-59.8364,-57.8299,-56.5472,-56.1903
0.2548,-49.5176,-49.1618,-48.1507,-46.6442,-44.8802,-43.1378,-41.6922,-40.772,-40.5226
0.2552,-29.6044,-29.391,-28.7848,-27.8817,-26.8251,-25.7825,-24.9191,-24.3718,-24.2275
0.2556,-9.2336,-9.1668,-8.9772,-8.6948,-8.3646,-8.0391,-7.7701,-7.6003,-7.5568
0.256,11.28,11.1982,10.9658,10.62,10.2159,9.8179,9.4896,9.2833,9.232
0.2564,31.6192,31.3892,30.736,29.7641,28.6291,27.5126,26.5933,26.0183,25.8795
0.2568,51.4696,51.0941,50.0277,48.4417,46.5907,44.7717,43.2768,42.346,42.1286
0.2572,70.5245,70.0083,68.5429,66.3643,63.8232,61.3288,59.2827,58.0144,57.7281
0.2576,88.4892,87.8396,85.9956,83.2551,80.0607,76.9284,74.3639,72.7816,72.4369
0.258,105.0862,104.3123,102.1162,98.8535,95.0529,91.33,88.288,86.4198,86.0278
0.2584,120.0588,119.172,116.6557,112.9188,108.5686,104.3119,100.8405,98.7185,98.2907
0.2588,133.1757,132.189,129.3897,125.2342,120.3997,115.6743,111.8281,109.4882,109.0359
0.2592,144.234,143.1621,140.1217,135.6099,130.3643,125.2425,121.082,118.5629,118.0972
0.2596,153.0629,151.9219,148.6862,143.8862,138.3093,132.8699,128.4601,125.803,125.3344
0.26,159.5259,158.3331,154.9511,149.936,144.1129,138.4396,133.8493,131.097,130.6355
0.2604,163.523,162.2967,158.8199,153.6665,147.6866,141.8668,137.1674,134.3637,133.9183
0.2608,164.9926,163.7514,160.2335,155.0208,148.9762,143.0999,138.3643,135.5532,135.1318
0.2612,163.9118,162.6751,159.1702,153.9789,147.963,142.1209,137.4226,134.6477,134.257
0.2616,160.2974,159.0843,155.647,150.5577,144.6637,138.9465,134.3578,131.6617,131.307
0.262,154.2053,153.0348,149.7187,144.8108,139.1306,133.6269,129.2186,126.6418,126.3271
0.2624,145.7296,144.6201,141.4774,136.8278,131.4503,126.2455,122.0852,119.6662,119.3938
0.2628,135.0013,133.9704,131.0508,126.733,121.7425,116.9176,113.069,110.8431,110.6141
0.2632,122.1863,121.2504,118.6005,114.6831,110.1583,105.7885,102.3101,100.3093,100.1231
0.2636,107.4827,106.6569,104.3193,100.8649,96.8776,93.0311,89.9758,88.2278,88.0827
0.264,91.1176,90.4155,88.4283,85.4927,82.1065,78.8436,76.2572,74.7858,74.6786
0.2644,73.3442,72.7773,71.1732,68.8045,66.0741,63.446,61.3672,60.1911,60.1177
0.2648,54.437,54.0151,52.8211,51.0588,49.0287,47.0769,45.5363,44.6697,44.6247
0.2652,34.6884,34.4187,33.6558,32.5301,31.2342,29.9897,29.0096,28.4613,28.4388
0.2656,14.4036,14.2913,13.9737,13.5051,12.9661,12.449,12.0427,11.8167,11.8099
0.266,-6.1038,-6.056,-5.921,-5.722,-5.4932,-5.274,-5.102,-5.007,-5.0052
0.2664,-26.5168,-26.3088,-25.7207,-24.854,-23.8583,-22.9053,-22.1596,-21.7498,-21.7466
0.2668,-46.52,-46.154,-45.1194,-43.5953,-41.8454,-40.1726,-38.8664,-38.153,-38.1557
0.2672,-65.8042,-65.2849,-63.8174,-61.6563,-59.1767,-56.8092,-54.9647,-53.9633,-53.979
0.2676,-84.0711,-83.4058,-81.5257,-78.7581,-75.5849,-72.5585,-70.2059,-68.9366,-68.9716
0.268,-101.0386,-100.2367,-97.9708,-94.6368,-90.8167,-87.1776,-84.3549,-82.8417,-82.9019
0.2684,-116.4443,-115.5174,-112.8989,-109.0473,-104.6374,-100.4412,-97.1938,-95.4639,-95.5544
0.2688,-130.0501,-129.0118,-126.0793,-121.7676,-116.8341,-112.1453,-108.5248,-106.6085,-106.7331
0.2692,-141.6457,-140.5115,-137.3087,-132.6015,-127.2192,-122.1098,-118.1735,-116.1037,-116.265
0.2696,-151.0519,-149.8388,-146.414,-141.3824,-135.6331,-130.1818,-125.9916,-123.8029,-124.0023
0.27,-158.1232,-156.8497,-153.2546,-147.9752,-141.9467,-136.2376,-131.8592,-129.5876,-129.8252
0.2704,-162.7504,-161.4358,-157.7254,-152.2787,-146.0637,-140.1847,-135.6866,-133.3687,-133.6429
0.2708,-164.8619,-163.5263,-159.7576,-154.2274,-147.9213,-141.9634,-137.4155,-135.0881,-135.3961
0.2712,-164.4252,-163.0892,-159.3202,-153.7918,-147.4922,-141.5475,-137.0202,-134.7196,-135.057
0.2716,-161.4469,-160.1313,-156.4205,-150.9796,-144.7841,-138.9445,-134.5078,-132.2693,-132.6302
0.272,-155.973,-154.6984,-151.1036,-145.8351,-139.8399,-134.196,-129.918,-127.7752,-128.1527
0.2724,-148.0883,-146.8746,-143.4523,-138.4385,-132.7372,-127.3764,-123.3228,-121.3072,-121.693
0.2728,-137.9145,-136.7809,-133.5851,-128.905,-123.5869,-118.5924,-114.8248,-112.9654,-113.3503
0.2732,-125.609,-124.5736,-121.655,-117.3827,-112.5314,-107.9808,-104.5563,-102.8789,-103.2529
0.2736,-111.3619,-110.4413,-107.8468,-104.0504,-99.7424,-95.7065,-92.6767,-91.204,-91.5563
0.274,-95.3935,-94.6026,-92.3742,-89.1146,-85.4186,-81.9602,-79.3702,-78.1211,-78.4407
0.2744,-77.9506,-77.3024,-75.4766,-72.807,-69.782,-66.955,-64.843,-63.8325,-64.1083
0.2748,-59.3027,-58.8082,-57.4154,-55.3798,-53.0749,-50.9235,-49.3202,-48.5592,-48.7801
0.2752,-39.7383,-39.4059,-38.4701,-37.103,-35.5561,-34.1139,-33.0419,-32.5372,-32.6927
0.2756,-19.5595,-19.3955,-18.9336,-18.2592,-17.4966,-16.7866,-16.26,-16.0142,-16.0945
0.276,0.9215,0.9138,0.892,0.8601,0.8241,0.7907,0.7659,0.7545,0.7584
0.2764,21.3883,21.2079,20.7002,19.9594,19.1229,18.346,17.7728,17.5097,17.6056
0.2768,41.5246,41.1733,40.185,38.7434,37.1169,35.6082,34.4979,33.9928,34.1867
0.2772,61.0189,60.5013,59.0451,56.922,54.5283,52.3107,50.6829,49.9489,50.2455
0.2776,79.5701,78.8932,76.9892,74.2145,71.0883,68.1957,66.078,65.1316,65.5335
0.278,96.8914,96.0648,93.7402,90.3539,86.5414,83.0182,80.4456,79.3064,79.8144
0.2784,112.7149,111.7507,109.0393,105.0912,100.6493,96.5498,93.5642,92.2544,92.867
0.2788,126.7963,125.7085,122.6503,118.1991,113.1948,108.5822,105.2317,103.7757,104.4891
0.2792,138.9177,137.7225,134.3632,129.4756,123.9848,118.9301,115.2682,113.6923,114.5006
0.2796,148.8918,147.6072,143.9972,138.7471,132.8533,127.4346,123.5195,121.8512,122.7462
0.28,156.5645,155.2099,151.4039,145.871,139.6644,133.9654,129.8588,128.1263,129.0978
0.2804,161.8172,160.4132,156.4692,150.7381,144.3137,138.4225,134.1889,132.421,133.4563
0.2808,164.5686,163.1367,159.1152,153.2738,146.7306,140.7382,136.4436,134.6689,135.7537
0.2812,164.7763,163.3386,159.3014,153.4398,146.8788,140.878,136.5891,134.8354,135.9536
0.2816,162.437,161.0157,157.0255,151.2344,144.7572,138.8407,134.6237,132.9181,134.052
0.282,157.5868,156.2041,152.323,146.6926,140.3997,134.6591,130.5789,128.9466,130.0774
0.2824,150.3008,148.9784,145.2671,139.8853,133.8747,128.3989,124.5177,122.9825,124.0904
0.2828,140.6916,139.4503,135.9672,130.9185,125.2842,120.1579,116.5347,115.1179,116.1825
0.2832,128.9077,127.7672,124.5676,119.9317,114.762,110.0646,106.754,105.4745,106.4752
0.2836,115.1313,114.1098,111.2448,107.0954,102.4716,98.2759,95.3272,94.2012,95.1175
0.284,99.5752,98.6893,96.205,92.6085,88.6038,84.9747,82.4316,81.4723,82.2844
0.2844,82.48,81.7442,79.6811,76.6956,73.3738,70.3676,68.267,67.4845,68.1734
0.2848,64.1099,63.5364,61.9286,59.6031,57.0175,54.6808,53.0527,52.4539,53.002
0.2852,44.7489,44.3474,43.2223,41.5956,39.7884,38.1573,37.0242,36.6128,37.0042
0.2856,24.6961,24.474,23.8514,22.9518,21.953,21.0528,20.4293,20.2059,20.4268
0.286,4.2616,4.2232,4.1155,3.9599,3.7873,3.632,3.5247,3.4868,3.5258
0.2864,-16.2387,-16.0919,-15.6804,-15.0863,-14.4278,-13.8359,-13.4283,-13.2863,-13.438
0.2868,-36.4881,-36.1571,-35.2303,-33.8926,-32.4108,-31.0808,-30.1678,-29.8541,-30.2023
0.2872,-56.1735,-55.6626,-54.2321,-52.1682,-49.884,-47.8364,-46.4352,-45.9608,-46.508
0.2876,-74.9905,-74.3066,-72.3921,-69.6311,-66.5776,-63.8442,-61.9794,-61.3574,-62.1028
0.288,-92.6485,-91.8012,-89.4299,-86.0115,-82.2339,-78.8571,-76.5604,-75.8059,-76.7455
0.2884,-108.8743,-107.8759,-105.0822,-101.0568,-96.6117,-92.6437,-89.9533,-89.0833,-90.2091
0.2888,-123.4173,-122.2825,-119.1076,-114.5348,-109.4893,-104.9916,-101.9516,-100.9842,-102.2852
0.2892,-136.0526,-134.7981,-131.2894,-126.2379,-120.6685,-115.7107,-112.3703,-111.3248,-112.7863
0.2896,-146.5848,-145.2297,-141.4397,-135.9859,-129.9774,-124.6363,-121.0491,-119.9452,-121.5493
0.29,-154.8513,-153.4158,-149.4021,-143.6287,-137.273,-131.6314,-127.8544,-126.7122,-128.4378
0.2904,-160.7243,-159.2303,-155.0538,-149.049,-142.4438,-136.5889,-132.6816,-131.5211,-133.3446
0.2908,-164.1129,-162.5833,-158.3081,-152.1639,-145.4107,-139.4331,-135.4569,-134.2975,-136.1925
0.2912,-164.9648,-163.4231,-159.1149,-152.926,-146.129,-140.1213,-136.1381,-134.9984,-136.9366
0.2916,-163.2668,-161.7368,-157.4623,-151.3245,-144.5888,-138.6439,-134.7153,-133.613,-135.5642
0.292,-159.0451,-157.5507,-153.3763,-147.3849,-140.8151,-135.0248,-131.2111,-130.1623,-132.0953
0.2924,-152.3651,-150.9296,-146.9205,-141.169,-134.8671,-129.321,-125.6804,-124.6997,-126.5824
0.2928,-143.3299,-141.9759,-138.1952,-132.7737,-126.838,-121.6218,-118.2092,-117.3095,-119.1095
0.2932,-132.0793,-130.8282,-127.3356,-122.3294,-116.8528,-112.047,-108.9136,-108.1055,-109.7911
0.2936,-118.787,-117.6588,-114.51,-109.9984,-105.0668,-100.7456,-97.9378,-97.23,-98.7701
0.294,-103.6587,-102.6716,-99.9169,-95.9719,-91.663,-87.8931,-85.4518,-84.8508,-86.2158
0.2944,-86.9281,-86.0981,-83.7823,-80.4673,-76.8494,-73.6887,-71.6491,-71.159,-72.3215
0.2948,-68.8539,-68.1947,-66.3559,-63.7248,-60.8556,-58.3527,-56.7432,-56.3662,-57.301
0.2952,-49.7153,-49.2381,-47.9071,-46.0035,-43.9294,-42.1226,-40.9649,-40.7007,-41.3858
0.2956,-29.8083,-29.5214,-28.7214,-27.5778,-26.3326,-25.2497,-24.5582,-24.4046,-24.8215
0.296,-9.4406,-9.3495,-9.0955,-8.7325,-8.3377,-7.9948,-7.7767,-7.7296,-7.8635
0.2964,11.0731,10.966,10.6673,10.2408,9.7771,9.3751,9.1202,9.0668,9.2261
0.2968,31.4156,31.1108,30.2615,29.0489,27.7319,26.5916,25.8713,25.7249,26.1835
0.2972,51.2726,50.7738,49.3842,47.4013,45.2493,43.3888,42.218,41.9874,42.7464
0.2976,70.337,69.6509,67.74,65.0143,62.0587,59.5073,57.9076,57.6029,58.6586
0.298,88.3141,87.4505,85.0454,81.6162,77.9008,74.6984,72.6981,72.3302,73.6738
0.2984,104.9262,103.8974,101.0329,96.9507,92.5312,88.7279,86.3611,85.9414,87.5593
0.2988,119.9165,118.7376,115.4559,110.7812,105.7245,101.3794,98.6858,98.2261,100.0999
0.2992,133.0531,131.7417,128.0917,122.8946,117.2775,112.4583,109.4822,108.9944,111.1008
0.2996,144.1332,142.7088,138.7452,133.1043,127.0124,121.7941,118.5838,118.0796,120.391
0.3,152.9853,151.4695,147.2524,141.2532,134.7798,129.2433,125.8505,125.341,127.826
0.3004,159.4728,157.8885,153.4819,147.2162,140.4606,134.6918,131.1705,130.6663,133.2895
0.3008,163.4952,161.8667,157.3381,150.9018,143.968,138.0563,134.462,133.9728,136.6959
0.3012,164.9905,163.3428,158.7618,152.2539,145.2489,139.2859,135.6748,135.2091,137.9911
0.3016,163.9354,162.294,157.7314,151.2525,144.2846,138.3625,134.7906,134.3558,137.1538
0.302,160.3464,158.7368,154.2633,147.914,141.0911,135.3014,131.8235,131.4256,134.1955
0.3024,154.2789,152.7262,148.4117,142.2908,135.7189,130.151,126.8201,126.4636,129.1606
0.3028,145.8267,144.3552,140.2674,134.4706,128.2519,122.9918,119.8579,119.546,122.1254
0.3032,135.1204,133.7534,129.9567,124.5752,118.8068,113.9354,111.0451,110.7794,113.1974
0.3036,122.3256,121.0848,117.6394,112.7581,107.5303,103.1225,100.5183,100.2989,102.5132
0.304,107.6399,106.5453,103.5063,99.2028,94.5977,90.7212,88.4406,88.2661,90.2369
0.3044,91.2904,90.3596,87.7761,84.1193,80.2095,76.9237,74.9988,74.8667,76.557
0.3048,73.5298,72.7782,70.6924,67.7414,64.5889,61.9438,60.401,60.3074,61.6841
0.3052,54.6327,54.0728,52.5194,50.3226,47.9779,46.0137,44.8731,44.8131,45.8472
0.3056,34.8911,34.5326,33.5382,32.1325,30.6335,29.3799,28.655,28.6228,29.2905
0.306,14.6102,14.4597,14.0423,13.4526,12.8242,12.2996,11.9976,11.9867,12.2693
0.3064,-5.8966,-5.8357,-5.6668,-5.4284,-5.1745,-4.9629,-4.8416,-4.8383,-4.9536
0.3068,-26.3122,-26.0397,-25.2845,-24.2185,-23.0845,-22.1409,-21.6025,-21.5921,-22.112
0.3072,-46.3211,-45.8402,-44.5075,-42.6273,-40.629,-38.9689,-38.0261,-38.016,-38.9409
0.3076,-65.614,-64.9311,-63.0389,-60.3706,-57.5371,-55.1871,-53.8587,-53.856,-55.1797
0.308,-83.8927,-83.0174,-80.5924,-77.1744,-73.5478,-70.5453,-68.8558,-68.8673,-70.5771
0.3084,-100.8746,-99.8195,-96.8968,-92.7792,-88.4142,-84.8063,-82.7858,-82.8176,-84.8944
0.3088,-116.2973,-115.0778,-111.7004,-106.9444,-101.9071,-97.7505,-95.4337,-95.4912,-97.9096
0.3092,-129.9224,-128.5565,-124.7747,-119.4516,-113.8186,-109.1784,-106.6044,-106.6918,-109.4205
0.3096,-141.5393,-140.0475,-135.9179,-130.1082,-123.9654,-118.9141,-116.1254,-116.2461,-119.2481
0.31,-150.9683,-149.3731,-144.9582,-138.75,-132.1917,-126.8078,-123.8501,-124.006,-127.2393
0.3104,-158.0639,-156.3894,-151.7563,-145.2443,-138.3711,-132.7385,-129.6593,-129.8511,-133.2691
0.3108,-162.7162,-160.9881,-156.2076,-149.4916,-142.4093,-136.6154,-133.4637,-133.6906,-137.2429
0.3112,-164.8533,-163.0981,-158.2436,-151.427,-144.2448,-138.3795,-135.2049,-135.4646,-139.0978
0.3116,-164.4423,-162.6871,-157.8335,-151.0214,-143.8504,-138.0044,-134.8562,-135.1452,-138.8034
0.312,-161.4895,-159.7615,-154.9841,-148.2821,-141.2332,-135.4969,-132.4235,-132.7367,-136.3627
0.3124,-156.0405,-154.3666,-149.7398,-143.2521,-136.4347,-130.8966,-127.9447,-128.2758,-131.8118
0.3128,-148.1796,-146.586,-142.1822,-136.0102,-129.5302,-124.2755,-121.4893,-121.8309,-125.2194
0.3132,-138.0283,-136.5401,-132.4286,-126.669,-120.6274,-115.7369,-113.1574,-113.5009,-116.6858
0.3136,-125.7434,-124.3843,-120.6301,-115.3736,-109.8647,-105.4134,-103.0781,-103.4141,-106.3416
0.314,-111.5148,-110.3065,-106.9696,-102.2995,-97.4095,-93.4653,-91.4072,-91.7258,-94.3451
0.3144,-95.5626,-94.5245,-91.6584,-87.6492,-83.455,-80.0781,-78.3255,-78.6162,-80.8805
0.3148,-78.1333,-77.2824,-74.9337,-71.6498,-68.2175,-65.459,-64.0353,-64.2874,-66.1549
0.3152,-59.4962,-58.8467,-57.0541,-54.5491,-51.9331,-49.8346,-48.7575,-48.9605,-50.3948
0.3156,-39.9395,-39.5024,-38.2963,-36.6117,-34.8541,-33.4467,-32.7283,-32.872,-33.8431
0.316,-19.7654,-19.5485,-18.9503,-18.1152,-17.2446,-16.5488,-16.1956,-16.2704,-16.7551
0.3164,0.7142,0.7063,0.6847,0.6544,0.623,0.5978,0.5852,0.588,0.6057
0.3168,21.1827,20.9492,20.3052,19.4069,18.4723,17.728,17.3547,17.4427,17.9709
0.3172,41.3239,40.8671,39.6079,37.8525,36.0277,34.5772,33.8538,34.0333,35.0722
0.3176,60.8262,60.1523,58.2946,55.7062,53.0179,50.885,49.8276,50.1033,51.645
0.318,79.3884,78.5066,76.0766,72.6923,69.1807,66.3998,65.0294,65.4042,67.4326
0.3184,96.7234,95.6464,92.6792,88.5487,84.2667,80.8822,79.2243,79.6992,82.1904
0.3188,112.5634,111.3069,107.8461,103.0307,98.0433,94.1087,92.1932,92.7671,95.6894
0.3192,126.6635,125.2461,121.343,115.915,110.2983,105.8756,103.7358,104.4055,107.72
0.3196,138.8057,137.2487,132.9618,127.0031,120.8429,116.0016,113.6739,114.4341,118.0948
0.32,148.8024,147.1291,142.5233,136.1243,129.5152,124.3309,121.8541,122.6973,126.6521
0.3204,156.499,154.7349,149.88,143.1384,136.1818,130.7355,128.1502,129.0669,133.2583
0.3208,161.7765,159.9485,154.9187,147.9377,140.7409,135.1173,132.4651,133.4436,137.8094
0.3212,164.5535,162.6895,157.5621,150.449,143.1228,137.4093,134.7324,135.7591,140.2335
0.3216,164.7869,162.9158,157.7697,150.6342,143.2919,137.577,134.9172,135.9768,140.4913
0.322,162.4732,160.6238,155.5387,148.4914,141.2466,135.6186,133.0168,134.0928,138.577
0.3224,157.6482,155.8493,150.9043,144.0546,137.0195,131.5652,129.0609,130.1351,134.5183
0.3228,150.3863,148.6661,143.9385,137.3931,130.677,125.4803,123.1106,124.1643,128.3762
0.3232,140.7999,139.1854,134.7495,128.6109,122.3182,117.4587,115.2582,116.2719,120.2439
0.3236,129.0371,127.5539,123.4796,117.8443,112.073,107.625,105.6251,106.579,110.2454
0.324,115.2797,113.9515,110.3036,105.2605,100.1007,96.132,94.3603,95.2348,98.5337
0.3244,99.7405,98.5886,95.4254,91.0548,86.5872,83.1578,81.638,82.4139,85.2884
0.3248,82.6596,81.7026,79.0754,75.4472,71.742,68.9035,67.6548,68.3139,70.7129
0.3252,64.3009,63.5547,61.5066,58.6794,55.795,53.5899,52.627,53.1522,55.0314
0.3256,44.9484,44.4255,42.9907,41.0111,38.9934,37.454,36.7868,37.1627,38.4854
0.326,24.9011,24.6107,23.8141,22.7156,21.597,20.7453,20.379,20.5921,21.3299
0.3264,4.4689,4.4167,4.2734,4.0759,3.875,3.7224,3.6572,3.6963,3.8297
0.3268,-16.0324,-15.8445,-15.3294,-14.6198,-13.8986,-13.3517,-13.1202,-13.2636,-13.7451
0.3272,-36.2859,-35.8597,-34.6912,-33.0825,-31.4491,-30.2131,-29.6939,-30.0257,-31.1227
0.3276,-55.9785,-55.3194,-53.5129,-51.027,-48.5054,-46.6013,-45.808,-46.3308,-48.0344
0.328,-74.8058,-73.923,-71.5037,-68.1762,-64.8042,-62.2634,-61.2133,-61.9267,-64.2182
0.3284,-92.4768,-91.3828,-88.3857,-84.2653,-80.094,-76.9575,-75.6719,-76.572,-79.4233
0.3288,-108.7184,-107.4293,-103.8981,-99.0461,-94.139,-90.4569,-88.9605,-90.04,-93.4139
0.3292,-123.2796,-121.8142,-117.8015,-112.2906,-106.7226,-102.5536,-100.8736,-102.122,-105.9724
0.3296,-135.9351,-134.3156,-129.8814,-123.7948,-117.6512,-113.061,-111.2273,-112.6307,-116.9034
0.33,-146.4895,-144.7401,-139.9513,-133.3815,-126.7567,-121.8175,-119.8616,-121.403,-126.0366
0.3304,-154.7796,-152.9268,-147.8562,-140.9033,-133.8991,-128.6883,-126.6433,-128.3025,-133.229
0.3308,-160.6773,-158.7493,-153.4742,-146.2446,-138.969,-133.568,-131.4674,-133.2217,-138.3678
0.3312,-164.0913,-162.1177,-156.719,-149.3239,-141.889,-136.3818,-134.2595,-136.0837,-141.3716
0.3316,-164.9689,-162.9801,-157.541,-150.0942,-142.6151,-137.0871,-134.9766,-136.8433,-142.1921
0.332,-163.2966,-161.3233,-155.9278,-148.5447,-141.1369,-135.6736,-133.6075,-135.4878,-140.8145
0.3324,-159.1002,-157.173,-151.9051,-144.7001,-137.4783,-132.164,-130.1734,-132.0371,-137.2583
0.3328,-152.4445,-150.5936,-145.5353,-138.6208,-131.6969,-126.6132,-124.7275,-126.5436,-131.5764
0.3332,-143.4325,-141.6869,-136.9176,-130.4014,-123.883,-119.1076,-117.3539,-119.0913,-123.8546
0.3336,-132.2034,-130.5907,-126.1855,-120.1698,-114.1583,-109.7641,-108.1665,-109.7943,-114.2106
0.334,-118.9309,-117.4767,-113.5053,-108.085,-102.6738,-98.7274,-97.3073,-98.7955,-102.7916
0.3344,-103.82,-102.5476,-99.0735,-94.3343,-89.608,-86.1688,-84.9441,-86.264,-89.7727
0.3348,-87.1043,-86.0343,-83.1134,-79.131,-75.1634,-72.2829,-71.2679,-72.3928,-75.3535
0.3352,-69.0422,-68.1921,-65.872,-62.7105,-59.5639,-57.2846,-56.4901,-57.3956,-59.7557
0.3356,-49.913,-49.297,-47.6162,-45.327,-43.0509,-41.4061,-40.8389,-41.5036,-43.2195
0.336,-30.0122,-29.641,-28.6282,-27.2496,-25.8803,-24.8929,-24.5563,-24.962,-25.9996
0.3364,-9.6476,-9.5279,-9.2017,-8.7578,-8.3174,-8.0006,-7.8938,-8.0262,-8.3616
0.3368,10.8662,10.7312,10.363,9.8623,9.366,9.0098,8.8911,9.0423,9.4222
0.3372,31.2121,30.8232,29.7634,28.3229,26.8966,25.8753,25.539,25.9798,27.0769
0.3376,51.0754,50.4377,48.6997,46.3389,44.0037,42.3355,41.7927,42.5244,44.3294
0.338,70.1493,69.2714,66.8794,63.6319,60.423,58.1362,57.4011,58.4201,60.9127
0.3384,88.1389,87.0333,84.0217,79.935,75.9011,73.0333,72.1228,73.421,76.5696
0.3388,104.7661,103.4489,99.8617,94.9966,90.1994,86.797,85.7304,87.2947,91.0573
0.3392,119.774,118.2646,114.155,108.5844,103.0973,99.2149,98.0135,99.8262,104.1505
0.3396,132.9304,131.2514,126.6809,120.489,114.3963,110.0957,108.7823,110.8211,115.6456
0.34,144.0321,142.2087,137.2463,130.527,123.9223,119.2716,117.8703,120.1087,125.3632
0.3404,152.9075,150.9673,145.6883,138.544,131.529,126.6015,125.137,127.5443,133.1515
0.3408,159.4194,157.3919,151.8767,144.4169,137.0998,131.9726,130.4699,133.0123,138.8882
0.3412,163.4671,161.3834,155.7165,148.0557,140.5494,135.3026,133.7867,136.4268,142.4826
0.3416,164.9881,162.8802,157.1488,149.405,141.8255,136.5405,135.0358,137.7341,143.8771
0.342,163.9588,161.8592,156.152,148.4449,140.9093,135.6681,134.1978,136.9128,143.048
0.3424,160.3952,158.3366,152.7419,145.191,137.816,132.6993,131.2856,133.9743,140.006
0.3428,154.3523,152.3667,146.9719,139.6945,132.5943,127.6806,126.3441,128.963,134.7961
0.3432,145.9236,144.0422,138.9315,132.0413,125.3259,120.6903,119.4494,121.9551,127.4966
0.3436,135.2393,133.4917,128.7455,122.3503,116.124,111.837,110.7079,113.0578,118.2185
0.344,122.4646,120.8784,116.5719,110.7721,105.1317,101.2579,100.2545,102.4075,107.1033
0.3444,107.797,106.3976,102.5991,97.4864,92.5196,89.1171,88.2508,90.1679,94.3211
0.3448,91.4631,90.273,87.0436,82.6992,78.4833,75.6027,74.8819,76.5273,80.0679
0.3452,73.7154,72.7541,70.1461,66.6395,63.2403,60.9238,60.3545,61.6957,64.5627
0.3456,54.8283,54.1117,52.168,49.556,47.0268,45.3076,44.8928,45.9016,48.044
0.346,35.0937,34.634,33.3874,31.7131,30.0936,28.9957,28.7358,29.3887,30.7663
0.3464,14.8167,14.6222,14.0948,13.3868,12.7029,12.2404,12.133,12.4117,12.996
0.3468,-5.6893,-5.6145,-5.4116,-5.1393,-4.8766,-4.6994,-4.6591,-4.7673,-4.9927
0.3472,-26.1075,-25.7631,-24.8301,-23.5791,-22.373,-21.5618,-21.3809,-21.8827,-22.9217
0.3476,-46.122,-45.5124,-43.8608,-41.6474,-39.516,-38.0863,-37.774,-38.6701,-40.5138
0.348,-65.4237,-64.557,-62.2095,-59.0653,-56.0409,-54.0176,-53.5852,-54.8696,-57.4966
0.3484,-83.7141,-82.6026,-79.5928,-75.5638,-71.6925,-69.1098,-68.5699,-70.2307,-73.6069
0.3488,-100.7105,-99.3703,-95.7422,-90.8883,-86.2295,-83.1298,-82.4966,-84.5152,-88.5948
0.3492,-116.1502,-114.6011,-110.4084,-104.8023,-99.4276,-95.8613,-95.1498,-97.5018,-102.2273
0.3496,-129.7945,-128.0596,-123.3651,-117.0914,-111.0834,-107.1079,-106.3339,-108.989,-114.2924
0.35,-141.4326,-139.5379,-134.4123,-127.5663,-121.0176,-116.6963,-115.8759,-118.7982,-124.6019
0.3504,-150.8846,-148.8587,-143.3797,-136.0658,-129.0774,-124.4787,-123.6281,-126.7767,-132.9947
0.3508,-158.0043,-155.8781,-150.1292,-142.4593,-135.139,-130.3353,-129.4704,-132.8002,-139.3391
0.3512,-162.6817,-160.4877,-154.5569,-146.6487,-139.1096,-134.1762,-133.3124,-136.7743,-143.5349
0.3516,-164.8445,-162.6164,-156.5948,-148.5702,-140.9287,-135.9425,-135.0943,-138.6362,-145.5152
0.352,-164.4592,-162.2315,-156.2121,-148.1949,-140.5692,-135.6075,-134.7883,-138.356,-145.2471
0.3524,-161.5319,-159.339,-153.4151,-145.5296,-138.0376,-133.1768,-132.399,-135.9364,-142.7326
0.3528,-156.1078,-153.9838,-148.2476,-140.6162,-133.3739,-128.6886,-127.9628,-131.4136,-138.0083
0.3532,-148.2707,-146.2489,-140.7899,-133.5315,-126.6511,-122.2127,-121.548,-124.8562,-131.145
0.3536,-138.1418,-136.2539,-131.1579,-124.3859,-117.9739,-113.8498,-113.2535,-116.3642,-122.2468
0.354,-125.8775,-124.1535,-119.5008,-113.3214,-107.4773,-103.7294,-103.2071,-106.0677,-111.4492
0.3544,-111.6676,-110.1348,-105.9992,-100.5098,-95.3243,-92.0085,-91.5638,-94.1245,-98.9173
0.3548,-95.7316,-94.4146,-90.8623,-86.1498,-81.7033,-78.8685,-78.5033,-80.7184,-84.8432
0.3552,-78.3158,-77.2361,-74.3244,-70.4639,-66.8255,-64.5128,-64.2272,-66.0555,-69.443
0.3556,-59.6895,-58.8648,-56.6413,-53.6949,-50.9212,-49.1635,-48.9559,-50.3617,-52.9534
0.356,-40.1406,-39.5848,-38.0866,-36.1024,-34.2368,-33.0581,-32.9253,-33.8789,-35.6284
0.3564,-19.9712,-19.6941,-18.9472,-17.9587,-17.0303,-16.4455,-16.3828,-16.8614,-17.7352
0.3568,0.5068,0.4998,0.4808,0.4557,0.4321,0.4173,0.4158,0.4281,0.4503
0.3572,20.9771,20.6847,19.8972,18.8561,17.8805,17.2698,17.2111,17.7225,18.6471
0.3576,41.1231,40.5486,39.0018,36.958,35.0453,33.8515,33.7435,34.7545,36.5737
0.358,60.6334,59.7846,57.4995,54.482,51.6614,49.9064,49.7575,51.2605,53.9527
0.3584,79.2066,78.0953,75.1045,71.1574,67.4721,65.1863,65.0054,66.9852,70.5148
0.3588,96.5554,95.1978,91.5449,86.7267,82.2336,79.4554,79.2515,81.6849,86.003
0.3592,112.4117,110.8278,106.5669,100.9499,95.7182,92.4934,92.2754,95.1317,100.1768
0.3596,126.5305,124.7437,119.9385,113.6076,107.7179,104.0992,103.8756,107.1167,112.8156
0.36,138.6935,136.7307,131.4534,124.5047,118.048,114.0936,113.8726,117.4539,123.7224
0.3604,148.7127,146.6035,140.9342,133.4736,126.5496,122.3226,122.1115,125.9821,132.7268
0.3608,156.4332,154.2097,148.2347,140.3764,133.0921,128.6594,128.4646,132.5684,139.6877
0.3612,161.7356,159.4319,153.2425,145.1071,137.575,133.0066,132.8333,137.1096,144.4954
0.3616,164.5381,162.1894,155.8808,147.5935,139.9301,135.2972,135.1498,139.5341,147.0732
0.362,164.7973,162.4399,156.1093,147.7981,140.1218,135.4965,135.3777,139.8028,147.3792
0.3624,162.5093,160.1795,153.925,145.7184,138.1481,133.6016,133.513,137.9102,145.4063
0.3628,157.7092,155.4434,149.3622,141.3876,134.0402,129.6424,129.5842,133.8839,141.1826
0.3632,150.4715,148.305,142.4919,134.8733,127.8626,123.6804,123.6514,127.7848,134.7713
0.3636,140.9079,138.8747,133.4208,126.2772,119.7116,115.8082,115.8059,119.7055,126.2692
0.364,129.1662,127.2985,122.2896,115.7328,109.7139,106.1477,106.1685,109.7697,115.8058
0.3644,115.428,113.7554,109.2708,103.4038,98.0248,94.8486,94.8877,98.1296,103.5409
0.3648,99.9056,98.4548,94.566,89.4814,84.8256,82.0858,82.1374,84.9639,89.6623
0.3652,82.8389,81.6334,78.4029,74.1815,70.3208,68.0569,68.1144,70.4751,74.3831
0.3656,64.4918,63.5513,61.0315,57.7409,54.7352,52.9787,53.0351,54.8861,57.938
0.366,45.1479,44.4881,42.7208,40.4142,38.31,37.0846,37.1322,38.4373,40.5803
0.3664,25.1061,24.7384,23.7538,22.4695,21.2993,20.6203,20.6513,21.3821,22.5775
0.3668,4.6762,4.6075,4.4238,4.1843,3.9663,3.8403,3.8469,3.984,4.2073
0.3672,-15.826,-15.5932,-14.9703,-14.1586,-13.421,-12.996,-13.0212,-13.4884,-14.2465
0.3676,-36.0836,-35.5517,-34.1287,-32.2758,-30.594,-29.6286,-29.6925,-30.7651,-32.4986
0.368,-55.7834,-54.9594,-52.7554,-49.8874,-47.2874,-45.8003,-45.9092,-47.5788,-50.2666
0.3684,-74.6209,-73.5164,-70.5626,-66.7213,-63.2434,-61.2613,-61.4206,-63.6693,-67.2752
0.3688,-92.305,-90.9359,-87.2753,-82.5177,-78.2157,-75.773,-75.9867,-78.7872,-83.2605
0.3692,-108.5624,-106.9487,-102.6354,-97.0329,-91.9733,-89.1111,-89.3823,-92.6981,-97.9744
0.3696,-123.1416,-121.3074,-116.4058,-110.043,-104.3042,-101.0698,-101.3999,-105.1861,-111.1879
0.37,-135.8175,-133.7902,-128.3741,-121.3476,-115.0183,-111.4646,-111.8534,-116.057,-122.6952
0.3704,-146.394,-144.2042,-138.3556,-130.7726,-123.9508,-120.1349,-120.5808,-125.1416,-132.3166
0.3708,-154.7077,-152.3887,-146.1965,-138.1731,-130.9642,-126.9472,-127.4468,-132.2981,-139.9014
0.3712,-160.63,-158.2172,-151.7761,-143.4353,-135.951,-131.7965,-132.3447,-137.4143,-145.3302
0.3716,-164.0694,-161.5998,-155.0088,-146.4789,-138.8349,-134.6081,-135.1982,-140.4097,-148.517
0.372,-164.9728,-162.4844,-155.8449,-147.2577,-139.5722,-135.339,-135.9627,-141.2364,-149.41
0.3724,-163.3262,-160.8575,-154.2722,-145.7603,-138.1523,-133.978,-134.6256,-139.8798,-147.9933
0.3728,-159.155,-156.7443,-150.3155,-142.011,-134.5979,-130.5466,-131.2072,-136.3594,-144.2864
0.3732,-152.5237,-150.2087,-144.0365,-136.0683,-128.9649,-125.0982,-125.7595,-130.7279,-138.3443
0.3736,-143.5349,-141.3517,-135.5327,-128.0251,-121.341,-117.7171,-118.3661,-123.0707,-130.2567
0.374,-132.3274,-130.3105,-124.9361,-118.0064,-111.8449,-108.5178,-109.1407,-113.5047,-120.1465
0.3744,-119.0745,-117.2558,-112.4109,-106.1677,-100.624,-97.6427,-98.2253,-102.1763,-108.1679
0.3748,-103.981,-102.3896,-98.1511,-92.6928,-87.8525,-85.2599,-85.7881,-89.2592,-94.5045
0.3752,-87.2803,-85.9417,-82.3776,-77.7905,-73.7281,-71.5612,-72.0209,-74.9521,-79.3657
0.3756,-69.2305,-68.1665,-65.3343,-61.6915,-58.4698,-56.7584,-57.1359,-59.4748,-62.9843
0.376,-50.1106,-49.3389,-47.2852,-44.6453,-42.3137,-41.0803,-41.363,-43.066,-45.6123
0.3764,-30.2161,-29.7498,-28.5092,-26.9155,-25.5098,-24.7693,-24.9454,-25.9784,-27.5175
0.3768,-9.8545,-9.7022,-9.2968,-8.7765,-8.3181,-8.0776,-8.1369,-8.4758,-8.9789
0.3772,10.6593,10.4941,10.0549,9.4914,8.9957,8.7368,8.8029,9.1716,9.7171
0.3776,31.0084,30.5269,29.2469,27.6057,26.1639,25.414,25.6123,26.691,28.2816
0.378,50.8782,50.0866,47.9826,45.2866,42.9213,41.6965,42.0315,43.8115,46.4273
0.3784,69.9616,68.8708,65.9725,62.2609,59.0091,57.3326,57.8065,60.2681,63.8731
0.3788,87.9636,86.5892,82.9387,78.2666,74.179,72.0808,72.6932,75.8058,80.3486
0.3792,104.6059,102.9682,98.6192,93.0568,88.1968,85.7132,86.4614,90.1836,95.5979
0.3796,119.6313,117.7545,112.772,106.4033,100.8465,98.0194,98.8978,103.1785,109.384
0.38,132.8075,130.7197,125.1786,118.1003,111.9329,108.8093,109.8097,114.5882,121.4922
0.3804,143.9309,141.6637,135.6477,127.9679,121.2855,117.9164,119.028,124.2352,131.7335
0.3808,152.8295,150.4172,144.018,135.854,128.7602,125.2,126.4096,131.969,139.9477
0.3812,159.3658,156.8452,150.1605,141.6377,134.2424,130.5479,131.8397,137.6683,146.0057
0.3816,163.4388,160.8485,153.9808,145.2303,137.648,133.8775,135.2337,141.2435,149.8116
0.382,164.9855,162.3654,155.4205,146.5771,138.9251,135.1378,136.5384,142.6376,151.3045
0.3824,163.982,161.3725,154.4576,145.6582,138.0548,134.3092,135.7328,141.8272,150.4588
0.3828,160.4437,157.8854,151.1078,142.4886,135.0513,131.405,132.8288,138.8231,147.2853
0.3832,154.4255,151.9581,145.4233,137.1181,129.9619,126.4702,127.8703,133.6701,141.8309
0.3836,146.0203,143.6825,137.4925,129.6306,122.8659,119.5811,120.9332,126.4459,134.1775
0.384,135.358,133.1865,127.4385,120.1425,113.8737,110.8445,112.124,117.2606,124.4415
0.3844,122.6035,120.6326,115.4171,108.8013,103.125,100.3955,101.5781,106.2547,112.7712
0.3848,107.9539,106.215,101.6146,95.7829,90.7864,88.3957,89.458,93.5967,99.3454
0.3852,91.6356,90.1566,86.2448,81.2892,77.0493,75.0308,75.9502,79.4812,84.3699
0.3856,73.9008,72.7057,69.5455,65.5446,62.1264,60.5073,61.2631,64.125,68.0748
0.386,55.0238,54.1322,51.7751,48.7929,46.2488,45.0497,45.6232,47.7647,50.7109
0.3864,35.2963,34.7232,33.2086,31.2935,29.6621,28.8971,29.2718,30.6524,32.5457
0.3868,15.0232,14.7788,14.133,13.317,12.6228,12.299,12.4615,13.052,13.8592
0.3872,-5.4821,-5.3927,-5.1567,-4.8586,-4.6054,-4.4879,-4.5482,-4.7648,-5.0598
0.3876,-25.9027,-25.4796,-24.3622,-22.9523,-21.7564,-21.2043,-21.4945,-22.5226,-23.9192
0.388,-45.9229,-45.1712,-43.1869,-40.6845,-38.565,-37.5918,-38.1152,-39.9468,-42.4271
0.3884,-65.2333,-64.1634,-61.3398,-57.7813,-54.7718,-53.3973,-54.1536,-56.7679,-60.2969
0.3888,-83.5353,-82.1625,-78.5405,-73.9788,-70.1265,-68.3764,-69.3613,-72.7251,-77.2515
0.3892,-100.5461,-98.8905,-94.5234,-89.0269,-84.392,-82.2979,-83.5031,-87.571,-93.028
0.3896,-116.0028,-114.0889,-109.0418,-102.6935,-97.3484,-94.9465,-96.3598,-101.0751,-107.3811
0.39,-129.6664,-127.5228,-121.8715,-114.768,-108.7958,-106.127,-107.7322,-113.0277,-120.0874
0.3904,-141.3257,-138.9847,-132.8148,-125.0644,-118.558,-115.6666,-117.444,-123.2424,-130.9488
0.3908,-150.8005,-148.2976,-141.7028,-133.4241,-126.4845,-123.418,-125.3443,-131.56,-139.7955
0.3912,-157.9444,-155.3177,-148.3986,-139.7187,-132.4536,-129.2615,-131.3102,-137.8502,-146.4887
0.3916,-162.6469,-159.9366,-152.7994,-143.8517,-136.3738,-133.1069,-135.2488,-142.0141,-150.9229
0.392,-164.8353,-162.0832,-154.8376,-145.7601,-138.185,-134.8948,-137.0981,-143.9856,-153.0272
0.3924,-164.4759,-161.7243,-154.4822,-145.4151,-137.8601,-134.5978,-136.8289,-143.7321,-152.7669
0.3928,-161.5741,-158.8657,-151.7394,-142.823,-135.4049,-132.2205,-134.4442,-141.256,-150.1438
0.3932,-156.1748,-153.5518,-146.6519,-138.0247,-130.8579,-127.7997,-129.9801,-136.5934,-145.196
0.3936,-148.3616,-145.8648,-139.299,-131.095,-124.2901,-121.4038,-123.5045,-129.8147,-137.998
0.394,-138.255,-135.9238,-129.7949,-122.142,-115.8038,-113.1317,-115.1169,-121.0229,-128.6589
0.3944,-126.0115,-123.8825,-118.287,-111.3046,-105.5307,-103.1114,-104.9458,-110.3522,-117.321
0.3948,-111.8201,-109.9272,-104.9535,-98.7512,-93.6302,-91.4977,-93.1478,-97.966,-104.158
0.3952,-95.9004,-94.2738,-90.001,-84.6763,-80.2867,-78.4701,-79.9044,-84.0544,-89.3715
0.3956,-78.4983,-77.1642,-73.6609,-69.298,-65.7069,-64.2301,-65.4198,-68.8312,-73.1888
0.396,-59.8828,-58.8631,-56.1861,-52.8545,-50.1165,-48.9977,-49.9172,-52.5306,-55.8589
0.3964,-40.3417,-39.6534,-37.8469,-35.6003,-33.7568,-33.0083,-33.6358,-35.4038,-37.6487
0.3968,-20.177,-19.8321,-18.9271,-17.8023,-16.8808,-16.5091,-16.827,-17.7149,-18.839
0.3972,0.2995,0.2944,0.2809,0.2642,0.2505,0.2451,0.2498,0.2631,0.2798
0.3976,20.7714,20.4149,19.4801,18.3199,17.3723,16.9951,17.3307,18.2524,19.4122
0.398,40.9222,40.2186,38.3739,36.0858,34.2201,33.4823,34.1517,35.9749,38.2624
0.3984,60.4405,59.3993,56.6701,53.2875,50.5334,49.4518,50.4525,53.1564,56.5385
0.3988,79.0246,77.6605,74.0863,69.6592,66.0605,64.6568,65.9811,69.5306,73.9573
0.3992,96.3872,94.7202,90.3534,84.9484,80.5617,78.8624,80.4971,84.8437,90.2485
0.3996,112.2599,110.3146,105.2203,98.9191,93.8131,91.849,93.7755,98.8581,105.1592
0.4,126.3973,124.2028,118.4575,111.3559,105.6105,103.416,105.6105,111.3559,118.4575
