time(s),1.33%,2.33%,3.33%,4.33%,5.33%,6.33%
0.0002,35.7561,36.1207,36.4852,36.8497,37.2143,37.5788
0.0004,45.0599,45.589,46.1181,46.6472,47.1763,47.7054
0.0006,54.1731,54.8552,55.5372,56.2192,56.9012,57.5833
0.0008,63.0558,63.8755,64.6952,65.5149,66.3346,67.1543
0.001,71.6696,72.6086,73.5475,74.4865,75.4255,76.3645
0.0012,79.9776,81.015,82.0524,83.0898,84.1272,85.1645
0.0014,87.9452,89.0583,90.1713,91.2844,92.3974,93.5105
0.0016,95.5398,96.7046,97.8695,99.0343,100.1992,101.364
0.0018,102.7311,103.9234,105.1156,106.3079,107.5002,108.6924
0.002,109.4911,110.6866,111.8822,113.0777,114.2733,115.4688
0.0022,115.7942,116.9697,118.1451,119.3206,120.4961,121.6716
0.0024,121.6172,122.7506,123.884,125.0175,126.1509,127.2843
0.0026,126.9393,128.0104,129.0816,130.1527,131.2239,132.295
0.0028,131.742,132.7327,133.7235,134.7143,135.7051,136.6959
0.003,136.0091,136.9038,137.7985,138.6933,139.588,140.4827
0.0032,139.7267,140.5123,141.2979,142.0834,142.869,143.6546
0.0034,142.8831,143.5491,144.2151,144.8811,145.5471,146.2131
0.0036,145.4689,146.0075,146.5462,147.0848,147.6234,148.1621
0.0038,147.4765,147.8827,148.2889,148.6952,149.1014,149.5076
0.004,148.9009,149.1721,149.4433,149.7146,149.9858,150.257
0.0042,149.7389,149.875,150.0111,150.1471,150.2832,150.4193
0.0044,149.9894,149.9925,149.9955,149.9986,150.0016,150.0047
0.0046,149.6536,149.5277,149.4019,149.276,149.1502,149.0244
0.0048,148.7344,148.4856,148.2369,147.9882,147.7394,147.4907
0.005,147.237,146.873,146.5089,146.1449,145.7809,145.4168
0.0052,145.1686,144.6983,144.2279,143.7576,143.2873,142.817
0.0054,142.5384,141.9719,141.4054,140.839,140.2725,139.7061
0.0056,139.3574,138.7059,138.0545,137.403,136.7515,136.1001
0.0058,135.6388,134.9142,134.1896,133.465,132.7404,132.0158
0.006,131.3977,130.6123,129.827,129.0417,128.2563,127.471
0.0062,126.6508,125.8175,124.9842,124.1509,123.3176,122.4843
0.0064,121.4169,120.5485,119.6802,118.8119,117.9435,117.0752
0.0066,115.7164,114.826,113.9356,113.0451,112.1547,111.2643
0.0068,109.5716,108.6719,107.7721,106.8724,105.9726,105.0729
0.007,103.0063,102.1097,101.2132,100.3166,99.42,98.5235
0.0072,96.0458,95.1645,94.2832,93.4019,92.5206,91.6392
0.0074,88.717,87.8625,87.008,86.1534,85.2989,84.4444
0.0076,81.0481,80.2313,79.4144,78.5976,77.7808,76.9639
0.0078,73.0685,72.2996,71.5306,70.7616,69.9926,69.2237
0.008,64.809,64.0972,63.3855,62.6737,61.9619,61.2502
0.0082,56.3012,55.6551,55.009,54.3629,53.7168,53.0707
0.0084,47.5779,47.005,46.4321,45.8592,45.2862,44.7133
0.0086,38.6724,38.1792,37.686,37.1928,36.6996,36.2064
0.0088,29.619,29.211,28.803,28.395,27.987,27.579
0.009,20.4525,20.1341,19.8157,19.4973,19.1789,18.8605
0.0092,11.208,10.9825,10.7571,10.5316,10.3061,10.0807
0.0094,1.921,1.7907,1.6604,1.5301,1.3998,1.2694
0.0096,-7.3728,-7.4068,-7.4409,-7.4749,-7.509,-7.5431
0.0098,-16.6376,-16.5754,-16.5133,-16.4511,-16.3889,-16.3267
0.01,-25.838,-25.6807,-25.5233,-25.366,-25.2087,-25.0514
0.0102,-34.9385,-34.6882,-34.4379,-34.1876,-33.9374,-33.6871
0.0104,-43.904,-43.5641,-43.2241,-42.8841,-42.5441,-42.2041
0.0106,-52.7002,-52.2748,-51.8494,-51.424,-50.9986,-50.5732
0.0108,-61.2932,-60.7876,-60.282,-59.7764,-59.2708,-58.7652
0.011,-69.6499,-69.0703,-68.4907,-67.9111,-67.3315,-66.7519
0.0112,-77.738,-77.0915,-76.445,-75.7985,-75.152,-74.5055
0.0114,-85.5265,-84.821,-84.1154,-83.4099,-82.7044,-81.9988
0.0116,-92.9852,-92.2293,-91.4734,-90.7175,-89.9616,-89.2057
0.0118,-100.0854,-99.2884,-98.4915,-97.6945,-96.8975,-96.1006
0.012,-106.7996,-105.9715,-105.1434,-104.3153,-103.4872,-102.6591
0.0122,-113.1019,-112.2531,-111.4043,-110.5555,-109.7067,-108.8579
0.0124,-118.9677,-118.1091,-117.2504,-116.3918,-115.5331,-114.6745
0.0126,-124.3744,-123.517,-122.6597,-121.8024,-120.945,-120.0877
0.0128,-129.3008,-128.4562,-127.6115,-126.7668,-125.9222,-125.0775
0.013,-133.7278,-132.9073,-132.0868,-131.2662,-130.4457,-129.6252
0.0132,-137.6379,-136.853,-136.068,-135.2831,-134.4981,-133.7132
0.0134,-141.0157,-140.2777,-139.5396,-138.8015,-138.0634,-137.3253
0.0136,-143.8478,-143.1676,-142.4874,-141.8072,-141.127,-140.4468
0.0138,-146.1227,-145.511,-144.8993,-144.2876,-143.6759,-143.0642
0.014,-147.8311,-147.2979,-146.7648,-146.2316,-145.6984,-145.1653
0.0142,-148.9657,-148.5205,-148.0752,-147.6299,-147.1847,-146.7394
0.0144,-149.5214,-149.1726,-148.8238,-148.4749,-148.1261,-147.7772
0.0146,-149.4952,-149.2504,-149.0055,-148.7606,-148.5157,-148.2709
0.0148,-148.8863,-148.7518,-148.6172,-148.4827,-148.3482,-148.2137
0.015,-147.6958,-147.6768,-147.6577,-147.6386,-147.6196,-147.6005
0.0152,-145.9272,-146.0273,-146.1274,-146.2274,-146.3275,-146.4276
0.0154,-143.5861,-143.8073,-144.0286,-144.2499,-144.4712,-144.6924
0.0156,-140.6798,-141.0227,-141.3655,-141.7084,-142.0512,-142.3941
0.0158,-137.2182,-137.6812,-138.1441,-138.607,-139.0699,-139.5329
0.016,-133.2129,-133.7925,-134.372,-134.9516,-135.5311,-136.1107
0.0162,-128.6776,-129.3683,-130.0589,-130.7496,-131.4402,-132.1309
0.0164,-123.6279,-124.422,-125.2162,-126.0103,-126.8044,-127.5985
0.0166,-118.0814,-118.9692,-119.857,-120.7448,-121.6326,-122.5204
0.0168,-112.0577,-113.0272,-113.9967,-114.9661,-115.9356,-116.9051
0.017,-105.5781,-106.6152,-107.6522,-108.6893,-109.7264,-110.7635
0.0172,-98.6658,-99.7544,-100.843,-101.9316,-103.0202,-104.1088
0.0174,-91.3461,-92.4682,-93.5904,-94.7126,-95.8348,-96.957
0.0176,-83.6457,-84.7819,-85.9182,-87.0544,-88.1907,-89.3269
0.0178,-75.5935,-76.723,-77.8525,-78.982,-80.1115,-81.241
0.018,-67.22,-68.321,-69.422,-70.5231,-71.6241,-72.7251
0.0182,-58.5575,-59.6079,-60.6583,-61.7087,-62.759,-63.8094
0.0184,-49.6401,-50.6178,-51.5954,-52.5731,-53.5507,-54.5284
0.0186,-40.5035,-41.387,-42.2705,-43.154,-44.0375,-44.9211
0.0188,-31.1848,-31.9541,-32.7233,-33.4926,-34.2619,-35.0312
0.019,-21.7229,-22.3597,-22.9965,-23.6333,-24.2701,-24.9069
0.0192,-12.1578,-12.6464,-13.1351,-13.6237,-14.1124,-14.601
0.0194,-2.5305,-2.8584,-3.1863,-3.5142,-3.8421,-4.17
0.0196,7.1171,6.9589,6.8008,6.6426,6.4845,6.3263
0.0198,16.7425,16.7591,16.7758,16.7924,16.809,16.8257
0.02,26.303,26.4953,26.6876,26.8799,27.0722,27.2645
0.0202,35.7561,36.1207,36.4852,36.8497,37.2143,37.5788
0.0204,45.0599,45.589,46.1181,46.6472,47.1763,47.7054
0.0206,54.1731,54.8552,55.5372,56.2192,56.9012,57.5833
0.0208,63.0558,63.8755,64.6952,65.5149,66.3346,67.1543
0.021,71.6696,72.6086,73.5475,74.4865,75.4255,76.3645
0.0212,79.9776,81.015,82.0524,83.0898,84.1272,85.1645
0.0214,87.9452,89.0583,90.1713,91.2844,92.3974,93.5105
0.0216,95.5398,96.7046,97.8695,99.0343,100.1992,101.364
0.0218,102.7311,103.9234,105.1156,106.3079,107.5002,108.6924
0.022,109.4911,110.6866,111.8822,113.0777,114.2733,115.4688
0.0222,115.7942,116.9697,118.1451,119.3206,120.4961,121.6716
0.0224,121.6172,122.7506,123.884,125.0175,126.1509,127.2843
0.0226,126.9393,128.0104,129.0816,130.1527,131.2239,132.295
0.0228,131.742,132.7327,133.7235,134.7143,135.7051,136.6959
0.023,136.0091,136.9038,137.7985,138.6933,139.588,140.4827
0.0232,139.7267,140.5123,141.2979,142.0834,142.869,143.6546
0.0234,142.8831,143.5491,144.2151,144.8811,145.5471,146.2131
0.0236,145.4689,146.0075,146.5462,147.0848,147.6234,148.1621
0.0238,147.4765,147.8827,148.2889,148.6952,149.1014,149.5076
0.024,148.9009,149.1721,149.4433,149.7146,149.9858,150.257
0.0242,149.7389,149.875,150.0111,150.1471,150.2832,150.4193
0.0244,149.9894,149.9925,149.9955,149.9986,150.0016,150.0047
0.0246,149.6536,149.5277,149.4019,149.276,149.1502,149.0244
0.0248,148.7344,148.4856,148.2369,147.9882,147.7394,147.4907
0.025,147.237,146.873,146.5089,146.1449,145.7809,145.4168
0.0252,145.1686,144.6983,144.2279,143.7576,143.2873,142.817
0.0254,142.5384,141.9719,141.4054,140.839,140.2725,139.7061
0.0256,139.3574,138.7059,138.0545,137.403,136.7515,136.1001
0.0258,135.6388,134.9142,134.1896,133.465,132.7404,132.0158
0.026,131.3977,130.6123,129.827,129.0417,128.2563,127.471
0.0262,126.6508,125.8175,124.9842,124.1509,123.3176,122.4843
0.0264,121.4169,120.5485,119.6802,118.8119,117.9435,117.0752
0.0266,115.7164,114.826,113.9356,113.0451,112.1547,111.2643
0.0268,109.5716,108.6719,107.7721,106.8724,105.9726,105.0729
0.027,103.0063,102.1097,101.2132,100.3166,99.42,98.5235
0.0272,96.0458,95.1645,94.2832,93.4019,92.5206,91.6392
0.0274,88.717,87.8625,87.008,86.1534,85.2989,84.4444
0.0276,81.0481,80.2313,79.4144,78.5976,77.7808,76.9639
0.0278,73.0685,72.2996,71.5306,70.7616,69.9926,69.2237
0.028,64.809,64.0972,63.3855,62.6737,61.9619,61.2502
0.0282,56.3012,55.6551,55.009,54.3629,53.7168,53.0707
0.0284,47.5779,47.005,46.4321,45.8592,45.2862,44.7133
0.0286,38.6724,38.1792,37.686,37.1928,36.6996,36.2064
0.0288,29.619,29.211,28.803,28.395,27.987,27.579
0.029,20.4525,20.1341,19.8157,19.4973,19.1789,18.8605
0.0292,11.208,10.9825,10.7571,10.5316,10.3061,10.0807
0.0294,1.921,1.7907,1.6604,1.5301,1.3998,1.2694
0.0296,-7.3728,-7.4068,-7.4409,-7.4749,-7.509,-7.5431
0.0298,-16.6376,-16.5754,-16.5133,-16.4511,-16.3889,-16.3267
0.03,-25.838,-25.6807,-25.5233,-25.366,-25.2087,-25.0514
0.0302,-34.9385,-34.6882,-34.4379,-34.1876,-33.9374,-33.6871
0.0304,-43.904,-43.5641,-43.2241,-42.8841,-42.5441,-42.2041
0.0306,-52.7002,-52.2748,-51.8494,-51.424,-50.9986,-50.5732
0.0308,-61.2932,-60.7876,-60.282,-59.7764,-59.2708,-58.7652
0.031,-69.6499,-69.0703,-68.4907,-67.9111,-67.3315,-66.7519
0.0312,-77.738,-77.0915,-76.445,-75.7985,-75.152,-74.5055
0.0314,-85.5265,-84.821,-84.1154,-83.4099,-82.7044,-81.9988
0.0316,-92.9852,-92.2293,-91.4734,-90.7175,-89.9616,-89.2057
0.0318,-100.0854,-99.2884,-98.4915,-97.6945,-96.8975,-96.1006
0.032,-106.7996,-105.9715,-105.1434,-104.3153,-103.4872,-102.6591
0.0322,-113.1019,-112.2531,-111.4043,-110.5555,-109.7067,-108.8579
0.0324,-118.9677,-118.1091,-117.2504,-116.3918,-115.5331,-114.6745
0.0326,-124.3744,-123.517,-122.6597,-121.8024,-120.945,-120.0877
0.0328,-129.3008,-128.4562,-127.6115,-126.7668,-125.9222,-125.0775
0.033,-133.7278,-132.9073,-132.0868,-131.2662,-130.4457,-129.6252
0.0332,-137.6379,-136.853,-136.068,-135.2831,-134.4981,-133.7132
0.0334,-141.0157,-140.2777,-139.5396,-138.8015,-138.0634,-137.3253
0.0336,-143.8478,-143.1676,-142.4874,-141.8072,-141.127,-140.4468
0.0338,-146.1227,-145.511,-144.8993,-144.2876,-143.6759,-143.0642
0.034,-147.8311,-147.2979,-146.7648,-146.2316,-145.6984,-145.1653
0.0342,-148.9657,-148.5205,-148.0752,-147.6299,-147.1847,-146.7394
0.0344,-149.5214,-149.1726,-148.8238,-148.4749,-148.1261,-147.7772
0.0346,-149.4952,-149.2504,-149.0055,-148.7606,-148.5157,-148.2709
0.0348,-148.8863,-148.7518,-148.6172,-148.4827,-148.3482,-148.2137
0.035,-147.6958,-147.6768,-147.6577,-147.6386,-147.6196,-147.6005
0.0352,-145.9272,-146.0273,-146.1274,-146.2274,-146.3275,-146.4276
0.0354,-143.5861,-143.8073,-144.0286,-144.2499,-144.4712,-144.6924
0.0356,-140.6798,-141.0227,-141.3655,-141.7084,-142.0512,-142.3941
0.0358,-137.2182,-137.6812,-138.1441,-138.607,-139.0699,-139.5329
0.036,-133.2129,-133.7925,-134.372,-134.9516,-135.5311,-136.1107
0.0362,-128.6776,-129.3683,-130.0589,-130.7496,-131.4402,-132.1309
0.0364,-123.6279,-124.422,-125.2162,-126.0103,-126.8044,-127.5985
0.0366,-118.0814,-118.9692,-119.857,-120.7448,-121.6326,-122.5204
0.0368,-112.0577,-113.0272,-113.9967,-114.9661,-115.9356,-116.9051
0.037,-105.5781,-106.6152,-107.6522,-108.6893,-109.7264,-110.7635
0.0372,-98.6658,-99.7544,-100.843,-101.9316,-103.0202,-104.1088
0.0374,-91.3461,-92.4682,-93.5904,-94.7126,-95.8348,-96.957
0.0376,-83.6457,-84.7819,-85.9182,-87.0544,-88.1907,-89.3269
0.0378,-75.5935,-76.723,-77.8525,-78.982,-80.1115,-81.241
0.038,-67.22,-68.321,-69.422,-70.5231,-71.6241,-72.7251
0.0382,-58.5575,-59.6079,-60.6583,-61.7087,-62.759,-63.8094
0.0384,-49.6401,-50.6178,-51.5954,-52.5731,-53.5507,-54.5284
0.0386,-40.5035,-41.387,-42.2705,-43.154,-44.0375,-44.9211
0.0388,-31.1848,-31.9541,-32.7233,-33.4926,-34.2619,-35.0312
0.039,-21.7229,-22.3597,-22.9965,-23.6333,-24.2701,-24.9069
0.0392,-12.1578,-12.6464,-13.1351,-13.6237,-14.1124,-14.601
0.0394,-2.5305,-2.8584,-3.1863,-3.5142,-3.8421,-4.17
0.0396,7.1171,6.9589,6.8008,6.6426,6.4845,6.3263
0.0398,16.7425,16.7591,16.7758,16.7924,16.809,16.8257
0.04,26.303,26.4953,26.6876,26.8799,27.0722,27.2645
0.0402,35.7561,36.1207,36.4852,36.8497,37.2143,37.5788
0.0404,45.0599,45.589,46.1181,46.6472,47.1763,47.7054
0.0406,54.1731,54.8552,55.5372,56.2192,56.9012,57.5833
0.0408,63.0558,63.8755,64.6952,65.5149,66.3346,67.1543
0.041,71.6696,72.6086,73.5475,74.4865,75.4255,76.3645
0.0412,79.9776,81.015,82.0524,83.0898,84.1272,85.1645
0.0414,87.9452,89.0583,90.1713,91.2844,92.3974,93.5105
0.0416,95.5398,96.7046,97.8695,99.0343,100.1992,101.364
0.0418,102.7311,103.9234,105.1156,106.3079,107.5002,108.6924
0.042,109.4911,110.6866,111.8822,113.0777,114.2733,115.4688
0.0422,115.7942,116.9697,118.1451,119.3206,120.4961,121.6716
0.0424,121.6172,122.7506,123.884,125.0175,126.1509,127.2843
0.0426,126.9393,128.0104,129.0816,130.1527,131.2239,132.295
0.0428,131.742,132.7327,133.7235,134.7143,135.7051,136.6959
0.043,136.0091,136.9038,137.7985,138.6933,139.588,140.4827
0.0432,139.7267,140.5123,141.2979,142.0834,142.869,143.6546
0.0434,142.8831,143.5491,144.2151,144.8811,145.5471,146.2131
0.0436,145.4689,146.0075,146.5462,147.0848,147.6234,148.1621
0.0438,147.4765,147.8827,148.2889,148.6952,149.1014,149.5076
0.044,148.9009,149.1721,149.4433,149.7146,149.9858,150.257
0.0442,149.7389,149.875,150.0111,150.1471,150.2832,150.4193
0.0444,149.9894,149.9925,149.9955,149.9986,150.0016,150.0047
0.0446,149.6536,149.5277,149.4019,149.276,149.1502,149.0244
0.0448,148.7344,148.4856,148.2369,147.9882,147.7394,147.4907
0.045,147.237,146.873,146.5089,146.1449,145.7809,145.4168
0.0452,145.1686,144.6983,144.2279,143.7576,143.2873,142.817
0.0454,142.5384,141.9719,141.4054,140.839,140.2725,139.7061
0.0456,139.3574,138.7059,138.0545,137.403,136.7515,136.1001
0.0458,135.6388,134.9142,134.1896,133.465,132.7404,132.0158
0.046,131.3977,130.6123,129.827,129.0417,128.2563,127.471
0.0462,126.6508,125.8175,124.9842,124.1509,123.3176,122.4843
0.0464,121.4169,120.5485,119.6802,118.8119,117.9435,117.0752
0.0466,115.7164,114.826,113.9356,113.0451,112.1547,111.2643
0.0468,109.5716,108.6719,107.7721,106.8724,105.9726,105.0729
0.047,103.0063,102.1097,101.2132,100.3166,99.42,98.5235
0.0472,96.0458,95.1645,94.2832,93.4019,92.5206,91.6392
0.0474,88.717,87.8625,87.008,86.1534,85.2989,84.4444
0.0476,81.0481,80.2313,79.4144,78.5976,77.7808,76.9639
0.0478,73.0685,72.2996,71.5306,70.7616,69.9926,69.2237
0.048,64.809,64.0972,63.3855,62.6737,61.9619,61.2502
0.0482,56.3012,55.6551,55.009,54.3629,53.7168,53.0707
0.0484,47.5779,47.005,46.4321,45.8592,45.2862,44.7133
0.0486,38.6724,38.1792,37.686,37.1928,36.6996,36.2064
0.0488,29.619,29.211,28.803,28.395,27.987,27.579
0.049,20.4525,20.1341,19.8157,19.4973,19.1789,18.8605
0.0492,11.208,10.9825,10.7571,10.5316,10.3061,10.0807
0.0494,1.921,1.7907,1.6604,1.5301,1.3998,1.2694
0.0496,-7.3728,-7.4068,-7.4409,-7.4749,-7.509,-7.5431
0.0498,-16.6376,-16.5754,-16.5133,-16.4511,-16.3889,-16.3267
0.05,-25.838,-25.6807,-25.5233,-25.366,-25.2087,-25.0514
0.0502,-34.9385,-34.6882,-34.4379,-34.1876,-33.9374,-33.6871
0.0504,-43.904,-43.5641,-43.2241,-42.8841,-42.5441,-42.2041
0.0506,-52.7002,-52.2748,-51.8494,-51.424,-50.9986,-50.5732
0.0508,-61.2932,-60.7876,-60.282,-59.7764,-59.2708,-58.7652
0.051,-69.6499,-69.0703,-68.4907,-67.9111,-67.3315,-66.7519
0.0512,-77.738,-77.0915,-76.445,-75.7985,-75.152,-74.5055
0.0514,-85.5265,-84.821,-84.1154,-83.4099,-82.7044,-81.9988
0.0516,-92.9852,-92.2293,-91.4734,-90.7175,-89.9616,-89.2057
0.0518,-100.0854,-99.2884,-98.4915,-97.6945,-96.8975,-96.1006
0.052,-106.7996,-105.9715,-105.1434,-104.3153,-103.4872,-102.6591
0.0522,-113.1019,-112.2531,-111.4043,-110.5555,-109.7067,-108.8579
0.0524,-118.9677,-118.1091,-117.2504,-116.3918,-115.5331,-114.6745
0.0526,-124.3744,-123.517,-122.6597,-121.8024,-120.945,-120.0877
0.0528,-129.3008,-128.4562,-127.6115,-126.7668,-125.9222,-125.0775
0.053,-133.7278,-132.9073,-132.0868,-131.2662,-130.4457,-129.6252
0.0532,-137.6379,-136.853,-136.068,-135.2831,-134.4981,-133.7132
0.0534,-141.0157,-140.2777,-139.5396,-138.8015,-138.0634,-137.3253
0.0536,-143.8478,-143.1676,-142.4874,-141.8072,-141.127,-140.4468
0.0538,-146.1227,-145.511,-144.8993,-144.2876,-143.6759,-143.0642
0.054,-147.8311,-147.2979,-146.7648,-146.2316,-145.6984,-145.1653
0.0542,-148.9657,-148.5205,-148.0752,-147.6299,-147.1847,-146.7394
0.0544,-149.5214,-149.1726,-148.8238,-148.4749,-148.1261,-147.7772
0.0546,-149.4952,-149.2504,-149.0055,-148.7606,-148.5157,-148.2709
0.0548,-148.8863,-148.7518,-148.6172,-148.4827,-148.3482,-148.2137
0.055,-147.6958,-147.6768,-147.6577,-147.6386,-147.6196,-147.6005
0.0552,-145.9272,-146.0273,-146.1274,-146.2274,-146.3275,-146.4276
0.0554,-143.5861,-143.8073,-144.0286,-144.2499,-144.4712,-144.6924
0.0556,-140.6798,-141.0227,-141.3655,-141.7084,-142.0512,-142.3941
0.0558,-137.2182,-137.6812,-138.1441,-138.607,-139.0699,-139.5329
0.056,-133.2129,-133.7925,-134.372,-134.9516,-135.5311,-136.1107
0.0562,-128.6776,-129.3683,-130.0589,-130.7496,-131.4402,-132.1309
0.0564,-123.6279,-124.422,-125.2162,-126.0103,-126.8044,-127.5985
0.0566,-118.0814,-118.9692,-119.857,-120.7448,-121.6326,-122.5204
0.0568,-112.0577,-113.0272,-113.9967,-114.9661,-115.9356,-116.9051
0.057,-105.5781,-106.6152,-107.6522,-108.6893,-109.7264,-110.7635
0.0572,-98.6658,-99.7544,-100.843,-101.9316,-103.0202,-104.1088
0.0574,-91.3461,-92.4682,-93.5904,-94.7126,-95.8348,-96.957
0.0576,-83.6457,-84.7819,-85.9182,-87.0544,-88.1907,-89.3269
0.0578,-75.5935,-76.723,-77.8525,-78.982,-80.1115,-81.241
0.058,-67.22,-68.321,-69.422,-70.5231,-71.6241,-72.7251
0.0582,-58.5575,-59.6079,-60.6583,-61.7087,-62.759,-63.8094
0.0584,-49.6401,-50.6178,-51.5954,-52.5731,-53.5507,-54.5284
0.0586,-40.5035,-41.387,-42.2705,-43.154,-44.0375,-44.9211
0.0588,-31.1848,-31.9541,-32.7233,-33.4926,-34.2619,-35.0312
0.059,-21.7229,-22.3597,-22.9965,-23.6333,-24.2701,-24.9069
0.0592,-12.1578,-12.6464,-13.1351,-13.6237,-14.1124,-14.601
0.0594,-2.5305,-2.8584,-3.1863,-3.5142,-3.8421,-4.17
0.0596,7.1171,6.9589,6.8008,6.6426,6.4845,6.3263
0.0598,16.7425,16.7591,16.7758,16.7924,16.809,16.8257
0.06,26.303,26.4953,26.6876,26.8799,27.0722,27.2645
0.0602,35.7561,36.1207,36.4852,36.8497,37.2143,37.5788
0.0604,45.0599,45.589,46.1181,46.6472,47.1763,47.7054
0.0606,54.1731,54.8552,55.5372,56.2192,56.9012,57.5833
0.0608,63.0558,63.8755,64.6952,65.5149,66.3346,67.1543
0.061,71.6696,72.6086,73.5475,74.4865,75.4255,76.3645
0.0612,79.9776,81.015,82.0524,83.0898,84.1272,85.1645
0.0614,87.9452,89.0583,90.1713,91.2844,92.3974,93.5105
0.0616,95.5398,96.7046,97.8695,99.0343,100.1992,101.364
0.0618,102.7311,103.9234,105.1156,106.3079,107.5002,108.6924
0.062,109.4911,110.6866,111.8822,113.0777,114.2733,115.4688
0.0622,115.7942,116.9697,118.1451,119.3206,120.4961,121.6716
0.0624,121.6172,122.7506,123.884,125.0175,126.1509,127.2843
0.0626,126.9393,128.0104,129.0816,130.1527,131.2239,132.295
0.0628,131.742,132.7327,133.7235,134.7143,135.7051,136.6959
0.063,136.0091,136.9038,137.7985,138.6933,139.588,140.4827
0.0632,139.7267,140.5123,141.2979,142.0834,142.869,143.6546
0.0634,142.8831,143.5491,144.2151,144.8811,145.5471,146.2131
0.0636,145.4689,146.0075,146.5462,147.0848,147.6234,148.1621
0.0638,147.4765,147.8827,148.2889,148.6952,149.1014,149.5076
0.064,148.9009,149.1721,149.4433,149.7146,149.9858,150.257
0.0642,149.7389,149.875,150.0111,150.1471,150.2832,150.4193
0.0644,149.9894,149.9925,149.9955,149.9986,150.0016,150.0047
0.0646,149.6536,149.5277,149.4019,149.276,149.1502,149.0244
0.0648,148.7344,148.4856,148.2369,147.9882,147.7394,147.4907
0.065,147.237,146.873,146.5089,146.1449,145.7809,145.4168
0.0652,145.1686,144.6983,144.2279,143.7576,143.2873,142.817
0.0654,142.5384,141.9719,141.4054,140.839,140.2725,139.7061
0.0656,139.3574,138.7059,138.0545,137.403,136.7515,136.1001
0.0658,135.6388,134.9142,134.1896,133.465,132.7404,132.0158
0.066,131.3977,130.6123,129.827,129.0417,128.2563,127.471
0.0662,126.6508,125.8175,124.9842,124.1509,123.3176,122.4843
0.0664,121.4169,120.5485,119.6802,118.8119,117.9435,117.0752
0.0666,115.7164,114.826,113.9356,113.0451,112.1547,111.2643
0.0668,109.5716,108.6719,107.7721,106.8724,105.9726,105.0729
0.067,103.0063,102.1097,101.2132,100.3166,99.42,98.5235
0.0672,96.0458,95.1645,94.2832,93.4019,92.5206,91.6392
0.0674,88.717,87.8625,87.008,86.1534,85.2989,84.4444
0.0676,81.0481,80.2313,79.4144,78.5976,77.7808,76.9639
0.0678,73.0685,72.2996,71.5306,70.7616,69.9926,69.2237
0.068,64.809,64.0972,63.3855,62.6737,61.9619,61.2502
0.0682,56.3012,55.6551,55.009,54.3629,53.7168,53.0707
0.0684,47.5779,47.005,46.4321,45.8592,45.2862,44.7133
0.0686,38.6724,38.1792,37.686,37.1928,36.6996,36.2064
0.0688,29.619,29.211,28.803,28.395,27.987,27.579
0.069,20.4525,20.1341,19.8157,19.4973,19.1789,18.8605
0.0692,11.208,10.9825,10.7571,10.5316,10.3061,10.0807
0.0694,1.921,1.7907,1.6604,1.5301,1.3998,1.2694
0.0696,-7.3728,-7.4068,-7.4409,-7.4749,-7.509,-7.5431
0.0698,-16.6376,-16.5754,-16.5133,-16.4511,-16.3889,-16.3267
0.07,-25.838,-25.6807,-25.5233,-25.366,-25.2087,-25.0514
0.0702,-34.9385,-34.6882,-34.4379,-34.1876,-33.9374,-33.6871
0.0704,-43.904,-43.5641,-43.2241,-42.8841,-42.5441,-42.2041
0.0706,-52.7002,-52.2748,-51.8494,-51.424,-50.9986,-50.5732
0.0708,-61.2932,-60.7876,-60.282,-59.7764,-59.2708,-58.7652
0.071,-69.6499,-69.0703,-68.4907,-67.9111,-67.3315,-66.7519
0.0712,-77.738,-77.0915,-76.445,-75.7985,-75.152,-74.5055
0.0714,-85.5265,-84.821,-84.1154,-83.4099,-82.7044,-81.9988
0.0716,-92.9852,-92.2293,-91.4734,-90.7175,-89.9616,-89.2057
0.0718,-100.0854,-99.2884,-98.4915,-97.6945,-96.8975,-96.1006
0.072,-106.7996,-105.9715,-105.1434,-104.3153,-103.4872,-102.6591
0.0722,-113.1019,-112.2531,-111.4043,-110.5555,-109.7067,-108.8579
0.0724,-118.9677,-118.1091,-117.2504,-116.3918,-115.5331,-114.6745
0.0726,-124.3744,-123.517,-122.6597,-121.8024,-120.945,-120.0877
0.0728,-129.3008,-128.4562,-127.6115,-126.7668,-125.9222,-125.0775
0.073,-133.7278,-132.9073,-132.0868,-131.2662,-130.4457,-129.6252
0.0732,-137.6379,-136.853,-136.068,-135.2831,-134.4981,-133.7132
0.0734,-141.0157,-140.2777,-139.5396,-138.8015,-138.0634,-137.3253
0.0736,-143.8478,-143.1676,-142.4874,-141.8072,-141.127,-140.4468
0.0738,-146.1227,-145.511,-144.8993,-144.2876,-143.6759,-143.0642
0.074,-147.8311,-147.2979,-146.7648,-146.2316,-145.6984,-145.1653
0.0742,-148.9657,-148.5205,-148.0752,-147.6299,-147.1847,-146.7394
0.0744,-149.5214,-149.1726,-148.8238,-148.4749,-148.1261,-147.7772
0.0746,-149.4952,-149.2504,-149.0055,-148.7606,-148.5157,-148.2709
0.0748,-148.8863,-148.7518,-148.6172,-148.4827,-148.3482,-148.2137
0.075,-147.6958,-147.6768,-147.6577,-147.6386,-147.6196,-147.6005
0.0752,-145.9272,-146.0273,-146.1274,-146.2274,-146.3275,-146.4276
0.0754,-143.5861,-143.8073,-144.0286,-144.2499,-144.4712,-144.6924
0.0756,-140.6798,-141.0227,-141.3655,-141.7084,-142.0512,-142.3941
0.0758,-137.2182,-137.6812,-138.1441,-138.607,-139.0699,-139.5329
0.076,-133.2129,-133.7925,-134.372,-134.9516,-135.5311,-136.1107
0.0762,-128.6776,-129.3683,-130.0589,-130.7496,-131.4402,-132.1309
0.0764,-123.6279,-124.422,-125.2162,-126.0103,-126.8044,-127.5985
0.0766,-118.0814,-118.9692,-119.857,-120.7448,-121.6326,-122.5204
0.0768,-112.0577,-113.0272,-113.9967,-114.9661,-115.9356,-116.9051
0.077,-105.5781,-106.6152,-107.6522,-108.6893,-109.7264,-110.7635
0.0772,-98.6658,-99.7544,-100.843,-101.9316,-103.0202,-104.1088
0.0774,-91.3461,-92.4682,-93.5904,-94.7126,-95.8348,-96.957
0.0776,-83.6457,-84.7819,-85.9182,-87.0544,-88.1907,-89.3269
0.0778,-75.5935,-76.723,-77.8525,-78.982,-80.1115,-81.241
0.078,-67.22,-68.321,-69.422,-70.5231,-71.6241,-72.7251
0.0782,-58.5575,-59.6079,-60.6583,-61.7087,-62.759,-63.8094
0.0784,-49.6401,-50.6178,-51.5954,-52.5731,-53.5507,-54.5284
0.0786,-40.5035,-41.387,-42.2705,-43.154,-44.0375,-44.9211
0.0788,-31.1848,-31.9541,-32.7233,-33.4926,-34.2619,-35.0312
0.079,-21.7229,-22.3597,-22.9965,-23.6333,-24.2701,-24.9069
0.0792,-12.1578,-12.6464,-13.1351,-13.6237,-14.1124,-14.601
0.0794,-2.5305,-2.8584,-3.1863,-3.5142,-3.8421,-4.17
0.0796,7.1171,6.9589,6.8008,6.6426,6.4845,6.3263
0.0798,16.7425,16.7591,16.7758,16.7924,16.809,16.8257
0.08,26.303,26.4953,26.6876,26.8799,27.0722,27.2645
0.0802,35.7561,36.1207,36.4852,36.8497,37.2143,37.5788
0.0804,45.0599,45.589,46.1181,46.6472,47.1763,47.7054
0.0806,54.1731,54.8552,55.5372,56.2192,56.9012,57.5833
0.0808,63.0558,63.8755,64.6952,65.5149,66.3346,67.1543
0.081,71.6696,72.6086,73.5475,74.4865,75.4255,76.3645
0.0812,79.9776,81.015,82.0524,83.0898,84.1272,85.1645
0.0814,87.9452,89.0583,90.1713,91.2844,92.3974,93.5105
0.0816,95.5398,96.7046,97.8695,99.0343,100.1992,101.364
0.0818,102.7311,103.9234,105.1156,106.3079,107.5002,108.6924
0.082,109.4911,110.6866,111.8822,113.0777,114.2733,115.4688
0.0822,115.7942,116.9697,118.1451,119.3206,120.4961,121.6716
0.0824,121.6172,122.7506,123.884,125.0175,126.1509,127.2843
0.0826,126.9393,128.0104,129.0816,130.1527,131.2239,132.295
0.0828,131.742,132.7327,133.7235,134.7143,135.7051,136.6959
0.083,136.0091,136.9038,137.7985,138.6933,139.588,140.4827
0.0832,139.7267,140.5123,141.2979,142.0834,142.869,143.6546
0.0834,142.8831,143.5491,144.2151,144.8811,145.5471,146.2131
0.0836,145.4689,146.0075,146.5462,147.0848,147.6234,148.1621
0.0838,147.4765,147.8827,148.2889,148.6952,149.1014,149.5076
0.084,148.9009,149.1721,149.4433,149.7146,149.9858,150.257
0.0842,149.7389,149.875,150.0111,150.1471,150.2832,150.4193
0.0844,149.9894,149.9925,149.9955,149.9986,150.0016,150.0047
0.0846,149.6536,149.5277,149.4019,149.276,149.1502,149.0244
0.0848,148.7344,148.4856,148.2369,147.9882,147.7394,147.4907
0.085,147.237,146.873,146.5089,146.1449,145.7809,145.4168
0.0852,145.1686,144.6983,144.2279,143.7576,143.2873,142.817
0.0854,142.5384,141.9719,141.4054,140.839,140.2725,139.7061
0.0856,139.3574,138.7059,138.0545,137.403,136.7515,136.1001
0.0858,135.6388,134.9142,134.1896,133.465,132.7404,132.0158
0.086,131.3977,130.6123,129.827,129.0417,128.2563,127.471
0.0862,126.6508,125.8175,124.9842,124.1509,123.3176,122.4843
0.0864,121.4169,120.5485,119.6802,118.8119,117.9435,117.0752
0.0866,115.7164,114.826,113.9356,113.0451,112.1547,111.2643
0.0868,109.5716,108.6719,107.7721,106.8724,105.9726,105.0729
0.087,103.0063,102.1097,101.2132,100.3166,99.42,98.5235
0.0872,96.0458,95.1645,94.2832,93.4019,92.5206,91.6392
0.0874,88.717,87.8625,87.008,86.1534,85.2989,84.4444
0.0876,81.0481,80.2313,79.4144,78.5976,77.7808,76.9639
0.0878,73.0685,72.2996,71.5306,70.7616,69.9926,69.2237
0.088,64.809,64.0972,63.3855,62.6737,61.9619,61.2502
0.0882,56.3012,55.6551,55.009,54.3629,53.7168,53.0707
0.0884,47.5779,47.005,46.4321,45.8592,45.2862,44.7133
0.0886,38.6724,38.1792,37.686,37.1928,36.6996,36.2064
0.0888,29.619,29.211,28.803,28.395,27.987,27.579
0.089,20.4525,20.1341,19.8157,19.4973,19.1789,18.8605
0.0892,11.208,10.9825,10.7571,10.5316,10.3061,10.0807
0.0894,1.921,1.7907,1.6604,1.5301,1.3998,1.2694
0.0896,-7.3728,-7.4068,-7.4409,-7.4749,-7.509,-7.5431
0.0898,-16.6376,-16.5754,-16.5133,-16.4511,-16.3889,-16.3267
0.09,-25.838,-25.6807,-25.5233,-25.366,-25.2087,-25.0514
0.0902,-34.9385,-34.6882,-34.4379,-34.1876,-33.9374,-33.6871
0.0904,-43.904,-43.5641,-43.2241,-42.8841,-42.5441,-42.2041
0.0906,-52.7002,-52.2748,-51.8494,-51.424,-50.9986,-50.5732
0.0908,-61.2932,-60.7876,-60.282,-59.7764,-59.2708,-58.7652
0.091,-69.6499,-69.0703,-68.4907,-67.9111,-67.3315,-66.7519
0.0912,-77.738,-77.0915,-76.445,-75.7985,-75.152,-74.5055
0.0914,-85.5265,-84.821,-84.1154,-83.4099,-82.7044,-81.9988
0.0916,-92.9852,-92.2293,-91.4734,-90.7175,-89.9616,-89.2057
0.0918,-100.0854,-99.2884,-98.4915,-97.6945,-96.8975,-96.1006
0.092,-106.7996,-105.9715,-105.1434,-104.3153,-103.4872,-102.6591
0.0922,-113.1019,-112.2531,-111.4043,-110.5555,-109.7067,-108.8579
0.0924,-118.9677,-118.1091,-117.2504,-116.3918,-115.5331,-114.6745
0.0926,-124.3744,-123.517,-122.6597,-121.8024,-120.945,-120.0877
0.0928,-129.3008,-128.4562,-127.6115,-126.7668,-125.9222,-125.0775
0.093,-133.7278,-132.9073,-132.0868,-131.2662,-130.4457,-129.6252
0.0932,-137.6379,-136.853,-136.068,-135.2831,-134.4981,-133.7132
0.0934,-141.0157,-140.2777,-139.5396,-138.8015,-138.0634,-137.3253
0.0936,-143.8478,-143.1676,-142.4874,-141.8072,-141.127,-140.4468
0.0938,-146.1227,-145.511,-144.8993,-144.2876,-143.6759,-143.0642
0.094,-147.8311,-147.2979,-146.7648,-146.2316,-145.6984,-145.1653
0.0942,-148.9657,-148.5205,-148.0752,-147.6299,-147.1847,-146.7394
0.0944,-149.5214,-149.1726,-148.8238,-148.4749,-148.1261,-147.7772
0.0946,-149.4952,-149.2504,-149.0055,-148.7606,-148.5157,-148.2709
0.0948,-148.8863,-148.7518,-148.6172,-148.4827,-148.3482,-148.2137
0.095,-147.6958,-147.6768,-147.6577,-147.6386,-147.6196,-147.6005
0.0952,-145.9272,-146.0273,-146.1274,-146.2274,-146.3275,-146.4276
0.0954,-143.5861,-143.8073,-144.0286,-144.2499,-144.4712,-144.6924
0.0956,-140.6798,-141.0227,-141.3655,-141.7084,-142.0512,-142.3941
0.0958,-137.2182,-137.6812,-138.1441,-138.607,-139.0699,-139.5329
0.096,-133.2129,-133.7925,-134.372,-134.9516,-135.5311,-136.1107
0.0962,-128.6776,-129.3683,-130.0589,-130.7496,-131.4402,-132.1309
0.0964,-123.6279,-124.422,-125.2162,-126.0103,-126.8044,-127.5985
0.0966,-118.0814,-118.9692,-119.857,-120.7448,-121.6326,-122.5204
0.0968,-112.0577,-113.0272,-113.9967,-114.9661,-115.9356,-116.9051
0.097,-105.5781,-106.6152,-107.6522,-108.6893,-109.7264,-110.7635
0.0972,-98.6658,-99.7544,-100.843,-101.9316,-103.0202,-104.1088
0.0974,-91.3461,-92.4682,-93.5904,-94.7126,-95.8348,-96.957
0.0976,-83.6457,-84.7819,-85.9182,-87.0544,-88.1907,-89.3269
0.0978,-75.5935,-76.723,-77.8525,-78.982,-80.1115,-81.241
0.098,-67.22,-68.321,-69.422,-70.5231,-71.6241,-72.7251
0.0982,-58.5575,-59.6079,-60.6583,-61.7087,-62.759,-63.8094
0.0984,-49.6401,-50.6178,-51.5954,-52.5731,-53.5507,-54.5284
0.0986,-40.5035,-41.387,-42.2705,-43.154,-44.0375,-44.9211
0.0988,-31.1848,-31.9541,-32.7233,-33.4926,-34.2619,-35.0312
0.099,-21.7229,-22.3597,-22.9965,-23.6333,-24.2701,-24.9069
0.0992,-12.1578,-12.6464,-13.1351,-13.6237,-14.1124,-14.601
0.0994,-2.5305,-2.8584,-3.1863,-3.5142,-3.8421,-4.17
0.0996,7.1171,6.9589,6.8008,6.6426,6.4845,6.3263
0.0998,16.7425,16.7591,16.7758,16.7924,16.809,16.8257
0.1,26.303,26.4953,26.6876,26.8799,27.0722,27.2645
0.1002,35.7561,36.1207,36.4852,36.8497,37.2143,37.5788
0.1004,45.0599,45.589,46.1181,46.6472,47.1763,47.7054
0.1006,54.1731,54.8552,55.5372,56.2192,56.9012,57.5833
0.1008,63.0558,63.8755,64.6952,65.5149,66.3346,67.1543
0.101,71.6696,72.6086,73.5475,74.4865,75.4255,76.3645
0.1012,79.9776,81.015,82.0524,83.0898,84.1272,85.1645
0.1014,87.9452,89.0583,90.1713,91.2844,92.3974,93.5105
0.1016,95.5398,96.7046,97.8695,99.0343,100.1992,101.364
0.1018,102.7311,103.9234,105.1156,106.3079,107.5002,108.6924
0.102,109.4911,110.6866,111.8822,113.0777,114.2733,115.4688
0.1022,115.7942,116.9697,118.1451,119.3206,120.4961,121.6716
0.1024,121.6172,122.7506,123.884,125.0175,126.1509,127.2843
0.1026,126.9393,128.0104,129.0816,130.1527,131.2239,132.295
0.1028,131.742,132.7327,133.7235,134.7143,135.7051,136.6959
0.103,136.0091,136.9038,137.7985,138.6933,139.588,140.4827
0.1032,139.7267,140.5123,141.2979,142.0834,142.869,143.6546
0.1034,142.8831,143.5491,144.2151,144.8811,145.5471,146.2131
0.1036,145.4689,146.0075,146.5462,147.0848,147.6234,148.1621
0.1038,147.4765,147.8827,148.2889,148.6952,149.1014,149.5076
0.104,148.9009,149.1721,149.4433,149.7146,149.9858,150.257
0.1042,149.7389,149.875,150.0111,150.1471,150.2832,150.4193
0.1044,149.9894,149.9925,149.9955,149.9986,150.0016,150.0047
0.1046,149.6536,149.5277,149.4019,149.276,149.1502,149.0244
0.1048,148.7344,148.4856,148.2369,147.9882,147.7394,147.4907
0.105,147.237,146.873,146.5089,146.1449,145.7809,145.4168
0.1052,145.1686,144.6983,144.2279,143.7576,143.2873,142.817
0.1054,142.5384,141.9719,141.4054,140.839,140.2725,139.7061
0.1056,139.3574,138.7059,138.0545,137.403,136.7515,136.1001
0.1058,135.6388,134.9142,134.1896,133.465,132.7404,132.0158
0.106,131.3977,130.6123,129.827,129.0417,128.2563,127.471
0.1062,126.6508,125.8175,124.9842,124.1509,123.3176,122.4843
0.1064,121.4169,120.5485,119.6802,118.8119,117.9435,117.0752
0.1066,115.7164,114.826,113.9356,113.0451,112.1547,111.2643
0.1068,109.5716,108.6719,107.7721,106.8724,105.9726,105.0729
0.107,103.0063,102.1097,101.2132,100.3166,99.42,98.5235
0.1072,96.0458,95.1645,94.2832,93.4019,92.5206,91.6392
0.1074,88.717,87.8625,87.008,86.1534,85.2989,84.4444
0.1076,81.0481,80.2313,79.4144,78.5976,77.7808,76.9639
0.1078,73.0685,72.2996,71.5306,70.7616,69.9926,69.2237
0.108,64.809,64.0972,63.3855,62.6737,61.9619,61.2502
0.1082,56.3012,55.6551,55.009,54.3629,53.7168,53.0707
0.1084,47.5779,47.005,46.4321,45.8592,45.2862,44.7133
0.1086,38.6724,38.1792,37.686,37.1928,36.6996,36.2064
0.1088,29.619,29.211,28.803,28.395,27.987,27.579
0.109,20.4525,20.1341,19.8157,19.4973,19.1789,18.8605
0.1092,11.208,10.9825,10.7571,10.5316,10.3061,10.0807
0.1094,1.921,1.7907,1.6604,1.5301,1.3998,1.2694
0.1096,-7.3728,-7.4068,-7.4409,-7.4749,-7.509,-7.5431
0.1098,-16.6376,-16.5754,-16.5133,-16.4511,-16.3889,-16.3267
0.11,-25.838,-25.6807,-25.5233,-25.366,-25.2087,-25.0514
0.1102,-34.9385,-34.6882,-34.4379,-34.1876,-33.9374,-33.6871
0.1104,-43.904,-43.5641,-43.2241,-42.8841,-42.5441,-42.2041
0.1106,-52.7002,-52.2748,-51.8494,-51.424,-50.9986,-50.5732
0.1108,-61.2932,-60.7876,-60.282,-59.7764,-59.2708,-58.7652
0.111,-69.6499,-69.0703,-68.4907,-67.9111,-67.3315,-66.7519
0.1112,-77.738,-77.0915,-76.445,-75.7985,-75.152,-74.5055
0.1114,-85.5265,-84.821,-84.1154,-83.4099,-82.7044,-81.9988
0.1116,-92.9852,-92.2293,-91.4734,-90.7175,-89.9616,-89.2057
0.1118,-100.0854,-99.2884,-98.4915,-97.6945,-96.8975,-96.1006
0.112,-106.7996,-105.9715,-105.1434,-104.3153,-103.4872,-102.6591
0.1122,-113.1019,-112.2531,-111.4043,-110.5555,-109.7067,-108.8579
0.1124,-118.9677,-118.1091,-117.2504,-116.3918,-115.5331,-114.6745
0.1126,-124.3744,-123.517,-122.6597,-121.8024,-120.945,-120.0877
0.1128,-129.3008,-128.4562,-127.6115,-126.7668,-125.9222,-125.0775
0.113,-133.7278,-132.9073,-132.0868,-131.2662,-130.4457,-129.6252
0.1132,-137.6379,-136.853,-136.068,-135.2831,-134.4981,-133.7132
0.1134,-141.0157,-140.2777,-139.5396,-138.8015,-138.0634,-137.3253
0.1136,-143.8478,-143.1676,-142.4874,-141.8072,-141.127,-140.4468
0.1138,-146.1227,-145.511,-144.8993,-144.2876,-143.6759,-143.0642
0.114,-147.8311,-147.2979,-146.7648,-146.2316,-145.6984,-145.1653
0.1142,-148.9657,-148.5205,-148.0752,-147.6299,-147.1847,-146.7394
0.1144,-149.5214,-149.1726,-148.8238,-148.4749,-148.1261,-147.7772
0.1146,-149.4952,-149.2504,-149.0055,-148.7606,-148.5157,-148.2709
0.1148,-148.8863,-148.7518,-148.6172,-148.4827,-148.3482,-148.2137
0.115,-147.6958,-147.6768,-147.6577,-147.6386,-147.6196,-147.6005
0.1152,-145.9272,-146.0273,-146.1274,-146.2274,-146.3275,-146.4276
0.1154,-143.5861,-143.8073,-144.0286,-144.2499,-144.4712,-144.6924
0.1156,-140.6798,-141.0227,-141.3655,-141.7084,-142.0512,-142.3941
0.1158,-137.2182,-137.6812,-138.1441,-138.607,-139.0699,-139.5329
0.116,-133.2129,-133.7925,-134.372,-134.9516,-135.5311,-136.1107
0.1162,-128.6776,-129.3683,-130.0589,-130.7496,-131.4402,-132.1309
0.1164,-123.6279,-124.422,-125.2162,-126.0103,-126.8044,-127.5985
0.1166,-118.0814,-118.9692,-119.857,-120.7448,-121.6326,-122.5204
0.1168,-112.0577,-113.0272,-113.9967,-114.9661,-115.9356,-116.9051
0.117,-105.5781,-106.6152,-107.6522,-108.6893,-109.7264,-110.7635
0.1172,-98.6658,-99.7544,-100.843,-101.9316,-103.0202,-104.1088
0.1174,-91.3461,-92.4682,-93.5904,-94.7126,-95.8348,-96.957
0.1176,-83.6457,-84.7819,-85.9182,-87.0544,-88.1907,-89.3269
0.1178,-75.5935,-76.723,-77.8525,-78.982,-80.1115,-81.241
0.118,-67.22,-68.321,-69.422,-70.5231,-71.6241,-72.7251
0.1182,-58.5575,-59.6079,-60.6583,-61.7087,-62.759,-63.8094
0.1184,-49.6401,-50.6178,-51.5954,-52.5731,-53.5507,-54.5284
0.1186,-40.5035,-41.387,-42.2705,-43.154,-44.0375,-44.9211
0.1188,-31.1848,-31.9541,-32.7233,-33.4926,-34.2619,-35.0312
0.119,-21.7229,-22.3597,-22.9965,-23.6333,-24.2701,-24.9069
0.1192,-12.1578,-12.6464,-13.1351,-13.6237,-14.1124,-14.601
0.1194,-2.5305,-2.8584,-3.1863,-3.5142,-3.8421,-4.17
0.1196,7.1171,6.9589,6.8008,6.6426,6.4845,6.3263
0.1198,16.7425,16.7591,16.7758,16.7924,16.809,16.8257
0.12,26.303,26.4953,26.6876,26.8799,27.0722,27.2645
0.1202,35.7561,36.1207,36.4852,36.8497,37.2143,37.5788
0.1204,45.0599,45.589,46.1181,46.6472,47.1763,47.7054
0.1206,54.1731,54.8552,55.5372,56.2192,56.9012,57.5833
0.1208,63.0558,63.8755,64.6952,65.5149,66.3346,67.1543
0.121,71.6696,72.6086,73.5475,74.4865,75.4255,76.3645
0.1212,79.9776,81.015,82.0524,83.0898,84.1272,85.1645
0.1214,87.9452,89.0583,90.1713,91.2844,92.3974,93.5105
0.1216,95.5398,96.7046,97.8695,99.0343,100.1992,101.364
0.1218,102.7311,103.9234,105.1156,106.3079,107.5002,108.6924
0.122,109.4911,110.6866,111.8822,113.0777,114.2733,115.4688
0.1222,115.7942,116.9697,118.1451,119.3206,120.4961,121.6716
0.1224,121.6172,122.7506,123.884,125.0175,126.1509,127.2843
0.1226,126.9393,128.0104,129.0816,130.1527,131.2239,132.295
0.1228,131.742,132.7327,133.7235,134.7143,135.7051,136.6959
0.123,136.0091,136.9038,137.7985,138.6933,139.588,140.4827
0.1232,139.7267,140.5123,141.2979,142.0834,142.869,143.6546
0.1234,142.8831,143.5491,144.2151,144.8811,145.5471,146.2131
0.1236,145.4689,146.0075,146.5462,147.0848,147.6234,148.1621
0.1238,147.4765,147.8827,148.2889,148.6952,149.1014,149.5076
0.124,148.9009,149.1721,149.4433,149.7146,149.9858,150.257
0.1242,149.7389,149.875,150.0111,150.1471,150.2832,150.4193
0.1244,149.9894,149.9925,149.9955,149.9986,150.0016,150.0047
0.1246,149.6536,149.5277,149.4019,149.276,149.1502,149.0244
0.1248,148.7344,148.4856,148.2369,147.9882,147.7394,147.4907
0.125,147.237,146.873,146.5089,146.1449,145.7809,145.4168
0.1252,145.1686,144.6983,144.2279,143.7576,143.2873,142.817
0.1254,142.5384,141.9719,141.4054,140.839,140.2725,139.7061
0.1256,139.3574,138.7059,138.0545,137.403,136.7515,136.1001
0.1258,135.6388,134.9142,134.1896,133.465,132.7404,132.0158
0.126,131.3977,130.6123,129.827,129.0417,128.2563,127.471
0.1262,126.6508,125.8175,124.9842,124.1509,123.3176,122.4843
0.1264,121.4169,120.5485,119.6802,118.8119,117.9435,117.0752
0.1266,115.7164,114.826,113.9356,113.0451,112.1547,111.2643
0.1268,109.5716,108.6719,107.7721,106.8724,105.9726,105.0729
0.127,103.0063,102.1097,101.2132,100.3166,99.42,98.5235
0.1272,96.0458,95.1645,94.2832,93.4019,92.5206,91.6392
0.1274,88.717,87.8625,87.008,86.1534,85.2989,84.4444
0.1276,81.0481,80.2313,79.4144,78.5976,77.7808,76.9639
0.1278,73.0685,72.2996,71.5306,70.7616,69.9926,69.2237
0.128,64.809,64.0972,63.3855,62.6737,61.9619,61.2502
0.1282,56.3012,55.6551,55.009,54.3629,53.7168,53.0707
0.1284,47.5779,47.005,46.4321,45.8592,45.2862,44.7133
0.1286,38.6724,38.1792,37.686,37.1928,36.6996,36.2064
0.1288,29.619,29.211,28.803,28.395,27.987,27.579
0.129,20.4525,20.1341,19.8157,19.4973,19.1789,18.8605
0.1292,11.208,10.9825,10.7571,10.5316,10.3061,10.0807
0.1294,1.921,1.7907,1.6604,1.5301,1.3998,1.2694
0.1296,-7.3728,-7.4068,-7.4409,-7.4749,-7.509,-7.5431
0.1298,-16.6376,-16.5754,-16.5133,-16.4511,-16.3889,-16.3267
0.13,-25.838,-25.6807,-25.5233,-25.366,-25.2087,-25.0514
0.1302,-34.9385,-34.6882,-34.4379,-34.1876,-33.9374,-33.6871
0.1304,-43.904,-43.5641,-43.2241,-42.8841,-42.5441,-42.2041
0.1306,-52.7002,-52.2748,-51.8494,-51.424,-50.9986,-50.5732
0.1308,-61.2932,-60.7876,-60.282,-59.7764,-59.2708,-58.7652
0.131,-69.6499,-69.0703,-68.4907,-67.9111,-67.3315,-66.7519
0.1312,-77.738,-77.0915,-76.445,-75.7985,-75.152,-74.5055
0.1314,-85.5265,-84.821,-84.1154,-83.4099,-82.7044,-81.9988
0.1316,-92.9852,-92.2293,-91.4734,-90.7175,-89.9616,-89.2057
0.1318,-100.0854,-99.2884,-98.4915,-97.6945,-96.8975,-96.1006
0.132,-106.7996,-105.9715,-105.1434,-104.3153,-103.4872,-102.6591
0.1322,-113.1019,-112.2531,-111.4043,-110.5555,-109.7067,-108.8579
0.1324,-118.9677,-118.1091,-117.2504,-116.3918,-115.5331,-114.6745
0.1326,-124.3744,-123.517,-122.6597,-121.8024,-120.945,-120.0877
0.1328,-129.3008,-128.4562,-127.6115,-126.7668,-125.9222,-125.0775
0.133,-133.7278,-132.9073,-132.0868,-131.2662,-130.4457,-129.6252
0.1332,-137.6379,-136.853,-136.068,-135.2831,-134.4981,-133.7132
0.1334,-141.0157,-140.2777,-139.5396,-138.8015,-138.0634,-137.3253
0.1336,-143.8478,-143.1676,-142.4874,-141.8072,-141.127,-140.4468
0.1338,-146.1227,-145.511,-144.8993,-144.2876,-143.6759,-143.0642
0.134,-147.8311,-147.2979,-146.7648,-146.2316,-145.6984,-145.1653
0.1342,-148.9657,-148.5205,-148.0752,-147.6299,-147.1847,-146.7394
0.1344,-149.5214,-149.1726,-148.8238,-148.4749,-148.1261,-147.7772
0.1346,-149.4952,-149.2504,-149.0055,-148.7606,-148.5157,-148.2709
0.1348,-148.8863,-148.7518,-148.6172,-148.4827,-148.3482,-148.2137
0.135,-147.6958,-147.6768,-147.6577,-147.6386,-147.6196,-147.6005
0.1352,-145.9272,-146.0273,-146.1274,-146.2274,-146.3275,-146.4276
0.1354,-143.5861,-143.8073,-144.0286,-144.2499,-144.4712,-144.6924
0.1356,-140.6798,-141.0227,-141.3655,-141.7084,-142.0512,-142.3941
0.1358,-137.2182,-137.6812,-138.1441,-138.607,-139.0699,-139.5329
0.136,-133.2129,-133.7925,-134.372,-134.9516,-135.5311,-136.1107
0.1362,-128.6776,-129.3683,-130.0589,-130.7496,-131.4402,-132.1309
0.1364,-123.6279,-124.422,-125.2162,-126.0103,-126.8044,-127.5985
0.1366,-118.0814,-118.9692,-119.857,-120.7448,-121.6326,-122.5204
0.1368,-112.0577,-113.0272,-113.9967,-114.9661,-115.9356,-116.9051
0.137,-105.5781,-106.6152,-107.6522,-108.6893,-109.7264,-110.7635
0.1372,-98.6658,-99.7544,-100.843,-101.9316,-103.0202,-104.1088
0.1374,-91.3461,-92.4682,-93.5904,-94.7126,-95.8348,-96.957
0.1376,-83.6457,-84.7819,-85.9182,-87.0544,-88.1907,-89.3269
0.1378,-75.5935,-76.723,-77.8525,-78.982,-80.1115,-81.241
0.138,-67.22,-68.321,-69.422,-70.5231,-71.6241,-72.7251
0.1382,-58.5575,-59.6079,-60.6583,-61.7087,-62.759,-63.8094
0.1384,-49.6401,-50.6178,-51.5954,-52.5731,-53.5507,-54.5284
0.1386,-40.5035,-41.387,-42.2705,-43.154,-44.0375,-44.9211
0.1388,-31.1848,-31.9541,-32.7233,-33.4926,-34.2619,-35.0312
0.139,-21.7229,-22.3597,-22.9965,-23.6333,-24.2701,-24.9069
0.1392,-12.1578,-12.6464,-13.1351,-13.6237,-14.1124,-14.601
0.1394,-2.5305,-2.8584,-3.1863,-3.5142,-3.8421,-4.17
0.1396,7.1171,6.9589,6.8008,6.6426,6.4845,6.3263
0.1398,16.7425,16.7591,16.7758,16.7924,16.809,16.8257
0.14,26.303,26.4953,26.6876,26.8799,27.0722,27.2645
0.1402,35.7561,36.1207,36.4852,36.8497,37.2143,37.5788
0.1404,45.0599,45.589,46.1181,46.6472,47.1763,47.7054
0.1406,54.1731,54.8552,55.5372,56.2192,56.9012,57.5833
0.1408,63.0558,63.8755,64.6952,65.5149,66.3346,67.1543
0.141,71.6696,72.6086,73.5475,74.4865,75.4255,76.3645
0.1412,79.9776,81.015,82.0524,83.0898,84.1272,85.1645
0.1414,87.9452,89.0583,90.1713,91.2844,92.3974,93.5105
0.1416,95.5398,96.7046,97.8695,99.0343,100.1992,101.364
0.1418,102.7311,103.9234,105.1156,106.3079,107.5002,108.6924
0.142,109.4911,110.6866,111.8822,113.0777,114.2733,115.4688
0.1422,115.7942,116.9697,118.1451,119.3206,120.4961,121.6716
0.1424,121.6172,122.7506,123.884,125.0175,126.1509,127.2843
0.1426,126.9393,128.0104,129.0816,130.1527,131.2239,132.295
0.1428,131.742,132.7327,133.7235,134.7143,135.7051,136.6959
0.143,136.0091,136.9038,137.7985,138.6933,139.588,140.4827
0.1432,139.7267,140.5123,141.2979,142.0834,142.869,143.6546
0.1434,142.8831,143.5491,144.2151,144.8811,145.5471,146.2131
0.1436,145.4689,146.0075,146.5462,147.0848,147.6234,148.1621
0.1438,147.4765,147.8827,148.2889,148.6952,149.1014,149.5076
0.144,148.9009,149.1721,149.4433,149.7146,149.9858,150.257
0.1442,149.7389,149.875,150.0111,150.1471,150.2832,150.4193
0.1444,149.9894,149.9925,149.9955,149.9986,150.0016,150.0047
0.1446,149.6536,149.5277,149.4019,149.276,149.1502,149.0244
0.1448,148.7344,148.4856,148.2369,147.9882,147.7394,147.4907
0.145,147.237,146.873,146.5089,146.1449,145.7809,145.4168
0.1452,145.1686,144.6983,144.2279,143.7576,143.2873,142.817
0.1454,142.5384,141.9719,141.4054,140.839,140.2725,139.7061
0.1456,139.3574,138.7059,138.0545,137.403,136.7515,136.1001
0.1458,135.6388,134.9142,134.1896,133.465,132.7404,132.0158
0.146,131.3977,130.6123,129.827,129.0417,128.2563,127.471
0.1462,126.6508,125.8175,124.9842,124.1509,123.3176,122.4843
0.1464,121.4169,120.5485,119.6802,118.8119,117.9435,117.0752
0.1466,115.7164,114.826,113.9356,113.0451,112.1547,111.2643
0.1468,109.5716,108.6719,107.7721,106.8724,105.9726,105.0729
0.147,103.0063,102.1097,101.2132,100.3166,99.42,98.5235
0.1472,96.0458,95.1645,94.2832,93.4019,92.5206,91.6392
0.1474,88.717,87.8625,87.008,86.1534,85.2989,84.4444
0.1476,81.0481,80.2313,79.4144,78.5976,77.7808,76.9639
0.1478,73.0685,72.2996,71.5306,70.7616,69.9926,69.2237
0.148,64.809,64.0972,63.3855,62.6737,61.9619,61.2502
0.1482,56.3012,55.6551,55.009,54.3629,53.7168,53.0707
0.1484,47.5779,47.005,46.4321,45.8592,45.2862,44.7133
0.1486,38.6724,38.1792,37.686,37.1928,36.6996,36.2064
0.1488,29.619,29.211,28.803,28.395,27.987,27.579
0.149,20.4525,20.1341,19.8157,19.4973,19.1789,18.8605
0.1492,11.208,10.9825,10.7571,10.5316,10.3061,10.0807
0.1494,1.921,1.7907,1.6604,1.5301,1.3998,1.2694
0.1496,-7.3728,-7.4068,-7.4409,-7.4749,-7.509,-7.5431
0.1498,-16.6376,-16.5754,-16.5133,-16.4511,-16.3889,-16.3267
0.15,-25.838,-25.6807,-25.5233,-25.366,-25.2087,-25.0514
0.1502,-34.9385,-34.6882,-34.4379,-34.1876,-33.9374,-33.6871
0.1504,-43.904,-43.5641,-43.2241,-42.8841,-42.5441,-42.2041
0.1506,-52.7002,-52.2748,-51.8494,-51.424,-50.9986,-50.5732
0.1508,-61.2932,-60.7876,-60.282,-59.7764,-59.2708,-58.7652
0.151,-69.6499,-69.0703,-68.4907,-67.9111,-67.3315,-66.7519
0.1512,-77.738,-77.0915,-76.445,-75.7985,-75.152,-74.5055
0.1514,-85.5265,-84.821,-84.1154,-83.4099,-82.7044,-81.9988
0.1516,-92.9852,-92.2293,-91.4734,-90.7175,-89.9616,-89.2057
0.1518,-100.0854,-99.2884,-98.4915,-97.6945,-96.8975,-96.1006
0.152,-106.7996,-105.9715,-105.1434,-104.3153,-103.4872,-102.6591
0.1522,-113.1019,-112.2531,-111.4043,-110.5555,-109.7067,-108.8579
0.1524,-118.9677,-118.1091,-117.2504,-116.3918,-115.5331,-114.6745
0.1526,-124.3744,-123.517,-122.6597,-121.8024,-120.945,-120.0877
0.1528,-129.3008,-128.4562,-127.6115,-126.7668,-125.9222,-125.0775
0.153,-133.7278,-132.9073,-132.0868,-131.2662,-130.4457,-129.6252
0.1532,-137.6379,-136.853,-136.068,-135.2831,-134.4981,-133.7132
0.1534,-141.0157,-140.2777,-139.5396,-138.8015,-138.0634,-137.3253
0.1536,-143.8478,-143.1676,-142.4874,-141.8072,-141.127,-140.4468
0.1538,-146.1227,-145.511,-144.8993,-144.2876,-143.6759,-143.0642
0.154,-147.8311,-147.2979,-146.7648,-146.2316,-145.6984,-145.1653
0.1542,-148.9657,-148.5205,-148.0752,-147.6299,-147.1847,-146.7394
0.1544,-149.5214,-149.1726,-148.8238,-148.4749,-148.1261,-147.7772
0.1546,-149.4952,-149.2504,-149.0055,-148.7606,-148.5157,-148.2709
0.1548,-148.8863,-148.7518,-148.6172,-148.4827,-148.3482,-148.2137
0.155,-147.6958,-147.6768,-147.6577,-147.6386,-147.6196,-147.6005
0.1552,-145.9272,-146.0273,-146.1274,-146.2274,-146.3275,-146.4276
0.1554,-143.5861,-143.8073,-144.0286,-144.2499,-144.4712,-144.6924
0.1556,-140.6798,-141.0227,-141.3655,-141.7084,-142.0512,-142.3941
0.1558,-137.2182,-137.6812,-138.1441,-138.607,-139.0699,-139.5329
0.156,-133.2129,-133.7925,-134.372,-134.9516,-135.5311,-136.1107
0.1562,-128.6776,-129.3683,-130.0589,-130.7496,-131.4402,-132.1309
0.1564,-123.6279,-124.422,-125.2162,-126.0103,-126.8044,-127.5985
0.1566,-118.0814,-118.9692,-119.857,-120.7448,-121.6326,-122.5204
0.1568,-112.0577,-113.0272,-113.9967,-114.9661,-115.9356,-116.9051
0.157,-105.5781,-106.6152,-107.6522,-108.6893,-109.7264,-110.7635
0.1572,-98.6658,-99.7544,-100.843,-101.9316,-103.0202,-104.1088
0.1574,-91.3461,-92.4682,-93.5904,-94.7126,-95.8348,-96.957
0.1576,-83.6457,-84.7819,-85.9182,-87.0544,-88.1907,-89.3269
0.1578,-75.5935,-76.723,-77.8525,-78.982,-80.1115,-81.241
0.158,-67.22,-68.321,-69.422,-70.5231,-71.6241,-72.7251
0.1582,-58.5575,-59.6079,-60.6583,-61.7087,-62.759,-63.8094
0.1584,-49.6401,-50.6178,-51.5954,-52.5731,-53.5507,-54.5284
0.1586,-40.5035,-41.387,-42.2705,-43.154,-44.0375,-44.9211
0.1588,-31.1848,-31.9541,-32.7233,-33.4926,-34.2619,-35.0312
0.159,-21.7229,-22.3597,-22.9965,-23.6333,-24.2701,-24.9069
0.1592,-12.1578,-12.6464,-13.1351,-13.6237,-14.1124,-14.601
0.1594,-2.5305,-2.8584,-3.1863,-3.5142,-3.8421,-4.17
0.1596,7.1171,6.9589,6.8008,6.6426,6.4845,6.3263
0.1598,16.7425,16.7591,16.7758,16.7924,16.809,16.8257
0.16,26.303,26.4953,26.6876,26.8799,27.0722,27.2645
0.1602,35.7561,36.1207,36.4852,36.8497,37.2143,37.5788
0.1604,45.0599,45.589,46.1181,46.6472,47.1763,47.7054
0.1606,54.1731,54.8552,55.5372,56.2192,56.9012,57.5833
0.1608,63.0558,63.8755,64.6952,65.5149,66.3346,67.1543
0.161,71.6696,72.6086,73.5475,74.4865,75.4255,76.3645
0.1612,79.9776,81.015,82.0524,83.0898,84.1272,85.1645
0.1614,87.9452,89.0583,90.1713,91.2844,92.3974,93.5105
0.1616,95.5398,96.7046,97.8695,99.0343,100.1992,101.364
0.1618,102.7311,103.9234,105.1156,106.3079,107.5002,108.6924
0.162,109.4911,110.6866,111.8822,113.0777,114.2733,115.4688
0.1622,115.7942,116.9697,118.1451,119.3206,120.4961,121.6716
0.1624,121.6172,122.7506,123.884,125.0175,126.1509,127.2843
0.1626,126.9393,128.0104,129.0816,130.1527,131.2239,132.295
0.1628,131.742,132.7327,133.7235,134.7143,135.7051,136.6959
0.163,136.0091,136.9038,137.7985,138.6933,139.588,140.4827
0.1632,139.7267,140.5123,141.2979,142.0834,142.869,143.6546
0.1634,142.8831,143.5491,144.2151,144.8811,145.5471,146.2131
0.1636,145.4689,146.0075,146.5462,147.0848,147.6234,148.1621
0.1638,147.4765,147.8827,148.2889,148.6952,149.1014,149.5076
0.164,148.9009,149.1721,149.4433,149.7146,149.9858,150.257
0.1642,149.7389,149.875,150.0111,150.1471,150.2832,150.4193
0.1644,149.9894,149.9925,149.9955,149.9986,150.0016,150.0047
0.1646,149.6536,149.5277,149.4019,149.276,149.1502,149.0244
0.1648,148.7344,148.4856,148.2369,147.9882,147.7394,147.4907
0.165,147.237,146.873,146.5089,146.1449,145.7809,145.4168
0.1652,145.1686,144.6983,144.2279,143.7576,143.2873,142.817
0.1654,142.5384,141.9719,141.4054,140.839,140.2725,139.7061
0.1656,139.3574,138.7059,138.0545,137.403,136.7515,136.1001
0.1658,135.6388,134.9142,134.1896,133.465,132.7404,132.0158
0.166,131.3977,130.6123,129.827,129.0417,128.2563,127.471
0.1662,126.6508,125.8175,124.9842,124.1509,123.3176,122.4843
0.1664,121.4169,120.5485,119.6802,118.8119,117.9435,117.0752
0.1666,115.7164,114.826,113.9356,113.0451,112.1547,111.2643
0.1668,109.5716,108.6719,107.7721,106.8724,105.9726,105.0729
0.167,103.0063,102.1097,101.2132,100.3166,99.42,98.5235
0.1672,96.0458,95.1645,94.2832,93.4019,92.5206,91.6392
0.1674,88.717,87.8625,87.008,86.1534,85.2989,84.4444
0.1676,81.0481,80.2313,79.4144,78.5976,77.7808,76.9639
0.1678,73.0685,72.2996,71.5306,70.7616,69.9926,69.2237
0.168,64.809,64.0972,63.3855,62.6737,61.9619,61.2502
0.1682,56.3012,55.6551,55.009,54.3629,53.7168,53.0707
0.1684,47.5779,47.005,46.4321,45.8592,45.2862,44.7133
0.1686,38.6724,38.1792,37.686,37.1928,36.6996,36.2064
0.1688,29.619,29.211,28.803,28.395,27.987,27.579
0.169,20.4525,20.1341,19.8157,19.4973,19.1789,18.8605
0.1692,11.208,10.9825,10.7571,10.5316,10.3061,10.0807
0.1694,1.921,1.7907,1.6604,1.5301,1.3998,1.2694
0.1696,-7.3728,-7.4068,-7.4409,-7.4749,-7.509,-7.5431
0.1698,-16.6376,-16.5754,-16.5133,-16.4511,-16.3889,-16.3267
0.17,-25.838,-25.6807,-25.5233,-25.366,-25.2087,-25.0514
0.1702,-34.9385,-34.6882,-34.4379,-34.1876,-33.9374,-33.6871
0.1704,-43.904,-43.5641,-43.2241,-42.8841,-42.5441,-42.2041
0.1706,-52.7002,-52.2748,-51.8494,-51.424,-50.9986,-50.5732
0.1708,-61.2932,-60.7876,-60.282,-59.7764,-59.2708,-58.7652
0.171,-69.6499,-69.0703,-68.4907,-67.9111,-67.3315,-66.7519
0.1712,-77.738,-77.0915,-76.445,-75.7985,-75.152,-74.5055
0.1714,-85.5265,-84.821,-84.1154,-83.4099,-82.7044,-81.9988
0.1716,-92.9852,-92.2293,-91.4734,-90.7175,-89.9616,-89.2057
0.1718,-100.0854,-99.2884,-98.4915,-97.6945,-96.8975,-96.1006
0.172,-106.7996,-105.9715,-105.1434,-104.3153,-103.4872,-102.6591
0.1722,-113.1019,-112.2531,-111.4043,-110.5555,-109.7067,-108.8579
0.1724,-118.9677,-118.1091,-117.2504,-116.3918,-115.5331,-114.6745
0.1726,-124.3744,-123.517,-122.6597,-121.8024,-120.945,-120.0877
0.1728,-129.3008,-128.4562,-127.6115,-126.7668,-125.9222,-125.0775
0.173,-133.7278,-132.9073,-132.0868,-131.2662,-130.4457,-129.6252
0.1732,-137.6379,-136.853,-136.068,-135.2831,-134.4981,-133.7132
0.1734,-141.0157,-140.2777,-139.5396,-138.8015,-138.0634,-137.3253
0.1736,-143.8478,-143.1676,-142.4874,-141.8072,-141.127,-140.4468
0.1738,-146.1227,-145.511,-144.8993,-144.2876,-143.6759,-143.0642
0.174,-147.8311,-147.2979,-146.7648,-146.2316,-145.6984,-145.1653
0.1742,-148.9657,-148.5205,-148.0752,-147.6299,-147.1847,-146.7394
0.1744,-149.5214,-149.1726,-148.8238,-148.4749,-148.1261,-147.7772
0.1746,-149.4952,-149.2504,-149.0055,-148.7606,-148.5157,-148.2709
0.1748,-148.8863,-148.7518,-148.6172,-148.4827,-148.3482,-148.2137
0.175,-147.6958,-147.6768,-147.6577,-147.6386,-147.6196,-147.6005
0.1752,-145.9272,-146.0273,-146.1274,-146.2274,-146.3275,-146.4276
0.1754,-143.5861,-143.8073,-144.0286,-144.2499,-144.4712,-144.6924
0.1756,-140.6798,-141.0227,-141.3655,-141.7084,-142.0512,-142.3941
0.1758,-137.2182,-137.6812,-138.1441,-138.607,-139.0699,-139.5329
0.176,-133.2129,-133.7925,-134.372,-134.9516,-135.5311,-136.1107
0.1762,-128.6776,-129.3683,-130.0589,-130.7496,-131.4402,-132.1309
0.1764,-123.6279,-124.422,-125.2162,-126.0103,-126.8044,-127.5985
0.1766,-118.0814,-118.9692,-119.857,-120.7448,-121.6326,-122.5204
0.1768,-112.0577,-113.0272,-113.9967,-114.9661,-115.9356,-116.9051
0.177,-105.5781,-106.6152,-107.6522,-108.6893,-109.7264,-110.7635
0.1772,-98.6658,-99.7544,-100.843,-101.9316,-103.0202,-104.1088
0.1774,-91.3461,-92.4682,-93.5904,-94.7126,-95.8348,-96.957
0.1776,-83.6457,-84.7819,-85.9182,-87.0544,-88.1907,-89.3269
0.1778,-75.5935,-76.723,-77.8525,-78.982,-80.1115,-81.241
0.178,-67.22,-68.321,-69.422,-70.5231,-71.6241,-72.7251
0.1782,-58.5575,-59.6079,-60.6583,-61.7087,-62.759,-63.8094
0.1784,-49.6401,-50.6178,-51.5954,-52.5731,-53.5507,-54.5284
0.1786,-40.5035,-41.387,-42.2705,-43.154,-44.0375,-44.9211
0.1788,-31.1848,-31.9541,-32.7233,-33.4926,-34.2619,-35.0312
0.179,-21.7229,-22.3597,-22.9965,-23.6333,-24.2701,-24.9069
0.1792,-12.1578,-12.6464,-13.1351,-13.6237,-14.1124,-14.601
0.1794,-2.5305,-2.8584,-3.1863,-3.5142,-3.8421,-4.17
0.1796,7.1171,6.9589,6.8008,6.6426,6.4845,6.3263
0.1798,16.7425,16.7591,16.7758,16.7924,16.809,16.8257
0.18,26.303,26.4953,26.6876,26.8799,27.0722,27.2645
0.1802,35.7561,36.1207,36.4852,36.8497,37.2143,37.5788
0.1804,45.0599,45.589,46.1181,46.6472,47.1763,47.7054
0.1806,54.1731,54.8552,55.5372,56.2192,56.9012,57.5833
0.1808,63.0558,63.8755,64.6952,65.5149,66.3346,67.1543
0.181,71.6696,72.6086,73.5475,74.4865,75.4255,76.3645
0.1812,79.9776,81.015,82.0524,83.0898,84.1272,85.1645
0.1814,87.9452,89.0583,90.1713,91.2844,92.3974,93.5105
0.1816,95.5398,96.7046,97.8695,99.0343,100.1992,101.364
0.1818,102.7311,103.9234,105.1156,106.3079,107.5002,108.6924
0.182,109.4911,110.6866,111.8822,113.0777,114.2733,115.4688
0.1822,115.7942,116.9697,118.1451,119.3206,120.4961,121.6716
0.1824,121.6172,122.7506,123.884,125.0175,126.1509,127.2843
0.1826,126.9393,128.0104,129.0816,130.1527,131.2239,132.295
0.1828,131.742,132.7327,133.7235,134.7143,135.7051,136.6959
0.183,136.0091,136.9038,137.7985,138.6933,139.588,140.4827
0.1832,139.7267,140.5123,141.2979,142.0834,142.869,143.6546
0.1834,142.8831,143.5491,144.2151,144.8811,145.5471,146.2131
0.1836,145.4689,146.0075,146.5462,147.0848,147.6234,148.1621
0.1838,147.4765,147.8827,148.2889,148.6952,149.1014,149.5076
0.184,148.9009,149.1721,149.4433,149.7146,149.9858,150.257
0.1842,149.7389,149.875,150.0111,150.1471,150.2832,150.4193
0.1844,149.9894,149.9925,149.9955,149.9986,150.0016,150.0047
0.1846,149.6536,149.5277,149.4019,149.276,149.1502,149.0244
0.1848,148.7344,148.4856,148.2369,147.9882,147.7394,147.4907
0.185,147.237,146.873,146.5089,146.1449,145.7809,145.4168
0.1852,145.1686,144.6983,144.2279,143.7576,143.2873,142.817
0.1854,142.5384,141.9719,141.4054,140.839,140.2725,139.7061
0.1856,139.3574,138.7059,138.0545,137.403,136.7515,136.1001
0.1858,135.6388,134.9142,134.1896,133.465,132.7404,132.0158
0.186,131.3977,130.6123,129.827,129.0417,128.2563,127.471
0.1862,126.6508,125.8175,124.9842,124.1509,123.3176,122.4843
0.1864,121.4169,120.5485,119.6802,118.8119,117.9435,117.0752
0.1866,115.7164,114.826,113.9356,113.0451,112.1547,111.2643
0.1868,109.5716,108.6719,107.7721,106.8724,105.9726,105.0729
0.187,103.0063,102.1097,101.2132,100.3166,99.42,98.5235
0.1872,96.0458,95.1645,94.2832,93.4019,92.5206,91.6392
0.1874,88.717,87.8625,87.008,86.1534,85.2989,84.4444
0.1876,81.0481,80.2313,79.4144,78.5976,77.7808,76.9639
0.1878,73.0685,72.2996,71.5306,70.7616,69.9926,69.2237
0.188,64.809,64.0972,63.3855,62.6737,61.9619,61.2502
0.1882,56.3012,55.6551,55.009,54.3629,53.7168,53.0707
0.1884,47.5779,47.005,46.4321,45.8592,45.2862,44.7133
0.1886,38.6724,38.1792,37.686,37.1928,36.6996,36.2064
0.1888,29.619,29.211,28.803,28.395,27.987,27.579
0.189,20.4525,20.1341,19.8157,19.4973,19.1789,18.8605
0.1892,11.208,10.9825,10.7571,10.5316,10.3061,10.0807
0.1894,1.921,1.7907,1.6604,1.5301,1.3998,1.2694
0.1896,-7.3728,-7.4068,-7.4409,-7.4749,-7.509,-7.5431
0.1898,-16.6376,-16.5754,-16.5133,-16.4511,-16.3889,-16.3267
0.19,-25.838,-25.6807,-25.5233,-25.366,-25.2087,-25.0514
0.1902,-34.9385,-34.6882,-34.4379,-34.1876,-33.9374,-33.6871
0.1904,-43.904,-43.5641,-43.2241,-42.8841,-42.5441,-42.2041
0.1906,-52.7002,-52.2748,-51.8494,-51.424,-50.9986,-50.5732
0.1908,-61.2932,-60.7876,-60.282,-59.7764,-59.2708,-58.7652
0.191,-69.6499,-69.0703,-68.4907,-67.9111,-67.3315,-66.7519
0.1912,-77.738,-77.0915,-76.445,-75.7985,-75.152,-74.5055
0.1914,-85.5265,-84.821,-84.1154,-83.4099,-82.7044,-81.9988
0.1916,-92.9852,-92.2293,-91.4734,-90.7175,-89.9616,-89.2057
0.1918,-100.0854,-99.2884,-98.4915,-97.6945,-96.8975,-96.1006
0.192,-106.7996,-105.9715,-105.1434,-104.3153,-103.4872,-102.6591
0.1922,-113.1019,-112.2531,-111.4043,-110.5555,-109.7067,-108.8579
0.1924,-118.9677,-118.1091,-117.2504,-116.3918,-115.5331,-114.6745
0.1926,-124.3744,-123.517,-122.6597,-121.8024,-120.945,-120.0877
0.1928,-129.3008,-128.4562,-127.6115,-126.7668,-125.9222,-125.0775
0.193,-133.7278,-132.9073,-132.0868,-131.2662,-130.4457,-129.6252
0.1932,-137.6379,-136.853,-136.068,-135.2831,-134.4981,-133.7132
0.1934,-141.0157,-140.2777,-139.5396,-138.8015,-138.0634,-137.3253
0.1936,-143.8478,-143.1676,-142.4874,-141.8072,-141.127,-140.4468
0.1938,-146.1227,-145.511,-144.8993,-144.2876,-143.6759,-143.0642
0.194,-147.8311,-147.2979,-146.7648,-146.2316,-145.6984,-145.1653
0.1942,-148.9657,-148.5205,-148.0752,-147.6299,-147.1847,-146.7394
0.1944,-149.5214,-149.1726,-148.8238,-148.4749,-148.1261,-147.7772
0.1946,-149.4952,-149.2504,-149.0055,-148.7606,-148.5157,-148.2709
0.1948,-148.8863,-148.7518,-148.6172,-148.4827,-148.3482,-148.2137
0.195,-147.6958,-147.6768,-147.6577,-147.6386,-147.6196,-147.6005
0.1952,-145.9272,-146.0273,-146.1274,-146.2274,-146.3275,-146.4276
0.1954,-143.5861,-143.8073,-144.0286,-144.2499,-144.4712,-144.6924
0.1956,-140.6798,-141.0227,-141.3655,-141.7084,-142.0512,-142.3941
0.1958,-137.2182,-137.6812,-138.1441,-138.607,-139.0699,-139.5329
0.196,-133.2129,-133.7925,-134.372,-134.9516,-135.5311,-136.1107
0.1962,-128.6776,-129.3683,-130.0589,-130.7496,-131.4402,-132.1309
0.1964,-123.6279,-124.422,-125.2162,-126.0103,-126.8044,-127.5985
0.1966,-118.0814,-118.9692,-119.857,-120.7448,-121.6326,-122.5204
0.1968,-112.0577,-113.0272,-113.9967,-114.9661,-115.9356,-116.9051
0.197,-105.5781,-106.6152,-107.6522,-108.6893,-109.7264,-110.7635
0.1972,-98.6658,-99.7544,-100.843,-101.9316,-103.0202,-104.1088
0.1974,-91.3461,-92.4682,-93.5904,-94.7126,-95.8348,-96.957
0.1976,-83.6457,-84.7819,-85.9182,-87.0544,-88.1907,-89.3269
0.1978,-75.5935,-76.723,-77.8525,-78.982,-80.1115,-81.241
0.198,-67.22,-68.321,-69.422,-70.5231,-71.6241,-72.7251
0.1982,-58.5575,-59.6079,-60.6583,-61.7087,-62.759,-63.8094
0.1984,-49.6401,-50.6178,-51.5954,-52.5731,-53.5507,-54.5284
0.1986,-40.5035,-41.387,-42.2705,-43.154,-44.0375,-44.9211
0.1988,-31.1848,-31.9541,-32.7233,-33.4926,-34.2619,-35.0312
0.199,-21.7229,-22.3597,-22.9965,-23.6333,-24.2701,-24.9069
0.1992,-12.1578,-12.6464,-13.1351,-13.6237,-14.1124,-14.601
0.1994,-2.5305,-2.8584,-3.1863,-3.5142,-3.8421,-4.17
0.1996,7.1171,6.9589,6.8008,6.6426,6.4845,6.3263
0.1998,16.7425,16.7591,16.7758,16.7924,16.809,16.8257
0.2,26.303,26.4953,26.6876,26.8799,27.0722,27.2645
0.2002,35.7561,36.1207,36.4852,36.8497,37.2143,37.5788
0.2004,45.0599,45.589,46.1181,46.6472,47.1763,47.7054
0.2006,54.1731,54.8552,55.5372,56.2192,56.9012,57.5833
0.2008,63.0558,63.8755,64.6952,65.5149,66.3346,67.1543
0.201,71.6696,72.6086,73.5475,74.4865,75.4255,76.3645
0.2012,79.9776,81.015,82.0524,83.0898,84.1272,85.1645
0.2014,87.9452,89.0583,90.1713,91.2844,92.3974,93.5105
0.2016,95.5398,96.7046,97.8695,99.0343,100.1992,101.364
0.2018,102.7311,103.9234,105.1156,106.3079,107.5002,108.6924
0.202,109.4911,110.6866,111.8822,113.0777,114.2733,115.4688
0.2022,115.7942,116.9697,118.1451,119.3206,120.4961,121.6716
0.2024,121.6172,122.7506,123.884,125.0175,126.1509,127.2843
0.2026,126.9393,128.0104,129.0816,130.1527,131.2239,132.295
0.2028,131.742,132.7327,133.7235,134.7143,135.7051,136.6959
0.203,136.0091,136.9038,137.7985,138.6933,139.588,140.4827
0.2032,139.7267,140.5123,141.2979,142.0834,142.869,143.6546
0.2034,142.8831,143.5491,144.2151,144.8811,145.5471,146.2131
0.2036,145.4689,146.0075,146.5462,147.0848,147.6234,148.1621
0.2038,147.4765,147.8827,148.2889,148.6952,149.1014,149.5076
0.204,148.9009,149.1721,149.4433,149.7146,149.9858,150.257
0.2042,149.7389,149.875,150.0111,150.1471,150.2832,150.4193
0.2044,149.9894,149.9925,149.9955,149.9986,150.0016,150.0047
0.2046,149.6536,149.5277,149.4019,149.276,149.1502,149.0244
0.2048,148.7344,148.4856,148.2369,147.9882,147.7394,147.4907
0.205,147.237,146.873,146.5089,146.1449,145.7809,145.4168
0.2052,145.1686,144.6983,144.2279,143.7576,143.2873,142.817
0.2054,142.5384,141.9719,141.4054,140.839,140.2725,139.7061
0.2056,139.3574,138.7059,138.0545,137.403,136.7515,136.1001
0.2058,135.6388,134.9142,134.1896,133.465,132.7404,132.0158
0.206,131.3977,130.6123,129.827,129.0417,128.2563,127.471
0.2062,126.6508,125.8175,124.9842,124.1509,123.3176,122.4843
0.2064,121.4169,120.5485,119.6802,118.8119,117.9435,117.0752
0.2066,115.7164,114.826,113.9356,113.0451,112.1547,111.2643
0.2068,109.5716,108.6719,107.7721,106.8724,105.9726,105.0729
0.207,103.0063,102.1097,101.2132,100.3166,99.42,98.5235
0.2072,96.0458,95.1645,94.2832,93.4019,92.5206,91.6392
0.2074,88.717,87.8625,87.008,86.1534,85.2989,84.4444
0.2076,81.0481,80.2313,79.4144,78.5976,77.7808,76.9639
0.2078,73.0685,72.2996,71.5306,70.7616,69.9926,69.2237
0.208,64.809,64.0972,63.3855,62.6737,61.9619,61.2502
0.2082,56.3012,55.6551,55.009,54.3629,53.7168,53.0707
0.2084,47.5779,47.005,46.4321,45.8592,45.2862,44.7133
0.2086,38.6724,38.1792,37.686,37.1928,36.6996,36.2064
0.2088,29.619,29.211,28.803,28.395,27.987,27.579
0.209,20.4525,20.1341,19.8157,19.4973,19.1789,18.8605
0.2092,11.208,10.9825,10.7571,10.5316,10.3061,10.0807
0.2094,1.921,1.7907,1.6604,1.5301,1.3998,1.2694
0.2096,-7.3728,-7.4068,-7.4409,-7.4749,-7.509,-7.5431
0.2098,-16.6376,-16.5754,-16.5133,-16.4511,-16.3889,-16.3267
0.21,-25.838,-25.6807,-25.5233,-25.366,-25.2087,-25.0514
0.2102,-34.9385,-34.6882,-34.4379,-34.1876,-33.9374,-33.6871
0.2104,-43.904,-43.5641,-43.2241,-42.8841,-42.5441,-42.2041
0.2106,-52.7002,-52.2748,-51.8494,-51.424,-50.9986,-50.5732
0.2108,-61.2932,-60.7876,-60.282,-59.7764,-59.2708,-58.7652
0.211,-69.6499,-69.0703,-68.4907,-67.9111,-67.3315,-66.7519
0.2112,-77.738,-77.0915,-76.445,-75.7985,-75.152,-74.5055
0.2114,-85.5265,-84.821,-84.1154,-83.4099,-82.7044,-81.9988
0.2116,-92.9852,-92.2293,-91.4734,-90.7175,-89.9616,-89.2057
0.2118,-100.0854,-99.2884,-98.4915,-97.6945,-96.8975,-96.1006
0.212,-106.7996,-105.9715,-105.1434,-104.3153,-103.4872,-102.6591
0.2122,-113.1019,-112.2531,-111.4043,-110.5555,-109.7067,-108.8579
0.2124,-118.9677,-118.1091,-117.2504,-116.3918,-115.5331,-114.6745
0.2126,-124.3744,-123.517,-122.6597,-121.8024,-120.945,-120.0877
0.2128,-129.3008,-128.4562,-127.6115,-126.7668,-125.9222,-125.0775
0.213,-133.7278,-132.9073,-132.0868,-131.2662,-130.4457,-129.6252
0.2132,-137.6379,-136.853,-136.068,-135.2831,-134.4981,-133.7132
0.2134,-141.0157,-140.2777,-139.5396,-138.8015,-138.0634,-137.3253
0.2136,-143.8478,-143.1676,-142.4874,-141.8072,-141.127,-140.4468
0.2138,-146.1227,-145.511,-144.8993,-144.2876,-143.6759,-143.0642
0.214,-147.8311,-147.2979,-146.7648,-146.2316,-145.6984,-145.1653
0.2142,-148.9657,-148.5205,-148.0752,-147.6299,-147.1847,-146.7394
0.2144,-149.5214,-149.1726,-148.8238,-148.4749,-148.1261,-147.7772
0.2146,-149.4952,-149.2504,-149.0055,-148.7606,-148.5157,-148.2709
0.2148,-148.8863,-148.7518,-148.6172,-148.4827,-148.3482,-148.2137
0.215,-147.6958,-147.6768,-147.6577,-147.6386,-147.6196,-147.6005
0.2152,-145.9272,-146.0273,-146.1274,-146.2274,-146.3275,-146.4276
0.2154,-143.5861,-143.8073,-144.0286,-144.2499,-144.4712,-144.6924
0.2156,-140.6798,-141.0227,-141.3655,-141.7084,-142.0512,-142.3941
0.2158,-137.2182,-137.6812,-138.1441,-138.607,-139.0699,-139.5329
0.216,-133.2129,-133.7925,-134.372,-134.9516,-135.5311,-136.1107
0.2162,-128.6776,-129.3683,-130.0589,-130.7496,-131.4402,-132.1309
0.2164,-123.6279,-124.422,-125.2162,-126.0103,-126.8044,-127.5985
0.2166,-118.0814,-118.9692,-119.857,-120.7448,-121.6326,-122.5204
0.2168,-112.0577,-113.0272,-113.9967,-114.9661,-115.9356,-116.9051
0.217,-105.5781,-106.6152,-107.6522,-108.6893,-109.7264,-110.7635
0.2172,-98.6658,-99.7544,-100.843,-101.9316,-103.0202,-104.1088
0.2174,-91.3461,-92.4682,-93.5904,-94.7126,-95.8348,-96.957
0.2176,-83.6457,-84.7819,-85.9182,-87.0544,-88.1907,-89.3269
0.2178,-75.5935,-76.723,-77.8525,-78.982,-80.1115,-81.241
0.218,-67.22,-68.321,-69.422,-70.5231,-71.6241,-72.7251
0.2182,-58.5575,-59.6079,-60.6583,-61.7087,-62.759,-63.8094
0.2184,-49.6401,-50.6178,-51.5954,-52.5731,-53.5507,-54.5284
0.2186,-40.5035,-41.387,-42.2705,-43.154,-44.0375,-44.9211
0.2188,-31.1848,-31.9541,-32.7233,-33.4926,-34.2619,-35.0312
0.219,-21.7229,-22.3597,-22.9965,-23.6333,-24.2701,-24.9069
0.2192,-12.1578,-12.6464,-13.1351,-13.6237,-14.1124,-14.601
0.2194,-2.5305,-2.8584,-3.1863,-3.5142,-3.8421,-4.17
0.2196,7.1171,6.9589,6.8008,6.6426,6.4845,6.3263
0.2198,16.7425,16.7591,16.7758,16.7924,16.809,16.8257
0.22,26.303,26.4953,26.6876,26.8799,27.0722,27.2645
0.2202,35.7561,36.1207,36.4852,36.8497,37.2143,37.5788
0.2204,45.0599,45.589,46.1181,46.6472,47.1763,47.7054
0.2206,54.1731,54.8552,55.5372,56.2192,56.9012,57.5833
0.2208,63.0558,63.8755,64.6952,65.5149,66.3346,67.1543
0.221,71.6696,72.6086,73.5475,74.4865,75.4255,76.3645
0.2212,79.9776,81.015,82.0524,83.0898,84.1272,85.1645
0.2214,87.9452,89.0583,90.1713,91.2844,92.3974,93.5105
0.2216,95.5398,96.7046,97.8695,99.0343,100.1992,101.364
0.2218,102.7311,103.9234,105.1156,106.3079,107.5002,108.6924
0.222,109.4911,110.6866,111.8822,113.0777,114.2733,115.4688
0.2222,115.7942,116.9697,118.1451,119.3206,120.4961,121.6716
0.2224,121.6172,122.7506,123.884,125.0175,126.1509,127.2843
0.2226,126.9393,128.0104,129.0816,130.1527,131.2239,132.295
0.2228,131.742,132.7327,133.7235,134.7143,135.7051,136.6959
0.223,136.0091,136.9038,137.7985,138.6933,139.588,140.4827
0.2232,139.7267,140.5123,141.2979,142.0834,142.869,143.6546
0.2234,142.8831,143.5491,144.2151,144.8811,145.5471,146.2131
0.2236,145.4689,146.0075,146.5462,147.0848,147.6234,148.1621
0.2238,147.4765,147.8827,148.2889,148.6952,149.1014,149.5076
0.224,148.9009,149.1721,149.4433,149.7146,149.9858,150.257
0.2242,149.7389,149.875,150.0111,150.1471,150.2832,150.4193
0.2244,149.9894,149.9925,149.9955,149.9986,150.0016,150.0047
0.2246,149.6536,149.5277,149.4019,149.276,149.1502,149.0244
0.2248,148.7344,148.4856,148.2369,147.9882,147.7394,147.4907
0.225,147.237,146.873,146.5089,146.1449,145.7809,145.4168
0.2252,145.1686,144.6983,144.2279,143.7576,143.2873,142.817
0.2254,142.5384,141.9719,141.4054,140.839,140.2725,139.7061
0.2256,139.3574,138.7059,138.0545,137.403,136.7515,136.1001
0.2258,135.6388,134.9142,134.1896,133.465,132.7404,132.0158
0.226,131.3977,130.6123,129.827,129.0417,128.2563,127.471
0.2262,126.6508,125.8175,124.9842,124.1509,123.3176,122.4843
0.2264,121.4169,120.5485,119.6802,118.8119,117.9435,117.0752
0.2266,115.7164,114.826,113.9356,113.0451,112.1547,111.2643
0.2268,109.5716,108.6719,107.7721,106.8724,105.9726,105.0729
0.227,103.0063,102.1097,101.2132,100.3166,99.42,98.5235
0.2272,96.0458,95.1645,94.2832,93.4019,92.5206,91.6392
0.2274,88.717,87.8625,87.008,86.1534,85.2989,84.4444
0.2276,81.0481,80.2313,79.4144,78.5976,77.7808,76.9639
0.2278,73.0685,72.2996,71.5306,70.7616,69.9926,69.2237
0.228,64.809,64.0972,63.3855,62.6737,61.9619,61.2502
0.2282,56.3012,55.6551,55.009,54.3629,53.7168,53.0707
0.2284,47.5779,47.005,46.4321,45.8592,45.2862,44.7133
0.2286,38.6724,38.1792,37.686,37.1928,36.6996,36.2064
0.2288,29.619,29.211,28.803,28.395,27.987,27.579
0.229,20.4525,20.1341,19.8157,19.4973,19.1789,18.8605
0.2292,11.208,10.9825,10.7571,10.5316,10.3061,10.0807
0.2294,1.921,1.7907,1.6604,1.5301,1.3998,1.2694
0.2296,-7.3728,-7.4068,-7.4409,-7.4749,-7.509,-7.5431
0.2298,-16.6376,-16.5754,-16.5133,-16.4511,-16.3889,-16.3267
0.23,-25.838,-25.6807,-25.5233,-25.366,-25.2087,-25.0514
0.2302,-34.9385,-34.6882,-34.4379,-34.1876,-33.9374,-33.6871
0.2304,-43.904,-43.5641,-43.2241,-42.8841,-42.5441,-42.2041
0.2306,-52.7002,-52.2748,-51.8494,-51.424,-50.9986,-50.5732
0.2308,-61.2932,-60.7876,-60.282,-59.7764,-59.2708,-58.7652
0.231,-69.6499,-69.0703,-68.4907,-67.9111,-67.3315,-66.7519
0.2312,-77.738,-77.0915,-76.445,-75.7985,-75.152,-74.5055
0.2314,-85.5265,-84.821,-84.1154,-83.4099,-82.7044,-81.9988
0.2316,-92.9852,-92.2293,-91.4734,-90.7175,-89.9616,-89.2057
0.2318,-100.0854,-99.2884,-98.4915,-97.6945,-96.8975,-96.1006
0.232,-106.7996,-105.9715,-105.1434,-104.3153,-103.4872,-102.6591
0.2322,-113.1019,-112.2531,-111.4043,-110.5555,-109.7067,-108.8579
0.2324,-118.9677,-118.1091,-117.2504,-116.3918,-115.5331,-114.6745
0.2326,-124.3744,-123.517,-122.6597,-121.8024,-120.945,-120.0877
0.2328,-129.3008,-128.4562,-127.6115,-126.7668,-125.9222,-125.0775
0.233,-133.7278,-132.9073,-132.0868,-131.2662,-130.4457,-129.6252
0.2332,-137.6379,-136.853,-136.068,-135.2831,-134.4981,-133.7132
0.2334,-141.0157,-140.2777,-139.5396,-138.8015,-138.0634,-137.3253
0.2336,-143.8478,-143.1676,-142.4874,-141.8072,-141.127,-140.4468
0.2338,-146.1227,-145.511,-144.8993,-144.2876,-143.6759,-143.0642
0.234,-147.8311,-147.2979,-146.7648,-146.2316,-145.6984,-145.1653
0.2342,-148.9657,-148.5205,-148.0752,-147.6299,-147.1847,-146.7394
0.2344,-149.5214,-149.1726,-148.8238,-148.4749,-148.1261,-147.7772
0.2346,-149.4952,-149.2504,-149.0055,-148.7606,-148.5157,-148.2709
0.2348,-148.8863,-148.7518,-148.6172,-148.4827,-148.3482,-148.2137
0.235,-147.6958,-147.6768,-147.6577,-147.6386,-147.6196,-147.6005
0.2352,-145.9272,-146.0273,-146.1274,-146.2274,-146.3275,-146.4276
0.2354,-143.5861,-143.8073,-144.0286,-144.2499,-144.4712,-144.6924
0.2356,-140.6798,-141.0227,-141.3655,-141.7084,-142.0512,-142.3941
0.2358,-137.2182,-137.6812,-138.1441,-138.607,-139.0699,-139.5329
0.236,-133.2129,-133.7925,-134.372,-134.9516,-135.5311,-136.1107
0.2362,-128.6776,-129.3683,-130.0589,-130.7496,-131.4402,-132.1309
0.2364,-123.6279,-124.422,-125.2162,-126.0103,-126.8044,-127.5985
0.2366,-118.0814,-118.9692,-119.857,-120.7448,-121.6326,-122.5204
0.2368,-112.0577,-113.0272,-113.9967,-114.9661,-115.9356,-116.9051
0.237,-105.5781,-106.6152,-107.6522,-108.6893,-109.7264,-110.7635
0.2372,-98.6658,-99.7544,-100.843,-101.9316,-103.0202,-104.1088
0.2374,-91.3461,-92.4682,-93.5904,-94.7126,-95.8348,-96.957
0.2376,-83.6457,-84.7819,-85.9182,-87.0544,-88.1907,-89.3269
0.2378,-75.5935,-76.723,-77.8525,-78.982,-80.1115,-81.241
0.238,-67.22,-68.321,-69.422,-70.5231,-71.6241,-72.7251
0.2382,-58.5575,-59.6079,-60.6583,-61.7087,-62.759,-63.8094
0.2384,-49.6401,-50.6178,-51.5954,-52.5731,-53.5507,-54.5284
0.2386,-40.5035,-41.387,-42.2705,-43.154,-44.0375,-44.9211
0.2388,-31.1848,-31.9541,-32.7233,-33.4926,-34.2619,-35.0312
0.239,-21.7229,-22.3597,-22.9965,-23.6333,-24.2701,-24.9069
0.2392,-12.1578,-12.6464,-13.1351,-13.6237,-14.1124,-14.601
0.2394,-2.5305,-2.8584,-3.1863,-3.5142,-3.8421,-4.17
0.2396,7.1171,6.9589,6.8008,6.6426,6.4845,6.3263
0.2398,16.7425,16.7591,16.7758,16.7924,16.809,16.8257
0.24,26.303,26.4953,26.6876,26.8799,27.0722,27.2645
0.2402,35.7561,36.1207,36.4852,36.8497,37.2143,37.5788
0.2404,45.0599,45.589,46.1181,46.6472,47.1763,47.7054
0.2406,54.1731,54.8552,55.5372,56.2192,56.9012,57.5833
0.2408,63.0558,63.8755,64.6952,65.5149,66.3346,67.1543
0.241,71.6696,72.6086,73.5475,74.4865,75.4255,76.3645
0.2412,79.9776,81.015,82.0524,83.0898,84.1272,85.1645
0.2414,87.9452,89.0583,90.1713,91.2844,92.3974,93.5105
0.2416,95.5398,96.7046,97.8695,99.0343,100.1992,101.364
0.2418,102.7311,103.9234,105.1156,106.3079,107.5002,108.6924
0.242,109.4911,110.6866,111.8822,113.0777,114.2733,115.4688
0.2422,115.7942,116.9697,118.1451,119.3206,120.4961,121.6716
0.2424,121.6172,122.7506,123.884,125.0175,126.1509,127.2843
0.2426,126.9393,128.0104,129.0816,130.1527,131.2239,132.295
0.2428,131.742,132.7327,133.7235,134.7143,135.7051,136.6959
0.243,136.0091,136.9038,137.7985,138.6933,139.588,140.4827
0.2432,139.7267,140.5123,141.2979,142.0834,142.869,143.6546
0.2434,142.8831,143.5491,144.2151,144.8811,145.5471,146.2131
0.2436,145.4689,146.0075,146.5462,147.0848,147.6234,148.1621
0.2438,147.4765,147.8827,148.2889,148.6952,149.1014,149.5076
0.244,148.9009,149.1721,149.4433,149.7146,149.9858,150.257
0.2442,149.7389,149.875,150.0111,150.1471,150.2832,150.4193
0.2444,149.9894,149.9925,149.9955,149.9986,150.0016,150.0047
0.2446,149.6536,149.5277,149.4019,149.276,149.1502,149.0244
0.2448,148.7344,148.4856,148.2369,147.9882,147.7394,147.4907
0.245,147.237,146.873,146.5089,146.1449,145.7809,145.4168
0.2452,145.1686,144.6983,144.2279,143.7576,143.2873,142.817
0.2454,142.5384,141.9719,141.4054,140.839,140.2725,139.7061
0.2456,139.3574,138.7059,138.0545,137.403,136.7515,136.1001
0.2458,135.6388,134.9142,134.1896,133.465,132.7404,132.0158
0.246,131.3977,130.6123,129.827,129.0417,128.2563,127.471
0.2462,126.6508,125.8175,124.9842,124.1509,123.3176,122.4843
0.2464,121.4169,120.5485,119.6802,118.8119,117.9435,117.0752
0.2466,115.7164,114.826,113.9356,113.0451,112.1547,111.2643
0.2468,109.5716,108.6719,107.7721,106.8724,105.9726,105.0729
0.247,103.0063,102.1097,101.2132,100.3166,99.42,98.5235
0.2472,96.0458,95.1645,94.2832,93.4019,92.5206,91.6392
0.2474,88.717,87.8625,87.008,86.1534,85.2989,84.4444
0.2476,81.0481,80.2313,79.4144,78.5976,77.7808,76.9639
0.2478,73.0685,72.2996,71.5306,70.7616,69.9926,69.2237
0.248,64.809,64.0972,63.3855,62.6737,61.9619,61.2502
0.2482,56.3012,55.6551,55.009,54.3629,53.7168,53.0707
0.2484,47.5779,47.005,46.4321,45.8592,45.2862,44.7133
0.2486,38.6724,38.1792,37.686,37.1928,36.6996,36.2064
0.2488,29.619,29.211,28.803,28.395,27.987,27.579
0.249,20.4525,20.1341,19.8157,19.4973,19.1789,18.8605
0.2492,11.208,10.9825,10.7571,10.5316,10.3061,10.0807
0.2494,1.921,1.7907,1.6604,1.5301,1.3998,1.2694
0.2496,-7.3728,-7.4068,-7.4409,-7.4749,-7.509,-7.5431
0.2498,-16.6376,-16.5754,-16.5133,-16.4511,-16.3889,-16.3267
0.25,-25.838,-25.6807,-25.5233,-25.366,-25.2087,-25.0514
0.2502,-34.9385,-34.6882,-34.4379,-34.1876,-33.9374,-33.6871
0.2504,-43.904,-43.5641,-43.2241,-42.8841,-42.5441,-42.2041
0.2506,-52.7002,-52.2748,-51.8494,-51.424,-50.9986,-50.5732
0.2508,-61.2932,-60.7876,-60.282,-59.7764,-59.2708,-58.7652
0.251,-69.6499,-69.0703,-68.4907,-67.9111,-67.3315,-66.7519
0.2512,-77.738,-77.0915,-76.445,-75.7985,-75.152,-74.5055
0.2514,-85.5265,-84.821,-84.1154,-83.4099,-82.7044,-81.9988
0.2516,-92.9852,-92.2293,-91.4734,-90.7175,-89.9616,-89.2057
0.2518,-100.0854,-99.2884,-98.4915,-97.6945,-96.8975,-96.1006
0.252,-106.7996,-105.9715,-105.1434,-104.3153,-103.4872,-102.6591
0.2522,-113.1019,-112.2531,-111.4043,-110.5555,-109.7067,-108.8579
0.2524,-118.9677,-118.1091,-117.2504,-116.3918,-115.5331,-114.6745
0.2526,-124.3744,-123.517,-122.6597,-121.8024,-120.945,-120.0877
0.2528,-129.3008,-128.4562,-127.6115,-126.7668,-125.9222,-125.0775
0.253,-133.7278,-132.9073,-132.0868,-131.2662,-130.4457,-129.6252
0.2532,-137.6379,-136.853,-136.068,-135.2831,-134.4981,-133.7132
0.2534,-141.0157,-140.2777,-139.5396,-138.8015,-138.0634,-137.3253
0.2536,-143.8478,-143.1676,-142.4874,-141.8072,-141.127,-140.4468
0.2538,-146.1227,-145.511,-144.8993,-144.2876,-143.6759,-143.0642
0.254,-147.8311,-147.2979,-146.7648,-146.2316,-145.6984,-145.1653
0.2542,-148.9657,-148.5205,-148.0752,-147.6299,-147.1847,-146.7394
0.2544,-149.5214,-149.1726,-148.8238,-148.4749,-148.1261,-147.7772
0.2546,-149.4952,-149.2504,-149.0055,-148.7606,-148.5157,-148.2709
0.2548,-148.8863,-148.7518,-148.6172,-148.4827,-148.3482,-148.2137
0.255,-147.6958,-147.6768,-147.6577,-147.6386,-147.6196,-147.6005
0.2552,-145.9272,-146.0273,-146.1274,-146.2274,-146.3275,-146.4276
0.2554,-143.5861,-143.8073,-144.0286,-144.2499,-144.4712,-144.6924
0.2556,-140.6798,-141.0227,-141.3655,-141.7084,-142.0512,-142.3941
0.2558,-137.2182,-137.6812,-138.1441,-138.607,-139.0699,-139.5329
0.256,-133.2129,-133.7925,-134.372,-134.9516,-135.5311,-136.1107
0.2562,-128.6776,-129.3683,-130.0589,-130.7496,-131.4402,-132.1309
0.2564,-123.6279,-124.422,-125.2162,-126.0103,-126.8044,-127.5985
0.2566,-118.0814,-118.9692,-119.857,-120.7448,-121.6326,-122.5204
0.2568,-112.0577,-113.0272,-113.9967,-114.9661,-115.9356,-116.9051
0.257,-105.5781,-106.6152,-107.6522,-108.6893,-109.7264,-110.7635
0.2572,-98.6658,-99.7544,-100.843,-101.9316,-103.0202,-104.1088
0.2574,-91.3461,-92.4682,-93.5904,-94.7126,-95.8348,-96.957
0.2576,-83.6457,-84.7819,-85.9182,-87.0544,-88.1907,-89.3269
0.2578,-75.5935,-76.723,-77.8525,-78.982,-80.1115,-81.241
0.258,-67.22,-68.321,-69.422,-70.5231,-71.6241,-72.7251
0.2582,-58.5575,-59.6079,-60.6583,-61.7087,-62.759,-63.8094
0.2584,-49.6401,-50.6178,-51.5954,-52.5731,-53.5507,-54.5284
0.2586,-40.5035,-41.387,-42.2705,-43.154,-44.0375,-44.9211
0.2588,-31.1848,-31.9541,-32.7233,-33.4926,-34.2619,-35.0312
0.259,-21.7229,-22.3597,-22.9965,-23.6333,-24.2701,-24.9069
0.2592,-12.1578,-12.6464,-13.1351,-13.6237,-14.1124,-14.601
0.2594,-2.5305,-2.8584,-3.1863,-3.5142,-3.8421,-4.17
0.2596,7.1171,6.9589,6.8008,6.6426,6.4845,6.3263
0.2598,16.7425,16.7591,16.7758,16.7924,16.809,16.8257
0.26,26.303,26.4953,26.6876,26.8799,27.0722,27.2645
0.2602,35.7561,36.1207,36.4852,36.8497,37.2143,37.5788
0.2604,45.0599,45.589,46.1181,46.6472,47.1763,47.7054
0.2606,54.1731,54.8552,55.5372,56.2192,56.9012,57.5833
0.2608,63.0558,63.8755,64.6952,65.5149,66.3346,67.1543
0.261,71.6696,72.6086,73.5475,74.4865,75.4255,76.3645
0.2612,79.9776,81.015,82.0524,83.0898,84.1272,85.1645
0.2614,87.9452,89.0583,90.1713,91.2844,92.3974,93.5105
0.2616,95.5398,96.7046,97.8695,99.0343,100.1992,101.364
0.2618,102.7311,103.9234,105.1156,106.3079,107.5002,108.6924
0.262,109.4911,110.6866,111.8822,113.0777,114.2733,115.4688
0.2622,115.7942,116.9697,118.1451,119.3206,120.4961,121.6716
0.2624,121.6172,122.7506,123.884,125.0175,126.1509,127.2843
0.2626,126.9393,128.0104,129.0816,130.1527,131.2239,132.295
0.2628,131.742,132.7327,133.7235,134.7143,135.7051,136.6959
0.263,136.0091,136.9038,137.7985,138.6933,139.588,140.4827
0.2632,139.7267,140.5123,141.2979,142.0834,142.869,143.6546
0.2634,142.8831,143.5491,144.2151,144.8811,145.5471,146.2131
0.2636,145.4689,146.0075,146.5462,147.0848,147.6234,148.1621
0.2638,147.4765,147.8827,148.2889,148.6952,149.1014,149.5076
0.264,148.9009,149.1721,149.4433,149.7146,149.9858,150.257
0.2642,149.7389,149.875,150.0111,150.1471,150.2832,150.4193
0.2644,149.9894,149.9925,149.9955,149.9986,150.0016,150.0047
0.2646,149.6536,149.5277,149.4019,149.276,149.1502,149.0244
0.2648,148.7344,148.4856,148.2369,147.9882,147.7394,147.4907
0.265,147.237,146.873,146.5089,146.1449,145.7809,145.4168
0.2652,145.1686,144.6983,144.2279,143.7576,143.2873,142.817
0.2654,142.5384,141.9719,141.4054,140.839,140.2725,139.7061
0.2656,139.3574,138.7059,138.0545,137.403,136.7515,136.1001
0.2658,135.6388,134.9142,134.1896,133.465,132.7404,132.0158
0.266,131.3977,130.6123,129.827,129.0417,128.2563,127.471
0.2662,126.6508,125.8175,124.9842,124.1509,123.3176,122.4843
0.2664,121.4169,120.5485,119.6802,118.8119,117.9435,117.0752
0.2666,115.7164,114.826,113.9356,113.0451,112.1547,111.2643
0.2668,109.5716,108.6719,107.7721,106.8724,105.9726,105.0729
0.267,103.0063,102.1097,101.2132,100.3166,99.42,98.5235
0.2672,96.0458,95.1645,94.2832,93.4019,92.5206,91.6392
0.2674,88.717,87.8625,87.008,86.1534,85.2989,84.4444
0.2676,81.0481,80.2313,79.4144,78.5976,77.7808,76.9639
0.2678,73.0685,72.2996,71.5306,70.7616,69.9926,69.2237
0.268,64.809,64.0972,63.3855,62.6737,61.9619,61.2502
0.2682,56.3012,55.6551,55.009,54.3629,53.7168,53.0707
0.2684,47.5779,47.005,46.4321,45.8592,45.2862,44.7133
0.2686,38.6724,38.1792,37.686,37.1928,36.6996,36.2064
0.2688,29.619,29.211,28.803,28.395,27.987,27.579
0.269,20.4525,20.1341,19.8157,19.4973,19.1789,18.8605
0.2692,11.208,10.9825,10.7571,10.5316,10.3061,10.0807
0.2694,1.921,1.7907,1.6604,1.5301,1.3998,1.2694
0.2696,-7.3728,-7.4068,-7.4409,-7.4749,-7.509,-7.5431
0.2698,-16.6376,-16.5754,-16.5133,-16.4511,-16.3889,-16.3267
0.27,-25.838,-25.6807,-25.5233,-25.366,-25.2087,-25.0514
0.2702,-34.9385,-34.6882,-34.4379,-34.1876,-33.9374,-33.6871
0.2704,-43.904,-43.5641,-43.2241,-42.8841,-42.5441,-42.2041
0.2706,-52.7002,-52.2748,-51.8494,-51.424,-50.9986,-50.5732
0.2708,-61.2932,-60.7876,-60.282,-59.7764,-59.2708,-58.7652
0.271,-69.6499,-69.0703,-68.4907,-67.9111,-67.3315,-66.7519
0.2712,-77.738,-77.0915,-76.445,-75.7985,-75.152,-74.5055
0.2714,-85.5265,-84.821,-84.1154,-83.4099,-82.7044,-81.9988
0.2716,-92.9852,-92.2293,-91.4734,-90.7175,-89.9616,-89.2057
0.2718,-100.0854,-99.2884,-98.4915,-97.6945,-96.8975,-96.1006
0.272,-106.7996,-105.9715,-105.1434,-104.3153,-103.4872,-102.6591
0.2722,-113.1019,-112.2531,-111.4043,-110.5555,-109.7067,-108.8579
0.2724,-118.9677,-118.1091,-117.2504,-116.3918,-115.5331,-114.6745
0.2726,-124.3744,-123.517,-122.6597,-121.8024,-120.945,-120.0877
0.2728,-129.3008,-128.4562,-127.6115,-126.7668,-125.9222,-125.0775
0.273,-133.7278,-132.9073,-132.0868,-131.2662,-130.4457,-129.6252
0.2732,-137.6379,-136.853,-136.068,-135.2831,-134.4981,-133.7132
0.2734,-141.0157,-140.2777,-139.5396,-138.8015,-138.0634,-137.3253
0.2736,-143.8478,-143.1676,-142.4874,-141.8072,-141.127,-140.4468
0.2738,-146.1227,-145.511,-144.8993,-144.2876,-143.6759,-143.0642
0.274,-147.8311,-147.2979,-146.7648,-146.2316,-145.6984,-145.1653
0.2742,-148.9657,-148.5205,-148.0752,-147.6299,-147.1847,-146.7394
0.2744,-149.5214,-149.1726,-148.8238,-148.4749,-148.1261,-147.7772
0.2746,-149.4952,-149.2504,-149.0055,-148.7606,-148.5157,-148.2709
0.2748,-148.8863,-148.7518,-148.6172,-148.4827,-148.3482,-148.2137
0.275,-147.6958,-147.6768,-147.6577,-147.6386,-147.6196,-147.6005
0.2752,-145.9272,-146.0273,-146.1274,-146.2274,-146.3275,-146.4276
0.2754,-143.5861,-143.8073,-144.0286,-144.2499,-144.4712,-144.6924
0.2756,-140.6798,-141.0227,-141.3655,-141.7084,-142.0512,-142.3941
0.2758,-137.2182,-137.6812,-138.1441,-138.607,-139.0699,-139.5329
0.276,-133.2129,-133.7925,-134.372,-134.9516,-135.5311,-136.1107
0.2762,-128.6776,-129.3683,-130.0589,-130.7496,-131.4402,-132.1309
0.2764,-123.6279,-124.422,-125.2162,-126.0103,-126.8044,-127.5985
0.2766,-118.0814,-118.9692,-119.857,-120.7448,-121.6326,-122.5204
0.2768,-112.0577,-113.0272,-113.9967,-114.9661,-115.9356,-116.9051
0.277,-105.5781,-106.6152,-107.6522,-108.6893,-109.7264,-110.7635
0.2772,-98.6658,-99.7544,-100.843,-101.9316,-103.0202,-104.1088
0.2774,-91.3461,-92.4682,-93.5904,-94.7126,-95.8348,-96.957
0.2776,-83.6457,-84.7819,-85.9182,-87.0544,-88.1907,-89.3269
0.2778,-75.5935,-76.723,-77.8525,-78.982,-80.1115,-81.241
0.278,-67.22,-68.321,-69.422,-70.5231,-71.6241,-72.7251
0.2782,-58.5575,-59.6079,-60.6583,-61.7087,-62.759,-63.8094
0.2784,-49.6401,-50.6178,-51.5954,-52.5731,-53.5507,-54.5284
0.2786,-40.5035,-41.387,-42.2705,-43.154,-44.0375,-44.9211
0.2788,-31.1848,-31.9541,-32.7233,-33.4926,-34.2619,-35.0312
0.279,-21.7229,-22.3597,-22.9965,-23.6333,-24.2701,-24.9069
0.2792,-12.1578,-12.6464,-13.1351,-13.6237,-14.1124,-14.601
0.2794,-2.5305,-2.8584,-3.1863,-3.5142,-3.8421,-4.17
0.2796,7.1171,6.9589,6.8008,6.6426,6.4845,6.3263
0.2798,16.7425,16.7591,16.7758,16.7924,16.809,16.8257
0.28,26.303,26.4953,26.6876,26.8799,27.0722,27.2645
0.2802,35.7561,36.1207,36.4852,36.8497,37.2143,37.5788
0.2804,45.0599,45.589,46.1181,46.6472,47.1763,47.7054
0.2806,54.1731,54.8552,55.5372,56.2192,56.9012,57.5833
0.2808,63.0558,63.8755,64.6952,65.5149,66.3346,67.1543
0.281,71.6696,72.6086,73.5475,74.4865,75.4255,76.3645
0.2812,79.9776,81.015,82.0524,83.0898,84.1272,85.1645
0.2814,87.9452,89.0583,90.1713,91.2844,92.3974,93.5105
0.2816,95.5398,96.7046,97.8695,99.0343,100.1992,101.364
0.2818,102.7311,103.9234,105.1156,106.3079,107.5002,108.6924
0.282,109.4911,110.6866,111.8822,113.0777,114.2733,115.4688
0.2822,115.7942,116.9697,118.1451,119.3206,120.4961,121.6716
0.2824,121.6172,122.7506,123.884,125.0175,126.1509,127.2843
0.2826,126.9393,128.0104,129.0816,130.1527,131.2239,132.295
0.2828,131.742,132.7327,133.7235,134.7143,135.7051,136.6959
0.283,136.0091,136.9038,137.7985,138.6933,139.588,140.4827
0.2832,139.7267,140.5123,141.2979,142.0834,142.869,143.6546
0.2834,142.8831,143.5491,144.2151,144.8811,145.5471,146.2131
0.2836,145.4689,146.0075,146.5462,147.0848,147.6234,148.1621
0.2838,147.4765,147.8827,148.2889,148.6952,149.1014,149.5076
0.284,148.9009,149.1721,149.4433,149.7146,149.9858,150.257
0.2842,149.7389,149.875,150.0111,150.1471,150.2832,150.4193
0.2844,149.9894,149.9925,149.9955,149.9986,150.0016,150.0047
0.2846,149.6536,149.5277,149.4019,149.276,149.1502,149.0244
0.2848,148.7344,148.4856,148.2369,147.9882,147.7394,147.4907
0.285,147.237,146.873,146.5089,146.1449,145.7809,145.4168
0.2852,145.1686,144.6983,144.2279,143.7576,143.2873,142.817
0.2854,142.5384,141.9719,141.4054,140.839,140.2725,139.7061
0.2856,139.3574,138.7059,138.0545,137.403,136.7515,136.1001
0.2858,135.6388,134.9142,134.1896,133.465,132.7404,132.0158
0.286,131.3977,130.6123,129.827,129.0417,128.2563,127.471
0.2862,126.6508,125.8175,124.9842,124.1509,123.3176,122.4843
0.2864,121.4169,120.5485,119.6802,118.8119,117.9435,117.0752
0.2866,115.7164,114.826,113.9356,113.0451,112.1547,111.2643
0.2868,109.5716,108.6719,107.7721,106.8724,105.9726,105.0729
0.287,103.0063,102.1097,101.2132,100.3166,99.42,98.5235
0.2872,96.0458,95.1645,94.2832,93.4019,92.5206,91.6392
0.2874,88.717,87.8625,87.008,86.1534,85.2989,84.4444
0.2876,81.0481,80.2313,79.4144,78.5976,77.7808,76.9639
0.2878,73.0685,72.2996,71.5306,70.7616,69.9926,69.2237
0.288,64.809,64.0972,63.3855,62.6737,61.9619,61.2502
0.2882,56.3012,55.6551,55.009,54.3629,53.7168,53.0707
0.2884,47.5779,47.005,46.4321,45.8592,45.2862,44.7133
0.2886,38.6724,38.1792,37.686,37.1928,36.6996,36.2064
0.2888,29.619,29.211,28.803,28.395,27.987,27.579
0.289,20.4525,20.1341,19.8157,19.4973,19.1789,18.8605
0.2892,11.208,10.9825,10.7571,10.5316,10.3061,10.0807
0.2894,1.921,1.7907,1.6604,1.5301,1.3998,1.2694
0.2896,-7.3728,-7.4068,-7.4409,-7.4749,-7.509,-7.5431
0.2898,-16.6376,-16.5754,-16.5133,-16.4511,-16.3889,-16.3267
0.29,-25.838,-25.6807,-25.5233,-25.366,-25.2087,-25.0514
0.2902,-34.9385,-34.6882,-34.4379,-34.1876,-33.9374,-33.6871
0.2904,-43.904,-43.5641,-43.2241,-42.8841,-42.5441,-42.2041
0.2906,-52.7002,-52.2748,-51.8494,-51.424,-50.9986,-50.5732
0.2908,-61.2932,-60.7876,-60.282,-59.7764,-59.2708,-58.7652
0.291,-69.6499,-69.0703,-68.4907,-67.9111,-67.3315,-66.7519
0.2912,-77.738,-77.0915,-76.445,-75.7985,-75.152,-74.5055
0.2914,-85.5265,-84.821,-84.1154,-83.4099,-82.7044,-81.9988
0.2916,-92.9852,-92.2293,-91.4734,-90.7175,-89.9616,-89.2057
0.2918,-100.0854,-99.2884,-98.4915,-97.6945,-96.8975,-96.1006
0.292,-106.7996,-105.9715,-105.1434,-104.3153,-103.4872,-102.6591
0.2922,-113.1019,-112.2531,-111.4043,-110.5555,-109.7067,-108.8579
0.2924,-118.9677,-118.1091,-117.2504,-116.3918,-115.5331,-114.6745
0.2926,-124.3744,-123.517,-122.6597,-121.8024,-120.945,-120.0877
0.2928,-129.3008,-128.4562,-127.6115,-126.7668,-125.9222,-125.0775
0.293,-133.7278,-132.9073,-132.0868,-131.2662,-130.4457,-129.6252
0.2932,-137.6379,-136.853,-136.068,-135.2831,-134.4981,-133.7132
0.2934,-141.0157,-140.2777,-139.5396,-138.8015,-138.0634,-137.3253
0.2936,-143.8478,-143.1676,-142.4874,-141.8072,-141.127,-140.4468
0.2938,-146.1227,-145.511,-144.8993,-144.2876,-143.6759,-143.0642
0.294,-147.8311,-147.2979,-146.7648,-146.2316,-145.6984,-145.1653
0.2942,-148.9657,-148.5205,-148.0752,-147.6299,-147.1847,-146.7394
0.2944,-149.5214,-149.1726,-148.8238,-148.4749,-148.1261,-147.7772
0.2946,-149.4952,-149.2504,-149.0055,-148.7606,-148.5157,-148.2709
0.2948,-148.8863,-148.7518,-148.6172,-148.4827,-148.3482,-148.2137
0.295,-147.6958,-147.6768,-147.6577,-147.6386,-147.6196,-147.6005
0.2952,-145.9272,-146.0273,-146.1274,-146.2274,-146.3275,-146.4276
0.2954,-143.5861,-143.8073,-144.0286,-144.2499,-144.4712,-144.6924
0.2956,-140.6798,-141.0227,-141.3655,-141.7084,-142.0512,-142.3941
0.2958,-137.2182,-137.6812,-138.1441,-138.607,-139.0699,-139.5329
0.296,-133.2129,-133.7925,-134.372,-134.9516,-135.5311,-136.1107
0.2962,-128.6776,-129.3683,-130.0589,-130.7496,-131.4402,-132.1309
0.2964,-123.6279,-124.422,-125.2162,-126.0103,-126.8044,-127.5985
0.2966,-118.0814,-118.9692,-119.857,-120.7448,-121.6326,-122.5204
0.2968,-112.0577,-113.0272,-113.9967,-114.9661,-115.9356,-116.9051
0.297,-105.5781,-106.6152,-107.6522,-108.6893,-109.7264,-110.7635
0.2972,-98.6658,-99.7544,-100.843,-101.9316,-103.0202,-104.1088
0.2974,-91.3461,-92.4682,-93.5904,-94.7126,-95.8348,-96.957
0.2976,-83.6457,-84.7819,-85.9182,-87.0544,-88.1907,-89.3269
0.2978,-75.5935,-76.723,-77.8525,-78.982,-80.1115,-81.241
0.298,-67.22,-68.321,-69.422,-70.5231,-71.6241,-72.7251
0.2982,-58.5575,-59.6079,-60.6583,-61.7087,-62.759,-63.8094
0.2984,-49.6401,-50.6178,-51.5954,-52.5731,-53.5507,-54.5284
0.2986,-40.5035,-41.387,-42.2705,-43.154,-44.0375,-44.9211
0.2988,-31.1848,-31.9541,-32.7233,-33.4926,-34.2619,-35.0312
0.299,-21.7229,-22.3597,-22.9965,-23.6333,-24.2701,-24.9069
0.2992,-12.1578,-12.6464,-13.1351,-13.6237,-14.1124,-14.601
0.2994,-2.5305,-2.8584,-3.1863,-3.5142,-3.8421,-4.17
0.2996,7.1171,6.9589,6.8008,6.6426,6.4845,6.3263
0.2998,16.7425,16.7591,16.7758,16.7924,16.809,16.8257
0.3,26.303,26.4953,26.6876,26.8799,27.0722,27.2645
